# Blender 5.1.1
# www.blender.org
mtllib simple_frog.mtl
o Icosphere
v -0.120000 0.399479 1.193644
v -0.061646 0.444057 1.236040
v -0.142289 0.444057 1.262243
v -0.192129 0.444058 1.193644
v -0.142289 0.444057 1.125045
v -0.061646 0.444057 1.151248
v -0.097711 0.516188 1.262243
v -0.178354 0.516188 1.236040
v -0.178354 0.516188 1.151248
v -0.097711 0.516188 1.125045
v -0.047871 0.516187 1.193644
v -0.120000 0.560766 1.193644
v -0.138775 0.427098 1.251430
v -0.133101 0.411523 1.233965
v -0.126258 0.402064 1.212906
v -0.103615 0.402064 1.205548
v -0.085701 0.411523 1.218564
v -0.070844 0.427098 1.229357
v -0.077103 0.439615 1.248619
v -0.098801 0.437725 1.258885
v -0.122390 0.439615 1.263335
v -0.054459 0.439615 1.169835
v -0.051401 0.437726 1.193644
v -0.054459 0.439615 1.217453
v -0.103615 0.402064 1.181740
v -0.085701 0.411523 1.168724
v -0.070844 0.427098 1.157931
v -0.180760 0.427098 1.193644
v -0.162397 0.411523 1.193644
v -0.140253 0.402064 1.193644
v -0.159029 0.439615 1.251430
v -0.175498 0.437726 1.233965
v -0.187019 0.439616 1.212906
v -0.138775 0.427098 1.135858
v -0.133101 0.411523 1.153323
v -0.126258 0.402064 1.174382
v -0.187019 0.439616 1.174382
v -0.175498 0.437726 1.153323
v -0.159029 0.439615 1.135858
v -0.122390 0.439615 1.123954
v -0.098801 0.437725 1.128403
v -0.077103 0.439615 1.138669
v -0.042855 0.500376 1.205549
v -0.043304 0.480123 1.218564
v -0.050591 0.459869 1.229357
v -0.050591 0.459869 1.157931
v -0.043304 0.480123 1.168724
v -0.042855 0.500376 1.181740
v -0.107483 0.500376 1.270692
v -0.120000 0.480123 1.274287
v -0.132517 0.459869 1.270692
v -0.064585 0.459869 1.248620
v -0.072599 0.480123 1.258886
v -0.084839 0.500376 1.263335
v -0.189409 0.500376 1.229357
v -0.196696 0.480123 1.218564
v -0.197145 0.459869 1.205549
v -0.155161 0.459869 1.263335
v -0.167401 0.480123 1.258886
v -0.175415 0.500376 1.248620
v -0.175415 0.500376 1.138668
v -0.167401 0.480123 1.128402
v -0.155161 0.459869 1.123953
v -0.197145 0.459869 1.181740
v -0.196696 0.480123 1.168724
v -0.189409 0.500376 1.157931
v -0.084839 0.500376 1.123953
v -0.072599 0.480123 1.128402
v -0.064585 0.459869 1.138668
v -0.132517 0.459869 1.116596
v -0.120000 0.480123 1.113001
v -0.107483 0.500376 1.116596
v -0.052982 0.520629 1.212906
v -0.064502 0.522520 1.233965
v -0.080971 0.520630 1.251430
v -0.117610 0.520630 1.263335
v -0.141199 0.522520 1.258885
v -0.162897 0.520630 1.248619
v -0.185541 0.520630 1.217453
v -0.188599 0.522519 1.193644
v -0.185541 0.520630 1.169835
v -0.162897 0.520630 1.138669
v -0.141199 0.522520 1.128403
v -0.117610 0.520630 1.123954
v -0.080971 0.520630 1.135858
v -0.064502 0.522520 1.153323
v -0.052982 0.520629 1.174382
v -0.113742 0.558181 1.212906
v -0.106899 0.548722 1.233965
v -0.101225 0.533147 1.251430
v -0.059240 0.533147 1.193644
v -0.077604 0.548722 1.193644
v -0.099747 0.558181 1.193644
v -0.136385 0.558181 1.205548
v -0.154299 0.548722 1.218564
v -0.169156 0.533147 1.229357
v -0.136385 0.558181 1.181740
v -0.154299 0.548722 1.168724
v -0.169156 0.533147 1.157931
v -0.113742 0.558181 1.174382
v -0.106899 0.548722 1.153323
v -0.101225 0.533147 1.135858
v -0.090823 0.552252 1.172446
v -0.068534 0.538477 1.172446
v -0.083936 0.538477 1.151248
v -0.131145 0.552252 1.159345
v -0.124257 0.538477 1.138147
v -0.149177 0.538477 1.146244
v -0.156064 0.552252 1.193644
v -0.174097 0.538477 1.180543
v -0.174097 0.538477 1.206745
v -0.131145 0.552252 1.227943
v -0.149177 0.538477 1.241044
v -0.124257 0.538477 1.249141
v -0.090823 0.552252 1.214842
v -0.083936 0.538477 1.236040
v -0.068534 0.538477 1.214842
v -0.050501 0.502412 1.159345
v -0.054758 0.480123 1.146243
v -0.065903 0.502412 1.138146
v -0.131145 0.502412 1.116948
v -0.144920 0.480122 1.116948
v -0.156065 0.502412 1.125045
v -0.196386 0.502412 1.180543
v -0.200643 0.480123 1.193644
v -0.196386 0.502412 1.206745
v -0.156065 0.502412 1.262243
v -0.144920 0.480122 1.270340
v -0.131145 0.502412 1.270340
v -0.065903 0.502412 1.249142
v -0.054758 0.480122 1.241045
v -0.050501 0.502412 1.227943
v -0.095080 0.480123 1.116948
v -0.083935 0.457833 1.125045
v -0.108855 0.457833 1.116948
v -0.185242 0.480123 1.146243
v -0.174097 0.457833 1.138146
v -0.189498 0.457833 1.159345
v -0.185242 0.480123 1.241045
v -0.189498 0.457833 1.227944
v -0.174097 0.457833 1.249142
v -0.095080 0.480123 1.270340
v -0.108855 0.457833 1.270340
v -0.083935 0.457833 1.262243
v -0.039357 0.480123 1.193644
v -0.043614 0.457833 1.206745
v -0.043614 0.457833 1.180543
v -0.090823 0.421768 1.146244
v -0.108855 0.407993 1.159345
v -0.115743 0.421768 1.138147
v -0.156064 0.421768 1.151248
v -0.149177 0.407993 1.172446
v -0.171466 0.421768 1.172446
v -0.171466 0.421768 1.214842
v -0.149177 0.407993 1.214842
v -0.156064 0.421768 1.236040
v -0.065903 0.421768 1.180543
v -0.065903 0.421768 1.206745
v -0.083936 0.407993 1.193644
v -0.115743 0.421768 1.249141
v -0.108855 0.407993 1.227943
v -0.090823 0.421768 1.241044
v 0.120000 0.399479 1.193644
v 0.061646 0.444057 1.236040
v 0.142289 0.444057 1.262243
v 0.192129 0.444058 1.193644
v 0.142289 0.444057 1.125045
v 0.061646 0.444057 1.151248
v 0.097711 0.516188 1.262243
v 0.178354 0.516188 1.236040
v 0.178354 0.516188 1.151248
v 0.097711 0.516188 1.125045
v 0.047871 0.516187 1.193644
v 0.120000 0.560766 1.193644
v 0.138775 0.427098 1.251430
v 0.133101 0.411523 1.233965
v 0.126258 0.402064 1.212906
v 0.103615 0.402064 1.205548
v 0.085701 0.411523 1.218564
v 0.070844 0.427098 1.229357
v 0.077103 0.439615 1.248619
v 0.098801 0.437725 1.258885
v 0.122390 0.439615 1.263335
v 0.054459 0.439615 1.169835
v 0.051401 0.437726 1.193644
v 0.054459 0.439615 1.217453
v 0.103615 0.402064 1.181740
v 0.085701 0.411523 1.168724
v 0.070844 0.427098 1.157931
v 0.180760 0.427098 1.193644
v 0.162397 0.411523 1.193644
v 0.140253 0.402064 1.193644
v 0.159029 0.439615 1.251430
v 0.175498 0.437726 1.233965
v 0.187019 0.439616 1.212906
v 0.138775 0.427098 1.135858
v 0.133101 0.411523 1.153323
v 0.126258 0.402064 1.174382
v 0.187019 0.439616 1.174382
v 0.175498 0.437726 1.153323
v 0.159029 0.439615 1.135858
v 0.122390 0.439615 1.123954
v 0.098801 0.437725 1.128403
v 0.077103 0.439615 1.138669
v 0.042855 0.500376 1.205549
v 0.043304 0.480123 1.218564
v 0.050591 0.459869 1.229357
v 0.050591 0.459869 1.157931
v 0.043304 0.480123 1.168724
v 0.042855 0.500376 1.181740
v 0.107483 0.500376 1.270692
v 0.120000 0.480123 1.274287
v 0.132517 0.459869 1.270692
v 0.064585 0.459869 1.248620
v 0.072599 0.480123 1.258886
v 0.084839 0.500376 1.263335
v 0.189409 0.500376 1.229357
v 0.196696 0.480123 1.218564
v 0.197145 0.459869 1.205549
v 0.155161 0.459869 1.263335
v 0.167401 0.480123 1.258886
v 0.175415 0.500376 1.248620
v 0.175415 0.500376 1.138668
v 0.167401 0.480123 1.128402
v 0.155161 0.459869 1.123953
v 0.197145 0.459869 1.181740
v 0.196696 0.480123 1.168724
v 0.189409 0.500376 1.157931
v 0.084839 0.500376 1.123953
v 0.072599 0.480123 1.128402
v 0.064585 0.459869 1.138668
v 0.132517 0.459869 1.116596
v 0.120000 0.480123 1.113001
v 0.107483 0.500376 1.116596
v 0.052982 0.520629 1.212906
v 0.064502 0.522520 1.233965
v 0.080971 0.520630 1.251430
v 0.117610 0.520630 1.263335
v 0.141199 0.522520 1.258885
v 0.162897 0.520630 1.248619
v 0.185541 0.520630 1.217453
v 0.188599 0.522519 1.193644
v 0.185541 0.520630 1.169835
v 0.162897 0.520630 1.138669
v 0.141199 0.522520 1.128403
v 0.117610 0.520630 1.123954
v 0.080971 0.520630 1.135858
v 0.064502 0.522520 1.153323
v 0.052982 0.520629 1.174382
v 0.113742 0.558181 1.212906
v 0.106899 0.548722 1.233965
v 0.101225 0.533147 1.251430
v 0.059240 0.533147 1.193644
v 0.077604 0.548722 1.193644
v 0.099747 0.558181 1.193644
v 0.136385 0.558181 1.205548
v 0.154299 0.548722 1.218564
v 0.169156 0.533147 1.229357
v 0.136385 0.558181 1.181740
v 0.154299 0.548722 1.168724
v 0.169156 0.533147 1.157931
v 0.113742 0.558181 1.174382
v 0.106899 0.548722 1.153323
v 0.101225 0.533147 1.135858
v 0.090823 0.552252 1.172446
v 0.068534 0.538477 1.172446
v 0.083936 0.538477 1.151248
v 0.131145 0.552252 1.159345
v 0.124257 0.538477 1.138147
v 0.149177 0.538477 1.146244
v 0.156064 0.552252 1.193644
v 0.174097 0.538477 1.180543
v 0.174097 0.538477 1.206745
v 0.131145 0.552252 1.227943
v 0.149177 0.538477 1.241044
v 0.124257 0.538477 1.249141
v 0.090823 0.552252 1.214842
v 0.083936 0.538477 1.236040
v 0.068534 0.538477 1.214842
v 0.050501 0.502412 1.159345
v 0.054758 0.480123 1.146243
v 0.065903 0.502412 1.138146
v 0.131145 0.502412 1.116948
v 0.144920 0.480122 1.116948
v 0.156065 0.502412 1.125045
v 0.196386 0.502412 1.180543
v 0.200643 0.480123 1.193644
v 0.196386 0.502412 1.206745
v 0.156065 0.502412 1.262243
v 0.144920 0.480122 1.270340
v 0.131145 0.502412 1.270340
v 0.065903 0.502412 1.249142
v 0.054758 0.480122 1.241045
v 0.050501 0.502412 1.227943
v 0.095080 0.480123 1.116948
v 0.083935 0.457833 1.125045
v 0.108855 0.457833 1.116948
v 0.185242 0.480123 1.146243
v 0.174097 0.457833 1.138146
v 0.189498 0.457833 1.159345
v 0.185242 0.480123 1.241045
v 0.189498 0.457833 1.227944
v 0.174097 0.457833 1.249142
v 0.095080 0.480123 1.270340
v 0.108855 0.457833 1.270340
v 0.083935 0.457833 1.262243
v 0.039357 0.480123 1.193644
v 0.043614 0.457833 1.206745
v 0.043614 0.457833 1.180543
v 0.090823 0.421768 1.146244
v 0.108855 0.407993 1.159345
v 0.115743 0.421768 1.138147
v 0.156064 0.421768 1.151248
v 0.149177 0.407993 1.172446
v 0.171466 0.421768 1.172446
v 0.171466 0.421768 1.214842
v 0.149177 0.407993 1.214842
v 0.156064 0.421768 1.236040
v 0.065903 0.421768 1.180543
v 0.065903 0.421768 1.206745
v 0.083936 0.407993 1.193644
v 0.115743 0.421768 1.249141
v 0.108855 0.407993 1.227943
v 0.090823 0.421768 1.241044
v 0.707826 -0.177898 -0.493078
v 0.722821 -0.181817 -0.536172
v 0.771521 0.130851 0.219509
v 0.771514 0.064827 0.139117
v 0.543117 -0.216666 -0.192332
v 0.529436 -0.198628 -0.409132
v 0.693934 -0.075848 -0.163981
v 0.615019 -0.141166 -0.341679
v 0.702537 -0.030836 -0.251369
v 0.734478 -0.001827 -0.114926
v 0.705509 0.022165 -0.322329
v 0.596417 -0.275979 0.897252
v 0.738816 0.154782 -0.151578
v 0.694971 0.154222 -0.364894
v 0.542490 0.331876 -0.501452
v 0.468779 0.474872 -0.088662
v 0.485981 0.439680 -0.281937
v 0.506776 0.188811 -0.735744
v 0.004155 0.406953 1.318846
v 0.034346 0.404729 1.317230
v 0.742254 0.082543 -0.175074
v 0.341042 0.186385 -0.920746
v 0.382157 0.240643 -0.845874
v 0.521509 -0.257434 0.383992
v 0.592841 -0.279970 0.928603
v 0.572210 -0.279927 0.395912
v 0.441072 -0.115865 0.502504
v 0.652085 -0.152103 0.310708
v 0.456988 -0.147316 0.473828
v 0.418663 -0.223751 0.318764
v 0.615525 -0.141435 0.195516
v 0.648745 -0.183013 0.344631
v 0.468080 -0.207800 0.391120
v 0.438342 -0.274771 0.126143
v 0.679028 -0.250851 0.421920
v 0.693236 -0.250406 0.480442
v 0.551178 0.142989 0.757971
v 0.058434 0.413031 1.304185
v 0.068716 0.419148 1.305573
v 0.045414 0.430678 1.302096
v 0.044428 0.414335 1.306721
v 0.037193 0.424426 1.306098
v 0.042788 0.422847 1.305230
v 0.071334 0.410228 1.310003
v 0.054846 0.415369 1.303342
v 0.062679 0.405540 1.310330
v 0.104927 0.407361 1.309587
v 0.075801 0.406464 1.312156
v 0.050063 0.405092 1.313367
v 0.043136 0.406498 1.313852
v 0.061198 0.403965 1.313352
v 0.063647 0.426386 1.302829
v 0.011911 0.396131 1.327954
v 0.035300 0.420293 1.308771
v 0.033078 0.419265 1.309588
v 0.036043 0.417603 1.309845
v 0.080221 0.406229 1.310472
v 0.060884 0.414167 1.304222
v 0.316158 0.155043 1.253186
v 0.157813 0.205119 1.315694
v 0.602488 -0.189351 0.545340
v 0.106317 -0.147543 0.814716
v 0.462153 -0.224383 0.706072
v 0.632950 -0.281234 0.408288
v 0.656131 -0.276306 0.409311
v 0.517005 -0.193162 0.517180
v 0.512461 -0.249043 0.947417
v 0.531717 -0.278288 0.446064
v 0.476819 -0.262042 0.551572
v 0.648757 -0.260023 0.872493
v 0.497508 -0.279841 0.570931
v 0.699183 -0.275184 0.516411
v 0.700472 -0.280439 0.608712
v 0.461745 -0.224466 0.667786
v 0.457106 -0.268270 0.670845
v 0.689948 -0.276939 0.709476
v 0.659352 -0.280482 0.960609
v 0.438532 0.130207 1.128013
v 0.400080 0.084129 1.018500
v 0.478103 0.181250 1.100242
v 0.424676 0.079427 0.932735
v 0.085774 0.392355 1.323866
v 0.369220 0.250425 1.222888
v 0.634748 0.144297 0.589208
v 0.030236 0.114538 -1.063694
v 0.155889 -0.280119 -0.655472
v 0.161656 -0.276965 -0.758747
v 0.117850 -0.265006 -0.787748
v 0.650632 -0.047907 0.290172
v 0.733431 0.143153 0.401673
v 0.092311 0.140346 1.354895
v 0.094018 0.198943 1.341612
v 0.145667 0.156485 1.341974
v 0.042853 0.464751 1.279103
v 0.117427 0.424110 1.301401
v 0.117288 0.463493 1.272432
v 0.148002 0.481827 1.246182
v 0.254094 0.387899 1.271060
v 0.146237 0.412183 1.299991
v 0.210678 0.473191 1.233743
v 0.641977 0.239996 0.604964
v 0.749807 0.198085 0.320437
v 0.526875 0.398210 0.548673
v 0.115122 0.504914 1.215891
v 0.080982 0.525152 1.180750
v 0.179827 0.498644 1.204210
v 0.005086 0.545876 1.135048
v 0.144725 0.521007 1.169865
v 0.122455 0.412633 1.306674
v 0.290131 0.248125 1.296227
v 0.052367 0.431961 1.300792
v 0.217501 0.223654 1.313402
v 0.025975 0.415993 1.311999
v 0.078392 0.413143 1.309418
v 0.041439 0.430934 1.302356
v 0.103714 0.414674 1.307530
v 0.205269 0.512746 1.154092
v 0.135486 0.542192 1.111893
v 0.244195 0.526260 1.074520
v 0.241214 0.334935 -0.846923
v 0.285492 0.076651 -0.983988
v 0.407331 -0.193991 -0.668411
v 0.469183 -0.157760 -0.691764
v 0.371630 0.068942 -0.927413
v 0.173206 -0.006795 -1.024668
v 0.069909 0.407179 1.310941
v 0.428547 0.272293 1.170446
v 0.420752 0.456538 0.963492
v 0.502161 0.347632 1.062449
v 0.016185 0.487752 1.258867
v 0.040876 0.507904 1.223171
v 0.085764 0.486335 1.253937
v 0.235320 0.168792 1.317566
v 0.270657 0.197113 1.269565
v 0.264243 0.129737 1.278554
v 0.050596 0.409498 1.306401
v 0.196524 0.263195 1.356934
v 0.324816 0.195920 1.222757
v 0.478877 0.398292 -0.465463
v 0.630536 -0.013720 -0.521940
v 0.545020 0.076575 -0.716404
v 0.107666 0.243327 1.385039
v 0.624098 0.195969 0.652504
v 0.163237 0.587553 0.419395
v 0.555307 0.297124 0.972085
v 0.374505 -0.266258 0.239491
v 0.488485 -0.255217 -0.619300
v 0.609267 -0.166145 -0.463422
v 0.604338 -0.196590 -0.529935
v 0.593346 -0.098014 -0.570680
v 0.566251 -0.100546 -0.622902
v 0.687506 -0.198330 -0.653478
v 0.599820 -0.269577 -0.725873
v 0.616169 -0.173808 -0.694405
v 0.555075 -0.279671 -0.701309
v 0.608742 -0.212126 -0.483033
v 0.441788 -0.173378 -0.691115
v 0.760064 -0.235797 -0.554216
v 0.569364 -0.243138 -0.512387
v 0.583595 -0.201419 -0.723028
v 0.616246 -0.172989 -0.517657
v 0.557049 -0.181278 -0.716218
v 0.804285 -0.279776 -0.377748
v 0.458971 -0.188716 -0.694435
v 0.607447 -0.279998 -0.289806
v 0.602739 -0.277098 -0.314505
v 0.614732 -0.244812 -0.356729
v 0.706039 -0.280254 -0.274060
v 0.671103 -0.269910 -0.252368
v 0.689159 -0.278662 -0.272869
v 0.645973 -0.272421 -0.263626
v 0.718880 -0.267099 -0.232949
v 0.674498 -0.257121 -0.275590
v 0.690428 -0.246493 -0.295599
v 0.619783 -0.274308 -0.299635
v 0.648350 -0.280363 -0.227592
v 0.712478 -0.266127 -0.266162
v 0.682717 -0.267593 -0.274656
v 0.744465 -0.265264 -0.234483
v 0.789307 -0.275615 -0.206081
v 0.802322 -0.277256 -0.224495
v 0.763473 -0.275578 -0.225081
v 0.778824 -0.234736 -0.416497
v 0.798230 -0.261067 -0.355949
v 0.777585 -0.248970 -0.281981
v 0.767644 -0.231296 -0.290116
v 0.801076 -0.280692 -0.198121
v 0.627053 -0.251973 -0.326818
v 0.706252 -0.268686 -0.280202
v 0.532281 -0.225474 0.843012
v 0.475054 -0.255811 0.758893
v 0.506994 -0.232263 0.865865
v 0.552731 -0.260236 0.920860
v 0.514700 -0.264054 0.907909
v 0.501841 -0.239891 0.948459
v 0.550154 -0.281134 0.926238
v 0.535149 -0.269676 0.894080
v 0.539846 -0.275884 0.891805
v 0.473602 -0.267963 0.736989
v 0.553526 -0.267219 0.935054
v 0.493537 -0.262370 0.889765
v 0.476758 -0.263498 0.771097
v 0.512508 -0.270992 0.791843
v 0.563166 -0.273194 0.957832
v 0.536321 -0.239957 0.850151
v 0.017147 0.210016 1.350760
v 0.010860 0.239884 1.400183
v 0.732051 -0.264489 -0.224225
v 0.417114 -0.164727 -0.707575
v 0.451040 -0.130467 -0.716568
v 0.645232 -0.279880 0.955962
v 0.634698 -0.216594 0.701011
v 0.535325 -0.280574 0.755067
v 0.665430 -0.266495 0.830273
v 0.615363 -0.246577 0.780272
v 0.620356 -0.223606 0.775338
v 0.617437 -0.277085 0.813078
v 0.631250 -0.254736 0.844978
v 0.673764 -0.280606 0.778182
v 0.609429 -0.275125 0.828740
v 0.611726 -0.243263 0.768314
v 0.597559 -0.251783 0.838772
v 0.606518 -0.273146 0.853641
v 0.644651 -0.217860 0.617015
v -0.508356 -0.155417 -0.704659
v -0.708276 -0.184186 -0.465763
v -0.460314 -0.224191 -0.623338
v -0.765511 0.036984 0.162807
v -0.754545 -0.003310 0.100390
v -0.539133 -0.193045 -0.406115
v -0.566406 -0.178916 -0.387452
v -0.609541 -0.120208 -0.425739
v -0.704634 -0.070929 -0.125720
v -0.764181 0.049909 0.082619
v -0.596667 -0.098247 -0.565219
v -0.690996 0.081005 -0.405062
v -0.710590 0.222482 -0.195274
v -0.544627 0.433619 -0.014318
v -0.003880 0.406010 1.319570
v -0.034346 0.404729 1.317230
v -0.000000 0.424032 1.308741
v -0.346110 0.145963 -0.936223
v -0.454959 0.063351 -0.839322
v -0.144600 0.437503 -0.705024
v -0.434810 0.439088 -0.414346
v -0.739858 0.208245 0.177800
v -0.634664 0.360827 0.278498
v -0.687791 0.304361 0.050948
v -0.062225 0.413479 1.304603
v -0.521699 -0.257592 0.384352
v -0.592326 -0.280617 0.930238
v -0.692524 -0.254344 0.631858
v -0.532258 -0.144582 0.498768
v -0.517175 -0.273392 0.457686
v -0.460130 -0.144624 0.477264
v -0.595627 -0.210169 0.648640
v -0.432352 -0.221679 0.315077
v -0.644157 -0.107779 0.169830
v -0.496348 -0.224200 0.471581
v -0.615783 -0.142178 0.197910
v -0.603574 -0.202753 0.266447
v -0.431993 -0.277015 0.113436
v -0.545831 0.139082 0.758418
v -0.046188 0.408034 1.310711
v -0.051113 0.412696 1.304431
v -0.089515 0.422186 1.305050
v -0.062545 0.420820 1.303839
v -0.059330 0.425340 1.302779
v -0.043605 0.427580 1.303602
v -0.053324 0.413599 1.303714
v -0.036154 0.424793 1.306138
v -0.051036 0.418269 1.303531
v -0.037985 0.409243 1.313727
v -0.047103 0.415275 1.304799
v -0.070411 0.413698 1.308168
v -0.096986 0.409948 1.309501
v -0.052420 0.426161 1.302763
v -0.108044 0.407701 1.308986
v -0.071304 0.410025 1.310100
v -0.071868 0.407739 1.311579
v -0.049851 0.405147 1.313393
v -0.051305 0.406148 1.310688
v -0.048129 0.424988 1.303534
v -0.011911 0.396131 1.327954
v -0.000031 0.405022 1.320393
v -0.035408 0.419976 1.308902
v -0.036973 0.415469 1.310943
v -0.055335 0.415386 1.303350
v -0.056843 0.409779 1.305481
v -0.141258 0.068336 1.265938
v -0.194168 0.121736 1.305220
v -0.316158 0.155043 1.253186
v 0.011711 -0.050097 1.105053
v -0.119650 -0.042127 1.105898
v -0.157813 0.205119 1.315694
v -0.174758 -0.280625 0.439856
v -0.303152 -0.267116 0.363003
v -0.235244 -0.172351 0.626889
v -0.643103 -0.237973 0.768970
v -0.536949 -0.193031 0.529593
v -0.515285 -0.256904 0.930952
v -0.546370 -0.280552 0.439634
v -0.669342 -0.271394 0.757849
v -0.699408 -0.280325 0.616397
v -0.578052 -0.279361 0.950664
v -0.453040 -0.235547 0.668412
v -0.695491 -0.239928 0.536374
v -0.563619 -0.262833 0.960820
v -0.505755 0.198186 1.066471
v -0.462416 0.110897 0.942449
v -0.085774 0.392355 1.323866
v -0.369220 0.250425 1.222888
v -0.312257 0.292441 1.280971
v -0.115340 0.216074 -1.013918
v -0.041794 0.317709 -0.937763
v -0.146346 0.366875 -0.841922
v -0.159895 -0.279176 -0.655369
v -0.221232 -0.260342 -0.688933
v -0.152840 -0.275869 -0.758788
v -0.609662 -0.099728 0.427758
v -0.610657 -0.027707 0.410426
v -0.650387 -0.047991 0.291420
v -0.719164 0.189367 0.448832
v -0.743287 0.180804 0.377692
v -0.052874 0.150782 1.369597
v -0.094018 0.198943 1.341612
v -0.145667 0.156485 1.341974
v -0.039103 0.420972 1.307146
v -0.042853 0.464751 1.279103
v -0.117427 0.424110 1.301401
v -0.117288 0.463493 1.272432
v -0.148002 0.481827 1.246182
v -0.210678 0.473191 1.233743
v -0.303866 0.428609 1.229345
v -0.380675 0.303888 1.219328
v -0.487702 -0.190067 0.436921
v -0.115122 0.504914 1.215891
v -0.080982 0.525152 1.180750
v -0.179827 0.498644 1.204210
v -0.144725 0.521007 1.169865
v -0.067867 0.431817 1.300282
v -0.122665 0.412640 1.306622
v -0.290131 0.248125 1.296227
v -0.052367 0.431961 1.300792
v -0.217501 0.223654 1.313402
v -0.039087 0.412838 1.311400
v 0.013587 0.471470 1.274464
v -0.041697 0.430854 1.302389
v 0.016824 0.463705 1.280897
v -0.103342 0.414635 1.307531
v -0.000000 0.432412 1.303263
v -0.205269 0.512746 1.154092
v -0.168350 0.568674 0.979816
v -0.327857 0.518926 0.841387
v -0.302221 0.068749 -0.974410
v -0.438113 -0.207633 -0.644211
v -0.473990 -0.229540 -0.497680
v -0.467204 -0.121711 -0.708799
v -0.424940 -0.012275 -0.853088
v -0.281965 -0.054827 -0.944389
v -0.190867 0.032961 -1.031125
v -0.367350 0.079677 -0.932124
v -0.625367 -0.173782 0.004646
v -0.559248 -0.218165 -0.048981
v -0.063921 -0.049071 -1.031572
v -0.102163 0.020643 -1.050807
v -0.142902 0.281337 1.377854
v -0.069909 0.407179 1.310941
v -0.052796 0.415926 1.303317
v -0.428547 0.272293 1.170446
v -0.320175 0.463631 1.160587
v -0.427671 0.442705 0.999404
v -0.454138 0.364529 1.118642
v -0.085764 0.486335 1.253937
v -0.067415 0.423189 1.304167
v -0.059407 0.267369 1.402505
v -0.101066 0.374279 1.337745
v -0.235320 0.168792 1.317566
v -0.270657 0.197113 1.269565
v -0.264243 0.129737 1.278554
v -0.196524 0.263195 1.356934
v -0.324816 0.195920 1.222757
v -0.424381 0.399120 -0.561925
v -0.170471 0.545739 -0.318844
v -0.107666 0.243327 1.385039
v -0.552910 0.304849 0.974217
v -0.523658 0.380684 0.879985
v -0.375790 -0.266863 0.237750
v -0.579920 -0.188433 -0.451715
v -0.688573 -0.199045 -0.653373
v -0.611315 -0.138169 -0.643663
v -0.599680 -0.269301 -0.726013
v -0.584112 -0.268887 -0.483019
v -0.681978 -0.181754 -0.480366
v -0.620636 -0.221273 -0.427120
v -0.551023 -0.228831 -0.486453
v -0.467144 -0.236326 -0.572159
v -0.425965 -0.170454 -0.696233
v -0.759981 -0.235734 -0.554425
v -0.597714 -0.173521 -0.706010
v -0.617519 -0.174207 -0.522256
v -0.554956 -0.180672 -0.715473
v -0.615257 -0.181563 -0.703803
v -0.800102 -0.281025 -0.388050
v -0.457029 -0.189377 -0.693592
v -0.646505 -0.180021 -0.657974
v -0.660622 -0.215563 -0.413234
v -0.597560 -0.277200 -0.389053
v -0.707270 -0.243036 -0.300256
v -0.661987 -0.279254 -0.218560
v -0.690472 -0.278959 -0.273191
v -0.705010 -0.231382 -0.304694
v -0.723542 -0.224109 -0.294682
v -0.785512 -0.270220 -0.296991
v -0.801192 -0.280493 -0.203012
v -0.780811 -0.280359 -0.205596
v -0.788267 -0.274133 -0.209173
v -0.790472 -0.265112 -0.218890
v -0.764439 -0.277204 -0.223160
v -0.796130 -0.273669 -0.212807
v -0.746177 -0.262491 -0.240228
v -0.763146 -0.228619 -0.292039
v -0.777401 -0.247868 -0.292869
v -0.781313 -0.250221 -0.249928
v -0.767214 -0.244431 -0.254642
v -0.675193 -0.256956 -0.276363
v -0.717147 -0.267674 -0.234948
v -0.708455 -0.280089 -0.272276
v -0.577680 -0.234419 0.898083
v -0.580989 -0.220862 0.853856
v -0.535683 -0.238051 0.847181
v -0.561401 -0.240917 0.920344
v -0.552953 -0.267089 0.932886
v -0.509520 -0.239581 0.945124
v -0.503825 -0.234721 0.913066
v -0.532639 -0.262778 0.903395
v -0.475027 -0.275756 0.730879
v -0.477131 -0.264375 0.771208
v -0.000000 0.265846 1.408226
v -0.017147 0.210016 1.350760
v -0.010860 0.239884 1.400183
v -0.013792 0.518984 1.204990
v -0.000000 0.422291 1.309869
v -0.000000 0.248209 1.410430
v -0.000000 0.180356 1.377234
v -0.638987 -0.197498 -0.468114
v -0.632700 -0.148590 -0.567790
v -0.589882 -0.276507 0.945519
v -0.591320 -0.220981 0.818728
v -0.614426 -0.269113 0.834267
v -0.646425 -0.269975 0.924623
v -0.672049 -0.281189 0.766380
v -0.614294 -0.277300 0.814428
v -0.610054 -0.241326 0.763747
v -0.597991 -0.222216 0.763197
v -0.603370 -0.260893 0.838943
v -0.627790 -0.215975 0.724326
v -0.626582 -0.274079 0.838490
v -0.676315 -0.279662 0.755182
v 0.673570 -0.192709 0.467519
v 0.103786 0.349883 1.355196
v 0.168099 0.280109 1.369129
v 0.344125 0.080736 1.184738
v 0.041989 0.257611 1.405393
v 0.161059 0.267623 1.374045
v 0.342601 0.222601 1.224607
v 0.190552 0.162073 1.332317
v 0.545368 0.254903 1.033489
v 0.404106 0.263641 1.193840
v 0.056969 0.389001 1.331048
v 0.468660 0.305377 1.138208
v 0.113957 0.399895 1.313733
v 0.420157 0.315344 1.181733
v 0.319390 0.341158 1.256831
v 0.404994 0.246230 1.165879
v 0.154422 0.182544 1.325230
v 0.253649 0.146513 1.300364
v 0.073944 0.381844 1.336230
v 0.374308 0.225708 1.186187
v 0.076998 0.399550 1.317862
v 0.108414 0.383731 1.327328
v 0.424572 0.233503 1.125119
v 0.124063 0.204393 1.325978
v 0.126682 0.261004 1.386543
v 0.548024 0.224392 1.010715
v 0.330849 0.248192 1.262987
v 0.262802 0.319588 1.308648
v 0.156071 -0.246598 0.547217
v 0.309787 -0.203663 0.487083
v 0.164953 -0.280825 0.459128
v 0.104160 -0.275971 0.544780
v 0.422029 0.046099 0.829720
v 0.525789 -0.280697 0.504882
v 0.310732 -0.280691 0.240145
v 0.759429 0.154431 0.320977
v 0.455167 0.035658 0.736654
v 0.735534 0.020385 0.249969
v 0.545041 -0.041272 0.490517
v 0.494748 -0.218985 0.250999
v 0.644872 -0.265861 0.907312
v 0.051830 0.519214 1.199105
v 0.078619 0.511687 1.210515
v 0.097837 0.515471 1.198716
v 0.055502 0.494934 1.245295
v 0.090398 0.497928 1.234691
v 0.147697 0.530097 1.142855
v 0.173901 0.521136 1.153569
v 0.187203 0.523807 1.135905
v 0.151322 0.569712 0.996444
v 0.180441 0.569718 0.944782
v 0.113230 0.523562 1.175891
v 0.116618 0.530087 1.157490
v 0.082687 0.534508 1.155855
v 0.054343 0.532395 1.167812
v 0.222771 0.501043 1.170975
v 0.162912 0.510230 1.187529
v 0.205165 0.502307 1.181391
v 0.451134 0.452641 0.551460
v 0.110722 0.584730 0.784924
v 0.202021 0.565612 0.805121
v 0.089816 0.598462 0.376452
v 0.321056 0.522634 0.823233
v 0.362602 0.499035 0.572761
v 0.315796 0.544775 0.436828
v 0.286664 0.561799 0.306662
v 0.392896 0.518615 0.375704
v 0.398388 0.520882 0.309053
v 0.553695 0.412897 0.400803
v 0.145013 0.571114 0.567253
v 0.592592 0.241551 0.843835
v 0.594508 0.273645 0.728288
v 0.504215 0.407602 0.644729
v 0.718199 0.245545 0.396905
v 0.638691 0.351636 0.306383
v 0.658242 0.294000 0.480406
v 0.604129 0.297101 0.633821
v 0.564294 0.330806 0.693272
v 0.536538 0.349702 0.937385
v 0.518833 0.388121 0.845231
v 0.014700 0.597325 0.825182
v 0.435908 0.461147 0.807396
v 0.116866 0.484736 1.250685
v 0.119199 0.492572 1.237976
v 0.055511 0.479217 1.265620
v 0.080576 0.462929 1.277347
v 0.100530 0.475644 1.264036
v 0.163677 0.490527 1.226759
v 0.179700 0.477792 1.240895
v 0.195079 0.486330 1.220050
v 0.271763 0.484034 1.170398
v 0.477658 -0.280275 -0.100356
v 0.446540 -0.278983 -0.236183
v 0.057513 -0.280489 -0.745319
v 0.339160 -0.279887 -0.476781
v 0.147851 -0.152878 -0.925780
v 0.121834 0.412925 1.304984
v 0.275954 0.453931 1.225552
v 0.226690 0.459234 1.245100
v 0.114805 0.450329 1.283278
v 0.167179 0.468635 1.256605
v 0.211773 0.458791 1.252231
v 0.097138 0.220492 1.356534
v 0.097407 0.431428 1.298647
v 0.113705 0.435645 1.294100
v 0.375711 0.150886 1.205408
v 0.317620 0.440768 1.204306
v 0.424386 0.407042 1.111095
v 0.308117 0.427520 1.225748
v 0.482141 0.413281 0.952302
v 0.442850 0.372828 1.125694
v 0.202584 0.326995 1.334304
v 0.018064 0.440373 1.297483
v 0.117073 0.178560 1.339699
v 0.101773 0.153012 1.355537
v 0.322690 0.173218 1.233838
v 0.254063 0.235571 1.305815
v 0.549269 0.276955 1.039575
v 0.454277 0.280561 1.146891
v 0.158376 0.251939 1.371650
v 0.500641 0.297792 1.104526
v 0.343559 0.289171 1.257157
v 0.208783 0.244141 1.337304
v 0.171972 0.138233 1.328603
v 0.436066 0.261433 1.144517
v 0.143210 0.089176 1.291551
v 0.278582 0.220249 1.277410
v 0.216458 -0.088373 -0.957075
v 0.188978 0.043409 -1.033172
v 0.085546 0.030460 -1.056562
v 0.315598 -0.224402 -0.697369
v 0.479811 -0.135286 -0.694597
v 0.505262 -0.129860 -0.685646
v 0.445455 -0.207023 -0.656829
v 0.769906 -0.223820 -0.514645
v 0.360187 0.010337 -0.924121
v 0.322848 -0.003762 -0.947487
v 0.224520 -0.236473 -0.748861
v 0.278189 -0.160994 -0.848182
v 0.151709 -0.214792 -0.834175
v 0.570789 -0.200453 0.045167
v 0.656892 -0.151268 0.003893
v 0.746035 -0.027068 0.077035
v 0.613842 -0.114133 -0.421974
v 0.569484 -0.177249 -0.386779
v 0.758448 0.042163 0.034945
v 0.561553 -0.216188 -0.053567
v 0.571220 -0.271581 -0.718894
v 0.539029 -0.004968 -0.702724
v 0.582208 -0.067113 -0.572400
v 0.504978 -0.273199 -0.105214
v 0.472309 -0.229672 -0.408981
v 0.545394 -0.085148 -0.631972
v 0.487610 -0.108741 -0.692152
v 0.544619 -0.120047 -0.654144
v 0.619673 -0.082648 -0.473187
v 0.207250 -0.266615 -0.682501
v 0.039184 0.588036 -0.063084
v 0.150282 0.565136 -0.213973
v 0.410151 0.510428 -0.009885
v 0.372735 0.466086 -0.423850
v 0.378315 0.507356 -0.207019
v 0.263493 0.508637 -0.416518
v 0.187324 0.582358 0.228061
v 0.273741 0.552206 -0.095144
v 0.137680 0.300275 -0.935950
v 0.132939 0.358388 -0.862079
v 0.434566 0.157463 -0.847829
v 0.282202 0.378211 -0.749001
v 0.415295 0.402600 -0.565759
v 0.425412 0.358802 -0.648240
v 0.333401 0.303972 -0.822473
v 0.342476 0.140342 -0.940246
v 0.068090 0.376625 -0.846952
v 0.439347 0.264568 -0.761720
v 0.092458 0.507991 -0.540737
v 0.155582 0.444264 -0.685899
v 0.293077 0.436856 -0.614855
v 0.563203 0.418131 0.271655
v 0.646978 0.353469 0.062137
v 0.704742 0.197814 -0.268011
v 0.582096 0.395730 -0.116083
v 0.571240 0.374918 -0.293960
v 0.638875 0.287601 -0.344100
v 0.636473 0.334065 -0.211073
v 0.760226 0.147342 0.127497
v 0.732912 0.217578 -0.016119
v 0.706747 0.246603 -0.135607
v 0.578543 0.179255 -0.629814
v 0.637245 0.132201 -0.544492
v 0.572038 0.266170 -0.551971
v 0.550784 0.430240 0.025147
v 0.515472 0.125622 -0.752075
v 0.508719 0.274321 -0.655220
v 0.638250 0.231623 -0.455030
v 0.001772 0.397070 1.327010
v 0.026460 0.117710 1.347012
v -0.022201 -0.165109 0.832247
v 0.023944 0.263928 1.406919
v 0.010115 0.571103 1.035990
v 0.007907 -0.162359 -0.941070
v 0.061818 -0.050404 -1.031602
v 0.767415 0.065142 0.211247
v 0.345684 -0.274759 0.306567
v 0.480976 -0.189255 0.425278
v 0.712850 0.259384 0.250914
v 0.291819 0.141223 1.269700
v 0.533833 0.189416 0.998085
v 0.601320 0.234255 0.755245
v 0.714906 0.210334 0.453931
v 0.453287 0.063606 -0.842126
v 0.688926 0.075235 -0.410551
v 0.757439 0.118756 -0.018930
v 0.067449 0.409314 1.309055
v 0.373318 0.199815 1.172265
v 0.020754 0.459306 1.284164
v 0.037559 0.452926 1.288054
v 0.047485 0.431393 1.301599
v 0.069438 0.426604 1.303204
v 0.039180 0.420851 1.307169
v 0.060692 0.452238 1.287043
v 0.131371 0.417029 1.302436
v 0.164452 0.446181 1.277619
v 0.118681 0.408960 1.306662
v 0.136041 0.223871 1.340297
v 0.072492 0.429920 1.301209
v 0.056511 0.410008 1.305282
v 0.089464 0.422263 1.305012
v 0.062976 0.431030 1.300936
v 0.309287 0.221705 1.256588
v 0.044765 0.439719 1.296546
v 0.116319 0.413103 1.307425
v 0.121427 0.417270 1.304698
v 0.112944 0.417458 1.305829
v 0.130199 0.412479 1.304515
v 0.055754 0.280926 1.402043
v 0.092522 0.418444 1.306699
v 0.075102 0.415971 1.308079
v 0.102778 0.423438 1.303590
v 0.023335 0.402785 1.320147
v 0.129767 0.412736 1.304956
v 0.062556 0.413019 1.304825
v -0.000000 0.422539 1.309713
v 0.065773 0.403203 1.314862
v 0.067093 0.406222 1.310371
v 0.029774 0.476444 1.269749
v 0.107980 0.408331 1.306432
v 0.248097 0.210359 1.290392
v 0.013904 0.429225 1.305207
v 0.116530 0.412926 1.307024
v 0.001315 0.432543 1.303184
v 0.023131 0.433936 1.301689
v 0.029454 0.427223 1.305483
v 0.035870 0.412578 1.312588
v 0.072715 0.425010 1.303824
v 0.207209 0.077933 1.255075
v 0.076148 0.258488 1.399769
v 0.244344 0.257245 1.329834
v 0.007712 0.257062 1.408680
v 0.055125 0.242938 1.398774
v 0.061570 0.226902 1.379199
v 0.395646 0.123703 1.184318
v 0.350936 0.073318 1.163054
v 0.110103 -0.087560 0.999370
v 0.160685 -0.029956 1.111747
v 0.050797 -0.174132 0.798576
v 0.049643 -0.265551 0.605691
v 0.121395 0.216894 -1.011765
v 0.195217 0.188996 1.316556
v 0.190748 0.120923 -1.030758
v 0.037719 0.207731 -1.030063
v 0.144907 0.175705 -1.028196
v 0.049171 0.167914 -1.049331
v 0.215309 0.144192 1.317631
v 0.294518 0.196199 1.246719
v 0.099237 0.121504 -1.054649
v 0.237567 0.249888 -0.939047
v 0.221578 0.183271 -0.991885
v 0.076377 0.177447 1.353900
v 0.278822 0.161119 1.287756
v 0.610663 -0.033188 0.409308
v 0.263027 0.432757 1.253323
v 0.208607 0.448499 1.262399
v 0.118527 0.477609 1.259201
v 0.324249 0.464439 1.151702
v 0.049564 0.526331 1.183552
v 0.058091 0.487113 1.256632
v 0.034561 0.497169 1.243215
v 0.118459 0.516521 1.190948
v 0.210239 0.494062 1.196208
v 0.147267 0.506927 1.201671
v 0.267696 0.539153 0.587551
v 0.409350 -0.279236 -0.291059
v 0.425022 -0.019435 -0.848040
v 0.369977 -0.090347 -0.851610
v 0.489486 -0.187718 -0.718864
v 0.634924 0.041503 -0.549508
v 0.483677 -0.240453 -0.287784
v 0.690809 0.299652 0.041902
v 0.588950 0.189412 0.752517
v 0.275355 -0.268895 0.402258
v 0.087024 0.410880 1.310104
v 0.063581 0.407914 1.308504
v 0.065094 0.416203 1.305185
v 0.059053 0.427370 1.302297
v 0.091931 0.425144 1.303236
v 0.050377 0.415996 1.303625
v 0.067890 0.423231 1.304249
v 0.054970 0.412488 1.304101
v 0.057732 0.422592 1.303156
v 0.062427 0.409597 1.306815
v 0.074194 0.419821 1.306231
v 0.071010 0.405883 1.310628
v 0.046472 0.409402 1.308716
v 0.097289 0.410311 1.309323
v 0.053545 0.423379 1.303116
v 0.044380 0.407214 1.312703
v 0.079870 0.406500 1.312004
v 0.054845 0.407349 1.307642
v 0.077173 0.421403 1.305698
v 0.070961 0.416487 1.307178
v 0.056515 0.418930 1.303275
v 0.070282 0.413409 1.308241
v 0.012131 0.410667 1.315920
v 0.042937 0.427786 1.303631
v 0.042553 0.409808 1.311403
v 0.098256 0.407340 1.310460
v 0.045968 0.403295 1.316949
v 0.022189 0.409649 1.315701
v -0.000000 0.427600 1.306410
v 0.039760 0.412631 1.311203
v 0.292615 0.277506 1.300525
v 0.108145 0.408728 1.306408
v 0.023030 0.405340 1.318200
v 0.049960 0.421939 1.303594
v 0.062950 0.420692 1.303901
v 0.063109 0.424424 1.303312
v 0.034594 0.425835 1.305761
v 0.051798 0.412477 1.304345
v 0.066513 0.412357 1.307030
v 0.074291 0.407563 1.311953
v 0.041043 0.416407 1.308124
v 0.053778 0.409903 1.305284
v 0.034807 0.414686 1.311798
v 0.045740 0.420700 1.304745
v 0.040183 0.425027 1.305207
v 0.053254 0.420141 1.303286
v 0.043906 0.404903 1.315252
v 0.166939 0.234426 1.346328
v 0.048523 0.410850 1.306440
v 0.022250 0.154186 1.383007
v 0.052746 0.407705 1.307554
v 0.291079 0.176063 1.260832
v 0.015455 0.401951 1.321729
v 0.082860 0.405631 1.310330
v 0.055148 0.404942 1.311403
v 0.256591 0.183827 1.292355
v 0.073499 0.413320 1.308973
v 0.091150 0.407072 1.310809
v 0.047770 0.428201 1.302742
v 0.051524 0.405603 1.311501
v 0.078256 0.407737 1.311890
v 0.116413 0.411129 1.306047
v 0.073140 0.406581 1.311911
v 0.048437 0.414058 1.304628
v 0.185383 0.214862 1.314111
v 0.071764 0.407792 1.311538
v 0.047973 0.424898 1.303563
v 0.058116 0.404049 1.312898
v 0.102877 0.406359 1.309097
v 0.070843 0.404254 1.312856
v 0.073586 0.404797 1.311439
v 0.052949 0.427498 1.302398
v 0.040704 0.405892 1.314986
v 0.066876 0.404440 1.311821
v 0.057196 0.404080 1.314113
v 0.039168 0.408963 1.313576
v 0.066926 0.414728 1.306267
v 0.067575 0.425558 1.303553
v 0.046224 0.417115 1.305045
v 0.226623 0.197920 1.310247
v 0.058757 0.407746 1.307443
v 0.065143 0.406591 1.309871
v 0.054701 0.408950 1.305903
v 0.058164 0.404857 1.311096
v 0.009722 0.405841 1.319078
v 0.018048 0.421410 1.309572
v 0.032643 0.421091 1.308726
v 0.037897 0.417186 1.309326
v 0.033089 0.409048 1.314770
v 0.036769 0.415559 1.310948
v 0.038641 0.414354 1.310920
v 0.028114 0.409969 1.314957
v 0.073521 0.406409 1.311036
v 0.077204 0.406158 1.311758
v 0.082279 0.406350 1.311612
v 0.042681 0.418710 1.306329
v 0.051982 0.414572 1.303545
v 0.045331 0.411466 1.307911
v 0.059200 0.417470 1.303595
v 0.226839 0.139056 1.308694
v 0.058407 0.406475 1.308761
v 0.053282 0.409371 1.305661
v 0.046561 0.414134 1.305459
v 0.046451 0.407898 1.310720
v 0.051822 0.417630 1.303382
v 0.047379 0.415464 1.304657
v 0.049253 0.408324 1.308201
v 0.062244 0.413709 1.304569
v 0.338825 -0.078385 0.676628
v 0.653689 -0.242374 0.376693
v 0.623117 -0.217574 0.746914
v 0.510500 -0.215187 0.574345
v 0.610542 -0.198376 0.272266
v 0.613643 -0.279169 0.354575
v 0.633145 -0.123361 0.155000
v 0.597918 -0.245929 0.291786
v 0.469875 -0.230242 0.212618
v 0.650257 -0.099982 0.306145
v 0.616506 -0.101184 0.420320
v 0.471213 -0.076815 0.527052
v 0.458423 -0.170187 0.451619
v 0.385909 -0.215220 0.357191
v 0.399446 -0.163028 0.449686
v 0.444125 -0.281954 0.007517
v 0.578116 -0.170013 0.188382
v 0.508494 -0.266953 0.891396
v 0.648154 -0.097317 0.186168
v 0.507954 -0.274251 0.491460
v 0.429295 -0.221577 0.284351
v 0.551615 -0.186454 0.124486
v 0.496559 -0.221429 0.448425
v 0.547449 -0.212255 0.256704
v 0.681033 -0.250187 0.666127
v 0.570461 -0.270948 0.308089
v 0.457003 -0.265776 0.698818
v 0.489203 -0.234211 0.315442
v 0.645573 -0.139148 0.375660
v 0.489725 -0.236545 0.498087
v 0.681845 -0.228818 0.589327
v 0.480329 -0.216075 0.694117
v 0.695519 -0.256498 0.613396
v 0.453718 -0.234461 0.665547
v 0.489190 -0.230574 0.843524
v 0.454167 -0.249698 0.723854
v 0.538645 -0.256158 0.868301
v 0.480660 -0.270618 0.565915
v 0.460811 -0.267159 0.637289
v 0.660419 -0.234463 0.715340
v 0.485532 -0.223313 0.535726
v 0.695360 -0.241490 0.540527
v 0.450230 -0.245027 0.680172
v 0.676137 -0.280705 0.446387
v 0.456187 -0.243673 0.625808
v 0.691688 -0.275193 0.665829
v 0.665135 -0.214114 0.569994
v 0.699638 -0.262895 0.549228
v 0.454535 -0.235355 0.728216
v 0.635597 -0.135551 0.462278
v 0.502702 -0.200678 0.477742
v 0.501647 -0.252538 0.458316
v 0.607896 -0.238362 0.761525
v 0.622087 -0.265805 0.840525
v 0.641646 -0.241325 0.803388
v 0.569888 -0.256677 0.925551
v 0.643771 -0.238497 0.768060
v 0.588863 -0.259910 0.892361
v 0.604085 -0.280054 0.821343
v 0.578307 -0.278296 0.952364
v 0.641743 -0.277545 0.941186
v 0.577627 -0.248416 0.913213
v 0.565922 -0.263765 0.962327
v 0.601666 -0.260658 0.842069
v 0.625338 -0.236860 0.783298
v 0.620998 -0.280631 0.763918
v 0.561326 -0.252151 0.927499
v 0.541488 -0.268429 0.898718
v 0.626616 -0.272472 0.847185
v 0.500420 -0.149210 0.495375
v 0.605222 -0.277269 0.853971
v 0.669852 -0.272274 0.759138
v 0.601426 -0.246259 0.800903
v 0.590915 -0.221057 0.821873
v 0.543570 -0.188359 0.528879
v 0.677633 -0.280692 0.751803
v 0.656066 -0.226526 0.652531
v 0.578186 -0.220614 0.856512
v 0.536134 -0.141269 0.497596
v 0.586086 -0.267013 0.934109
v 0.583163 -0.266294 0.958520
v 0.677820 -0.280735 0.898976
v 0.657826 -0.271512 0.928575
v 0.587640 -0.213170 0.751462
v 0.599142 -0.214113 0.731782
v 0.673210 -0.278385 0.901786
v 0.613078 -0.234904 0.759104
v 0.598091 -0.221056 0.760069
v 0.637580 -0.280941 0.919586
v 0.620041 -0.277607 0.809735
v 0.635579 -0.245257 0.830101
v 0.612216 -0.257886 0.799239
v 0.614871 -0.268669 0.833508
v 0.538405 -0.212147 0.744873
v 0.598033 -0.208638 0.600625
v 0.551069 -0.209327 0.570993
v 0.607117 -0.136449 0.487181
v 0.507717 -0.086516 0.503837
v 0.594022 -0.210344 0.648230
v 0.631557 -0.230126 0.785039
v 0.571520 -0.264083 0.934489
v 0.578671 -0.233003 0.894244
v 0.565841 -0.232496 0.906729
v 0.547980 -0.221424 0.863629
v 0.485353 -0.246987 0.920457
v 0.535880 -0.258850 0.875648
v 0.549705 -0.231342 0.897524
v 0.520182 -0.225360 0.836181
v 0.548787 -0.245852 0.911512
v 0.524158 -0.243563 0.872944
v 0.475823 -0.275581 0.735410
v 0.562281 -0.240618 0.920520
v 0.529551 -0.232275 0.839129
v 0.569614 -0.260599 0.961043
v 0.516371 -0.241180 0.938704
v 0.481903 -0.280908 0.712133
v 0.491510 -0.243672 0.943974
v 0.530558 -0.261263 0.906026
v 0.501731 -0.245052 0.950871
v 0.536562 -0.278148 0.799134
v 0.549516 -0.278074 0.937175
v 0.517795 -0.247637 0.941325
v 0.589411 -0.275912 0.946924
v 0.488037 -0.267978 0.772651
v 0.492633 -0.236291 0.933488
v 0.527180 -0.217028 0.786549
v 0.470635 -0.277681 0.642169
v 0.488679 -0.251854 0.931795
v 0.476502 -0.247528 0.827327
v 0.480001 -0.237503 0.847967
v 0.481712 -0.254457 0.898463
v 0.508259 -0.227897 0.839088
v 0.529388 -0.274185 0.844990
v 0.467308 -0.277808 0.692562
v 0.555964 -0.267917 0.955039
v 0.498778 -0.255367 0.934146
v 0.670388 -0.280796 0.948807
v 0.607667 -0.221047 0.757417
v 0.010806 0.035851 -1.064267
v 0.065553 0.553595 -0.355795
v 0.006800 0.398586 1.326001
v -0.000000 0.160985 1.389484
v -0.002132 0.400490 1.324499
v -0.000000 0.422395 1.309810
v 0.061678 0.205131 1.356794
v -0.000000 0.424330 1.308549
v 0.025706 0.313438 -0.944880
v 0.013770 -0.226287 -0.846443
v -0.000370 0.601213 0.314002
v 0.005302 0.246378 1.409680
v 0.040473 0.181644 1.369427
v 0.016104 0.227617 1.361483
v 0.010802 0.190188 1.353915
v 0.000258 0.155362 1.385971
v 0.000737 0.252190 1.410115
v 0.007213 0.033604 1.238837
v 0.024704 0.164255 1.383146
v -0.013884 0.359226 1.370739
v 0.002956 0.414998 1.313938
v 0.047329 0.581895 0.585464
v 0.014736 0.267567 1.407615
v 0.023014 0.350888 1.376109
v 0.402454 -0.228016 -0.580479
v 0.571911 -0.268806 -0.545481
v 0.530836 -0.263501 -0.556335
v 0.733164 -0.195795 -0.554497
v 0.725168 -0.197444 -0.599493
v 0.631084 -0.145584 -0.620949
v 0.645191 -0.159342 -0.596508
v 0.676770 -0.266101 -0.684283
v 0.507381 -0.177922 -0.722218
v 0.501572 -0.257484 -0.662191
v 0.703066 -0.217189 -0.647658
v 0.735485 -0.189148 -0.484935
v 0.561477 -0.230794 -0.723467
v 0.610574 -0.153025 -0.657947
v 0.530803 -0.280186 -0.649409
v 0.631989 -0.281458 -0.710835
v 0.791261 -0.255135 -0.466040
v 0.619378 -0.152823 -0.503774
v 0.589832 -0.219814 -0.503955
v 0.625084 -0.185177 -0.544329
v 0.607665 -0.136641 -0.451741
v 0.558836 -0.160774 -0.690746
v 0.549040 -0.139925 -0.666782
v 0.622670 -0.196246 -0.702335
v 0.604783 -0.129929 -0.639619
v 0.472462 -0.216288 -0.688844
v 0.687768 -0.176343 -0.602196
v 0.592209 -0.279884 -0.593687
v 0.649329 -0.227837 -0.685996
v 0.567228 -0.220088 -0.476357
v 0.627178 -0.123493 -0.576666
v 0.481615 -0.228608 -0.489637
v 0.463850 -0.235104 -0.583917
v 0.406231 -0.242239 -0.508254
v 0.508467 -0.165197 -0.715484
v 0.757436 -0.274512 -0.576265
v 0.709948 -0.182429 -0.603207
v 0.656193 -0.171435 -0.599389
v 0.580563 -0.249112 -0.491679
v 0.612557 -0.110250 -0.517468
v 0.702717 -0.280187 -0.685676
v 0.596963 -0.176032 -0.710094
v 0.588827 -0.279771 -0.721335
v 0.542322 -0.206845 -0.721435
v 0.614322 -0.243073 -0.721463
v 0.525619 -0.242356 -0.699165
v 0.647117 -0.193275 -0.667644
v 0.721764 -0.280149 -0.661288
v 0.716536 -0.259807 -0.649845
v 0.738517 -0.280550 -0.618516
v 0.503940 -0.150682 -0.700867
v 0.633090 -0.148317 -0.568966
v 0.643579 -0.176981 -0.654171
v 0.535027 -0.280549 -0.615712
v 0.580192 -0.189342 -0.454385
v 0.778358 -0.225555 -0.463462
v 0.669925 -0.279632 -0.226059
v 0.781460 -0.273434 -0.494310
v 0.781410 -0.261024 -0.516053
v 0.586116 -0.268778 -0.463526
v 0.601807 -0.280472 -0.423266
v 0.594092 -0.276579 -0.425860
v 0.801529 -0.277167 -0.410060
v 0.598768 -0.239066 -0.445260
v 0.642362 -0.230662 -0.356734
v 0.639787 -0.197639 -0.466413
v 0.674285 -0.184722 -0.476611
v 0.677512 -0.243103 -0.296909
v 0.771352 -0.280605 -0.482596
v 0.664615 -0.279945 -0.219598
v 0.702522 -0.230433 -0.308356
v 0.599358 -0.276716 -0.338788
v 0.705766 -0.245306 -0.302178
v 0.741114 -0.219548 -0.296780
v 0.750880 -0.280791 -0.236858
v 0.738788 -0.280567 -0.187825
v 0.658046 -0.279693 -0.219781
v 0.726416 -0.280343 -0.189464
v 0.717934 -0.280247 -0.208306
v 0.735564 -0.275920 -0.199553
v 0.716420 -0.230623 -0.289511
v 0.682396 -0.226886 -0.319063
v 0.752839 -0.277776 -0.225585
v 0.714109 -0.246460 -0.268916
v 0.710789 -0.280744 -0.266827
v 0.702307 -0.235586 -0.303371
v 0.632356 -0.279322 -0.255457
v 0.743971 -0.235963 -0.267210
v 0.632376 -0.271693 -0.296246
v 0.771206 -0.280027 -0.219280
v 0.667607 -0.243752 -0.298236
v 0.744995 -0.279624 -0.216715
v 0.802156 -0.278258 -0.331095
v 0.661684 -0.267511 -0.255834
v 0.797558 -0.279563 -0.195502
v 0.787137 -0.280782 -0.196749
v 0.738263 -0.221858 -0.287244
v 0.731276 -0.214844 -0.387475
v 0.771193 -0.244445 -0.253376
v 0.791081 -0.268000 -0.215178
v 0.777424 -0.228820 -0.366801
v 0.762281 -0.221316 -0.412613
v 0.791472 -0.278182 -0.289373
v 0.787065 -0.251108 -0.324891
v 0.785639 -0.270264 -0.296991
v 0.783064 -0.252760 -0.241012
v 0.731405 -0.241260 -0.252959
v 0.794784 -0.281171 -0.296276
v 0.643759 -0.252411 -0.306729
v 0.705260 -0.222740 -0.316390
v 0.724743 -0.224330 -0.293988
v 0.696139 -0.260348 -0.289482
v 0.660020 -0.215387 -0.414132
v 0.622323 -0.222095 -0.421577
v 0.658983 -0.223818 -0.349378
v 0.684401 -0.280073 -0.269214
v 0.701800 -0.213084 -0.376344
v -0.663421 -0.264151 0.835028
v -0.435759 -0.224497 0.279155
v -0.491094 -0.219197 0.243429
v -0.041989 0.257611 1.405393
v -0.097249 0.267474 1.393116
v -0.161059 0.267623 1.374045
v -0.342601 0.222601 1.224607
v -0.341307 0.271834 1.258392
v -0.374605 0.277931 1.227415
v -0.190552 0.162073 1.332317
v -0.453545 0.292847 1.154917
v -0.404106 0.263641 1.193840
v -0.057130 0.389114 1.330903
v -0.491860 0.291503 1.111524
v -0.113957 0.399895 1.313733
v -0.404994 0.246230 1.165879
v -0.154422 0.182544 1.325230
v -0.253649 0.146513 1.300364
v -0.374308 0.225708 1.186187
v -0.546228 0.258471 1.030346
v -0.076998 0.399550 1.317862
v -0.548678 0.275405 1.040590
v -0.108414 0.383731 1.327328
v -0.411667 0.284514 1.193190
v -0.426074 0.234983 1.123978
v -0.124063 0.204393 1.325978
v -0.126682 0.261004 1.386543
v -0.346132 0.148723 1.230867
v -0.345260 0.295676 1.252652
v -0.554834 0.224802 0.987227
v -0.330849 0.248192 1.262987
v -0.401786 0.316683 1.197038
v -0.261362 0.322377 1.308613
v -0.652304 -0.148846 0.310422
v -0.165123 -0.264510 0.503163
v -0.309848 -0.280866 0.251815
v -0.458531 -0.264311 0.707029
v -0.466195 -0.076148 0.531769
v 0.000215 -0.277514 0.558769
v -0.096449 -0.273481 0.559824
v -0.325471 -0.177998 0.519674
v -0.093196 -0.155710 0.812395
v -0.382157 -0.004631 0.762841
v -0.646819 0.186240 0.596025
v -0.593157 0.185361 0.724714
v -0.454082 -0.243362 0.194927
v -0.766415 0.091995 0.257164
v -0.731531 0.119481 0.386816
v -0.536975 -0.043911 0.495609
v -0.651783 -0.183631 0.354700
v -0.628261 0.135721 0.592707
v -0.480962 0.039847 0.706427
v -0.729552 0.038282 0.280903
v -0.385253 0.070028 0.990123
v -0.269750 -0.265809 0.421092
v -0.572027 -0.279546 0.391161
v -0.648168 -0.280151 0.406817
v -0.052170 0.519226 1.199035
v -0.078626 0.511688 1.210512
v -0.097837 0.515471 1.198716
v -0.056387 0.495027 1.245053
v -0.114282 0.492961 1.238530
v -0.148919 0.529980 1.142568
v -0.176856 0.513026 1.173449
v -0.178637 0.523506 1.143376
v -0.153771 0.540901 1.107189
v -0.125665 0.568879 1.015339
v -0.113230 0.523562 1.175891
v -0.116007 0.530111 1.157649
v -0.082945 0.534522 1.155748
v -0.054734 0.532390 1.167765
v -0.073056 0.540371 1.140168
v -0.162912 0.510230 1.187529
v -0.204420 0.502374 1.181763
v -0.055765 0.581001 0.589716
v -0.205411 0.565728 0.879490
v -0.249926 0.571959 0.342656
v -0.137811 0.590458 0.431502
v -0.282336 0.533889 0.607353
v -0.434901 0.492636 0.383614
v -0.323931 0.544126 0.423908
v -0.353907 0.506925 0.550351
v -0.263329 0.545419 0.541585
v -0.590327 0.236482 0.850947
v -0.599882 0.261569 0.737543
v -0.642651 0.234455 0.607536
v -0.608536 0.234412 0.710155
v -0.504447 0.407550 0.634776
v -0.565006 0.336166 0.651588
v -0.706698 0.242903 0.446217
v -0.739751 0.215801 0.345898
v -0.705304 0.266624 0.347649
v -0.626024 0.278787 0.603543
v -0.568156 0.321475 0.709677
v -0.051699 0.594436 0.840997
v -0.116866 0.484736 1.250685
v -0.142085 0.494620 1.227459
v -0.080253 0.472549 1.269356
v -0.079946 0.465182 1.275563
v -0.100530 0.475644 1.264036
v -0.257671 0.487212 1.175990
v -0.176002 0.486849 1.228301
v -0.179700 0.477792 1.240895
v -0.195079 0.486330 1.220050
v -0.440046 0.458152 0.608238
v -0.416275 0.471978 0.853487
v -0.400140 -0.276719 -0.307641
v -0.474839 -0.279661 -0.093284
v -0.064380 -0.279698 -0.748091
v -0.223016 -0.232565 -0.762339
v -0.147968 -0.148852 -0.931614
v -0.121834 0.412925 1.304984
v -0.273423 0.453942 1.227709
v -0.113944 0.450351 1.283383
v -0.173767 0.443139 1.277692
v -0.167179 0.468635 1.256605
v -0.212810 0.458525 1.252104
v -0.097138 0.220492 1.356534
v -0.248035 0.389070 1.273587
v -0.113715 0.437764 1.292561
v -0.416492 0.326566 1.179653
v -0.506934 0.326720 1.078136
v -0.491764 0.397980 0.975754
v -0.437231 0.405800 1.092345
v -0.325491 0.375847 1.232375
v -0.329693 0.436783 1.194160
v -0.117073 0.178560 1.339699
v -0.101773 0.153012 1.355537
v -0.322690 0.173218 1.233838
v -0.312551 0.324793 1.271144
v -0.254063 0.235571 1.305815
v -0.158376 0.251939 1.371650
v -0.208783 0.244141 1.337304
v -0.151540 0.116542 1.315974
v -0.171972 0.138233 1.328603
v -0.127540 0.133704 1.339415
v -0.436066 0.261433 1.144517
v -0.278582 0.220249 1.277410
v -0.405201 -0.243215 -0.503743
v -0.367290 -0.163166 -0.760786
v -0.485629 -0.131185 -0.693951
v -0.400144 -0.200820 -0.661332
v -0.769922 -0.223581 -0.514372
v -0.346723 0.000473 -0.932304
v -0.147628 -0.214160 -0.837072
v -0.375339 -0.091449 -0.845039
v -0.545269 -0.213855 -0.200817
v -0.489228 -0.235289 -0.291882
v -0.590223 -0.151222 -0.412875
v -0.623575 -0.163368 -0.147068
v -0.693020 0.029189 -0.374810
v -0.733995 0.024436 -0.179007
v -0.670116 -0.011817 -0.411500
v -0.639335 -0.161788 -0.624513
v -0.584511 -0.278117 -0.721877
v -0.570553 -0.000184 -0.651098
v -0.630343 0.021217 -0.552662
v -0.542334 -0.085000 -0.635972
v -0.373435 -0.219978 0.356792
v -0.503031 -0.270272 -0.107234
v -0.625668 -0.135324 -0.616227
v -0.674384 -0.265237 -0.684874
v -0.509068 -0.178956 -0.722415
v -0.466857 -0.159316 -0.690514
v -0.609120 -0.136401 -0.460007
v -0.621142 -0.080337 -0.459760
v -0.004115 -0.277153 -0.788142
v -0.115394 -0.265693 -0.792068
v -0.268956 -0.267385 -0.618292
v -0.466498 -0.231698 -0.407662
v -0.098350 0.575671 -0.174605
v -0.397473 0.500281 -0.205180
v -0.389387 0.518115 -0.045710
v -0.079044 0.588352 0.017607
v -0.224735 0.562732 -0.106922
v -0.188632 0.120459 -1.031928
v -0.151958 0.300770 -0.932105
v -0.247719 0.332812 -0.846402
v -0.499099 0.191333 -0.745111
v -0.282732 0.378635 -0.747919
v -0.422899 0.361800 -0.645738
v -0.283070 0.218663 -0.937992
v -0.380437 0.247457 -0.842097
v -0.434516 0.151674 -0.851489
v -0.044997 0.375729 -0.852098
v -0.337505 0.305777 -0.817489
v -0.447605 0.264499 -0.751650
v -0.084962 0.509354 -0.540167
v -0.274820 0.507127 -0.408265
v -0.281214 0.436390 -0.626789
v -0.762016 0.169310 0.277397
v -0.735034 0.209323 -0.020962
v -0.761097 0.131549 0.103099
v -0.634401 0.359692 -0.036911
v -0.729055 0.106851 -0.246254
v -0.735348 0.177534 -0.132801
v -0.692600 0.153342 -0.373765
v -0.640132 0.285797 -0.345677
v -0.537540 0.405433 -0.280422
v -0.638059 0.333863 -0.204601
v -0.571175 0.094600 -0.671545
v -0.635804 0.138154 -0.546091
v -0.528866 0.279514 -0.616879
v -0.578483 0.186162 -0.624515
v -0.512291 0.338151 -0.547245
v -0.636413 0.235674 -0.452590
v -0.539728 0.354149 -0.456812
v -0.355545 0.467359 -0.446301
v -0.035780 0.120203 1.349600
v -0.023944 0.263928 1.406919
v -0.264008 0.275049 1.319659
v 0.000258 0.445626 -0.715718
v -0.667155 -0.196797 0.528765
v -0.724281 -0.038853 0.144841
v -0.516611 -0.197143 0.518606
v -0.576885 0.397398 0.381786
v -0.142678 0.593502 0.343328
v -0.383200 0.529028 0.289411
v -0.480950 0.474132 0.240718
v -0.418029 0.147440 1.171721
v -0.291819 0.141223 1.269700
v -0.529105 0.183461 0.999821
v -0.773897 0.112366 0.205432
v -0.512596 0.101626 -0.763247
v -0.147574 0.412220 1.299686
v -0.376668 0.200168 1.169430
v -0.043407 0.451459 1.288811
v -0.021202 0.459088 1.284309
v -0.072271 0.455311 1.283869
v -0.140355 0.389407 1.316114
v -0.072494 0.425077 1.303789
v -0.131437 0.417013 1.302435
v -0.091300 0.425106 1.303291
v -0.136041 0.223871 1.340297
v -0.042770 0.418673 1.306302
v -0.062724 0.430227 1.301308
v -0.309287 0.221705 1.256588
v -0.116009 0.413144 1.307449
v -0.117646 0.416298 1.305898
v -0.130050 0.412466 1.304627
v -0.079192 0.413163 1.309436
v -0.107502 0.408315 1.306484
v -0.099117 0.419047 1.306110
v -0.129757 0.412748 1.304964
v -0.024249 0.410284 1.315136
v -0.065712 0.403210 1.314861
v -0.067179 0.406248 1.310380
v -0.078609 0.407580 1.311946
v -0.003795 0.485906 1.262082
v -0.248097 0.210359 1.290392
v -0.116377 0.412934 1.307012
v -0.001993 0.458704 1.284641
v -0.004411 0.432327 1.303297
v -0.022229 0.433599 1.301934
v -0.030819 0.428182 1.304816
v -0.081906 0.406335 1.311664
v -0.017939 0.440321 1.297519
v -0.068151 0.419447 1.305346
v -0.076148 0.258488 1.399769
v -0.244344 0.257245 1.329834
v -0.006947 0.257905 1.408747
v -0.055125 0.242938 1.398774
v -0.061570 0.226902 1.379199
v -0.432574 0.126315 1.132068
v -0.365865 0.081210 1.154444
v -0.181798 0.320887 1.345826
v -0.223212 -0.000912 1.124656
v -0.218421 0.279750 1.345847
v -0.195217 0.188996 1.316556
v -0.103606 0.119040 -1.054644
v -0.045728 0.214616 -1.025396
v -0.048812 0.280963 1.402224
v -0.215309 0.144192 1.317631
v -0.294518 0.196199 1.246719
v -0.045707 0.163895 -1.051273
v -0.033660 0.080925 -1.066657
v -0.145338 0.176623 -1.027633
v -0.224973 0.183321 -0.989949
v -0.076377 0.177447 1.353900
v -0.278822 0.161119 1.287756
v -0.456330 0.065621 0.803847
v -0.268575 0.432473 1.250698
v -0.117929 0.477594 1.259319
v -0.049564 0.526331 1.183552
v -0.058091 0.487113 1.256632
v -0.261980 0.520192 1.070225
v -0.119177 0.516430 1.190932
v -0.210239 0.494062 1.196208
v -0.147344 0.506927 1.201642
v -0.473156 0.431614 0.859571
v -0.150829 0.568875 0.590841
v -0.649902 0.307530 0.462330
v -0.503652 0.419503 0.545058
v -0.538800 0.430636 0.349322
v -0.445624 -0.275127 -0.231510
v -0.150457 -0.028707 -1.022941
v -0.282285 -0.161049 -0.844702
v -0.506244 -0.007363 -0.750268
v -0.693086 -0.040984 -0.270027
v -0.700464 -0.098022 0.021147
v -0.594481 -0.067854 -0.547947
v -0.551850 -0.144951 -0.670991
v -0.755668 0.109597 -0.058306
v -0.386941 0.110918 1.183418
v -0.118644 -0.088154 0.986948
v -0.063634 0.407914 1.308523
v -0.063983 0.425635 1.303097
v -0.073553 0.427460 1.302566
v -0.002129 0.407394 1.318605
v -0.053293 0.434656 1.299203
v -0.050405 0.416053 1.303610
v -0.102755 0.423449 1.303586
v -0.096307 0.432896 1.297739
v -0.056059 0.412967 1.303975
v -0.041122 0.416125 1.308192
v -0.074649 0.414004 1.308865
v -0.046151 0.409526 1.308852
v -0.043469 0.407207 1.313186
v -0.071375 0.418937 1.306195
v -0.073315 0.404781 1.311461
v -0.073591 0.421431 1.305618
v -0.034635 0.414475 1.311922
v -0.052989 0.423143 1.303161
v -0.077156 0.406418 1.312193
v -0.069022 0.426437 1.303277
v -0.057731 0.422505 1.303167
v -0.077719 0.421189 1.305800
v -0.062294 0.415672 1.304373
v -0.060824 0.413262 1.304391
v -0.070706 0.416790 1.306984
v -0.043361 0.422927 1.305040
v -0.045781 0.403375 1.316907
v -0.013648 0.429038 1.305331
v -0.041371 0.412733 1.309968
v -0.304941 0.271301 1.291016
v -0.107313 0.408659 1.306552
v -0.031895 0.408824 1.315088
v -0.020264 0.404488 1.319118
v -0.025143 0.402607 1.320126
v -0.064910 0.415765 1.305201
v -0.037713 0.439306 1.297285
v -0.046957 0.431319 1.301655
v -0.065707 0.406772 1.309937
v -0.053634 0.428890 1.301882
v -0.039488 0.425488 1.305221
v -0.002870 0.414355 1.314308
v -0.048328 0.421424 1.303952
v -0.339028 0.077801 1.184616
v -0.042870 0.405512 1.314704
v -0.166939 0.234426 1.346328
v -0.022250 0.154186 1.383007
v -0.230090 0.086609 1.254980
v -0.054345 0.409019 1.305843
v -0.291079 0.176063 1.260832
v -0.082733 0.405628 1.310318
v -0.049878 0.408096 1.308186
v -0.256591 0.183827 1.292355
v -0.079897 0.406197 1.310502
v -0.062487 0.409605 1.306820
v -0.086102 0.411116 1.310053
v -0.091202 0.407079 1.310806
v -0.047927 0.428269 1.302702
v -0.117989 0.411122 1.305800
v -0.100755 0.407165 1.310208
v -0.073163 0.406570 1.311913
v -0.075055 0.409602 1.310899
v -0.045370 0.420060 1.304959
v -0.057922 0.404847 1.311097
v -0.185383 0.214862 1.314111
v -0.074765 0.407570 1.312025
v -0.054104 0.407359 1.307700
v -0.060762 0.404008 1.313035
v -0.055662 0.404111 1.314431
v -0.118906 0.408973 1.306606
v -0.102104 0.406259 1.309260
v -0.084474 0.405383 1.311080
v -0.046299 0.406415 1.312943
v -0.039809 0.409383 1.313031
v -0.066739 0.404454 1.311807
v -0.069418 0.404295 1.312568
v -0.066876 0.414696 1.306255
v -0.066566 0.412453 1.307011
v -0.067428 0.425631 1.303510
v -0.046222 0.417106 1.305041
v -0.226623 0.197920 1.310247
v -0.062910 0.405626 1.310244
v -0.009551 0.405838 1.319095
v -0.015773 0.401680 1.321943
v -0.018702 0.406782 1.317682
v -0.032645 0.420799 1.308880
v -0.019295 0.420075 1.310254
v -0.012580 0.410703 1.315870
v -0.038371 0.414576 1.310934
v -0.036750 0.417273 1.309809
v -0.030729 0.415685 1.311754
v -0.036006 0.412102 1.312784
v -0.073590 0.406405 1.311032
v -0.076847 0.406189 1.311833
v -0.049244 0.414293 1.304222
v -0.045462 0.411432 1.307838
v -0.048056 0.409146 1.307941
v -0.059126 0.417736 1.303555
v -0.052273 0.408358 1.306911
v -0.067520 0.409231 1.309138
v -0.231001 0.118723 1.286065
v -0.054311 0.404914 1.311689
v -0.055687 0.404328 1.312951
v -0.058186 0.406910 1.308195
v -0.056373 0.410694 1.304937
v -0.058535 0.408196 1.307024
v -0.049788 0.410476 1.306052
v -0.042994 0.409874 1.311038
v -0.053544 0.409541 1.305487
v -0.046083 0.413737 1.305934
v -0.054870 0.418425 1.303268
v -0.070949 0.405898 1.310640
v -0.062668 0.412988 1.304886
v -0.679296 -0.256072 0.425634
v -0.501439 -0.202138 0.477136
v -0.633268 -0.132775 0.462220
v -0.634788 -0.117942 0.376268
v -0.401526 -0.164139 0.447560
v -0.478957 -0.265141 0.548507
v -0.600252 -0.277838 0.331043
v -0.550630 -0.187373 0.121295
v -0.447793 -0.112766 0.505763
v -0.462640 -0.170153 0.455125
v -0.528051 -0.280100 0.490261
v -0.577263 -0.172695 0.194199
v -0.696891 -0.270068 0.497469
v -0.517924 -0.231578 0.277058
v -0.560798 -0.257406 0.300211
v -0.491904 -0.219055 0.430484
v -0.471233 -0.257060 0.568078
v -0.476340 -0.248383 0.817917
v -0.567283 -0.274101 0.957904
v -0.464002 -0.202403 0.397075
v -0.650415 -0.101910 0.304577
v -0.495169 -0.234605 0.323462
v -0.341115 -0.276307 0.305903
v -0.673259 -0.280723 0.439689
v -0.469566 -0.224169 0.731881
v -0.450681 -0.246744 0.701058
v -0.495866 -0.275864 0.530830
v -0.465060 -0.222014 0.668403
v -0.453114 -0.247174 0.638769
v -0.493114 -0.229588 0.843040
v -0.674926 -0.243101 0.667756
v -0.460777 -0.266860 0.636024
v -0.524181 -0.211581 0.597063
v -0.702632 -0.279582 0.573746
v -0.486321 -0.222741 0.529771
v -0.693333 -0.275789 0.658983
v -0.686948 -0.279216 0.722554
v -0.681263 -0.223845 0.571518
v -0.659017 -0.228236 0.651754
v -0.454386 -0.234555 0.725597
v -0.652739 -0.279527 0.959782
v -0.600962 -0.207744 0.591451
v -0.501910 -0.252605 0.457646
v -0.593480 -0.214934 0.742990
v -0.624230 -0.265383 0.846433
v -0.570116 -0.256604 0.925238
v -0.642264 -0.280392 0.949751
v -0.608175 -0.275181 0.839114
v -0.620265 -0.223622 0.775240
v -0.573690 -0.261957 0.927613
v -0.583921 -0.266945 0.958167
v -0.614478 -0.236153 0.761567
v -0.665472 -0.280696 0.957256
v -0.605338 -0.279631 0.819907
v -0.572399 -0.261509 0.961776
v -0.634643 -0.280482 0.892890
v -0.535402 -0.277406 0.856219
v -0.603937 -0.226004 0.756891
v -0.638361 -0.239248 0.800303
v -0.607227 -0.272672 0.850862
v -0.588927 -0.257925 0.889945
v -0.658711 -0.272527 0.930551
v -0.623796 -0.236867 0.780869
v -0.644097 -0.248404 0.836183
v -0.598592 -0.251983 0.833127
v -0.621249 -0.270979 0.838703
v -0.664286 -0.242020 0.720378
v -0.655407 -0.229177 0.709182
v -0.632874 -0.215557 0.666273
v -0.631394 -0.230585 0.785788
v -0.550191 -0.222389 0.871490
v -0.635265 -0.244978 0.829387
v -0.607325 -0.221273 0.756518
v -0.507529 -0.082858 0.503731
v -0.585970 -0.266770 0.935051
v -0.674778 -0.278753 0.817125
v -0.632992 -0.253822 0.845582
v -0.500457 -0.149637 0.495074
v -0.603626 -0.193679 0.551364
v -0.620221 -0.277648 0.811110
v -0.615244 -0.280466 0.752762
v -0.674942 -0.280670 0.922284
v -0.613462 -0.246973 0.779022
v -0.563422 -0.251363 0.927091
v -0.623417 -0.219670 0.757601
v -0.585416 -0.211686 0.737167
v -0.605868 -0.142198 0.493697
v -0.612066 -0.257963 0.799726
v -0.556757 -0.256796 0.925733
v -0.537679 -0.259027 0.870981
v -0.484051 -0.234191 0.847489
v -0.524145 -0.243446 0.872251
v -0.531772 -0.225928 0.843014
v -0.547229 -0.244262 0.906026
v -0.564701 -0.233339 0.908737
v -0.478087 -0.238981 0.840385
v -0.575727 -0.248343 0.916730
v -0.548149 -0.259402 0.909024
v -0.518159 -0.242624 0.936431
v -0.539351 -0.274122 0.892225
v -0.482369 -0.254294 0.902216
v -0.527423 -0.261564 0.907486
v -0.538025 -0.279878 0.784417
v -0.549855 -0.280771 0.924949
v -0.500756 -0.256731 0.932762
v -0.512824 -0.271463 0.787569
v -0.457285 -0.246303 0.742040
v -0.548022 -0.277999 0.935687
v -0.512554 -0.247883 0.948012
v -0.489819 -0.252401 0.933191
v -0.459105 -0.271406 0.683904
v -0.492192 -0.235871 0.929234
v -0.549271 -0.231326 0.897019
v -0.488072 -0.216265 0.716018
v -0.527999 -0.214295 0.764462
v -0.541111 -0.268300 0.897838
v -0.486070 -0.262432 0.850508
v -0.504068 -0.265540 0.896417
v -0.513327 -0.225183 0.835986
v -0.471632 -0.279804 0.685907
v -0.490536 -0.280723 0.604871
v -0.469349 -0.276730 0.642330
v -0.555647 -0.268840 0.955287
v -0.486735 -0.247249 0.932804
v -0.495369 -0.242470 0.948636
v -0.596466 -0.277096 0.900945
v -0.521845 -0.280630 0.741930
v -0.529351 -0.273959 0.846238
v -0.507722 -0.230560 0.845829
v -0.475314 -0.255384 0.761020
v -0.002112 0.396075 1.327922
v -0.061678 0.205131 1.356794
v -0.005302 0.246378 1.409680
v -0.040473 0.181644 1.369427
v -0.016104 0.227617 1.361483
v -0.010802 0.190188 1.353915
v -0.003792 0.308436 1.400197
v -0.024704 0.164255 1.383146
v -0.075104 0.548120 -0.375454
v -0.024476 0.334177 1.386379
v -0.612529 -0.112244 -0.513560
v -0.550801 -0.213329 -0.445674
v -0.732005 -0.202492 -0.589806
v -0.593446 -0.217275 -0.508059
v -0.534013 -0.265425 -0.559267
v -0.773238 -0.260859 -0.540400
v -0.521129 -0.243320 -0.695674
v -0.715629 -0.197644 -0.617458
v -0.734558 -0.188723 -0.485061
v -0.556426 -0.279594 -0.701964
v -0.787867 -0.241894 -0.464560
v -0.585307 -0.224893 -0.503691
v -0.533069 -0.280252 -0.611263
v -0.624958 -0.185275 -0.544156
v -0.733612 -0.242226 -0.250751
v -0.602921 -0.198007 -0.528357
v -0.688364 -0.200564 -0.425061
v -0.793665 -0.269727 -0.461874
v -0.633878 -0.281704 -0.710430
v -0.742189 -0.280093 -0.609635
v -0.564078 -0.103441 -0.630586
v -0.541642 -0.205054 -0.721705
v -0.558990 -0.160846 -0.690589
v -0.778070 -0.230980 -0.353164
v -0.486577 -0.192223 -0.716540
v -0.472816 -0.216621 -0.688973
v -0.683051 -0.173230 -0.589004
v -0.593700 -0.279976 -0.590272
v -0.717739 -0.257193 -0.645862
v -0.648825 -0.227507 -0.686285
v -0.619212 -0.157957 -0.509596
v -0.655381 -0.171241 -0.598735
v -0.629370 -0.126305 -0.577009
v -0.359901 -0.278098 -0.439894
v -0.407493 -0.224691 -0.587803
v -0.500739 -0.263805 -0.646402
v -0.711252 -0.177342 -0.529682
v -0.505512 -0.166657 -0.716914
v -0.645388 -0.159431 -0.596764
v -0.606536 -0.280561 -0.306941
v -0.569416 -0.243622 -0.512601
v -0.710059 -0.182635 -0.603051
v -0.572390 -0.268545 -0.541106
v -0.588816 -0.198297 -0.722154
v -0.528778 -0.278659 -0.660165
v -0.615707 -0.248614 -0.721274
v -0.691734 -0.280020 -0.689890
v -0.720345 -0.280062 -0.664586
v -0.613057 -0.163519 -0.467344
v -0.611494 -0.154692 -0.660334
v -0.765959 -0.212150 -0.473723
v -0.587258 -0.246825 -0.476906
v -0.730311 -0.188388 -0.539588
v -0.767438 -0.280418 -0.493193
v -0.645635 -0.230576 -0.354643
v -0.599479 -0.238860 -0.442837
v -0.805418 -0.277812 -0.353932
v -0.729746 -0.213117 -0.392076
v -0.801446 -0.277151 -0.412354
v -0.682994 -0.247965 -0.291695
v -0.642538 -0.252972 -0.306966
v -0.736324 -0.277331 -0.197044
v -0.717944 -0.280293 -0.208301
v -0.679300 -0.234340 -0.309152
v -0.702053 -0.213118 -0.373930
v -0.617026 -0.274288 -0.301689
v -0.669368 -0.280130 -0.224611
v -0.602914 -0.278284 -0.311298
v -0.712377 -0.280931 -0.260388
v -0.628672 -0.280224 -0.260730
v -0.596963 -0.271070 -0.368428
v -0.684496 -0.279853 -0.269382
v -0.726602 -0.262223 -0.229349
v -0.631612 -0.271898 -0.296663
v -0.645323 -0.273883 -0.260897
v -0.667028 -0.269147 -0.249493
v -0.705035 -0.280235 -0.274075
v -0.725807 -0.278878 -0.192225
v -0.730677 -0.280937 -0.182892
v -0.740199 -0.280697 -0.190188
v -0.705822 -0.269555 -0.280329
v -0.701470 -0.249402 -0.301356
v -0.794496 -0.280157 -0.193605
v -0.624298 -0.251198 -0.331190
v -0.754080 -0.278738 -0.225846
v -0.600305 -0.280357 -0.446525
v -0.681624 -0.268142 -0.273706
v -0.650127 -0.280371 -0.224925
v -0.618387 -0.238853 -0.363834
v -0.738746 -0.268484 -0.221714
v -0.739673 -0.220335 -0.289228
v -0.802622 -0.277684 -0.224004
v -0.769234 -0.239170 -0.266664
v -0.714432 -0.247806 -0.266024
v -0.771739 -0.225637 -0.422063
v -0.777194 -0.229271 -0.391845
v -0.798560 -0.262115 -0.350120
v -0.759353 -0.221534 -0.360244
v -0.742784 -0.231142 -0.272856
v -0.791559 -0.278658 -0.288062
v -0.795407 -0.280993 -0.302502
v -0.745337 -0.280047 -0.217054
v -0.667701 -0.244282 -0.297303
v -0.716453 -0.230644 -0.289597
v -0.658903 -0.224182 -0.348360
v -0.705509 -0.221226 -0.318745
v -0.697773 -0.236465 -0.302819
v 0.182081 0.470187 1.250103
v 0.415091 0.256426 1.168351
v 0.161771 0.225559 1.332416
v 0.045774 0.233052 1.390241
v 0.111698 0.268486 1.389602
v 0.151372 0.467514 1.262072
v 0.210426 0.487386 1.209576
v 0.147885 0.495647 1.223515
v 0.292954 0.212935 1.259577
v 0.131499 0.188813 1.326993
v 0.328426 0.230788 1.249387
v 0.354752 0.215722 1.200801
v 0.242763 0.196905 1.298481
v 0.194120 0.147867 1.328723
v 0.327308 0.263620 1.272150
v 0.204621 0.200964 1.311614
v 0.276209 0.149908 1.288027
v 0.276272 0.172948 1.281344
v 0.176886 0.243493 1.353789
v 0.304100 0.132243 1.254199
v 0.121986 0.391875 1.318534
v 0.260965 0.223123 1.289993
v 0.238628 0.245666 1.324056
v 0.073439 0.218906 1.364059
v 0.181091 0.177555 1.325379
v 0.098654 0.169036 1.351134
v 0.243450 0.270653 1.333194
v 0.301714 0.181114 1.244638
v 0.117941 0.217950 1.340060
v 0.058428 0.252591 1.402905
v 0.057897 0.188296 1.357975
v 0.395733 0.275249 1.208024
v 0.148254 0.259295 1.379624
v 0.026107 0.176826 1.376122
v 0.723510 -0.253585 -0.242131
v 0.017659 0.158892 1.386983
v 0.081878 0.472371 1.269339
v 0.179237 0.485064 1.229830
v 0.177623 0.511400 1.176922
v -0.182081 0.470187 1.250103
v -0.150335 0.129266 1.328568
v -0.415091 0.256426 1.168351
v -0.161771 0.225559 1.332416
v -0.045774 0.233052 1.390241
v -0.111698 0.268486 1.389602
v -0.151372 0.467514 1.262072
v -0.083306 0.267646 1.397146
v -0.055112 0.479924 1.264964
v -0.210426 0.487386 1.209576
v -0.015144 0.264405 1.407840
v -0.292954 0.212935 1.259577
v -0.131499 0.188813 1.326993
v -0.328426 0.230788 1.249387
v -0.354752 0.215722 1.200801
v -0.242763 0.196905 1.298481
v -0.233220 0.139493 1.305495
v -0.194120 0.147867 1.328723
v -0.017338 0.149787 1.379176
v -0.327308 0.263620 1.272150
v -0.204621 0.200964 1.311614
v -0.276209 0.149908 1.288027
v -0.276272 0.172948 1.281344
v -0.104380 0.138793 1.350439
v -0.176886 0.243493 1.353789
v -0.304100 0.132243 1.254199
v -0.121986 0.391875 1.318534
v -0.035912 0.265316 1.406072
v -0.260965 0.223123 1.289993
v -0.238628 0.245666 1.324056
v -0.153560 0.103181 1.301916
v -0.073439 0.218906 1.364059
v -0.181091 0.177555 1.325379
v -0.281735 0.280367 1.307186
v -0.098654 0.169036 1.351134
v -0.243450 0.270653 1.333194
v -0.301714 0.181114 1.244638
v -0.117941 0.217950 1.340060
v -0.058428 0.252591 1.402905
v -0.057897 0.188296 1.357975
v -0.395733 0.275249 1.208024
v -0.148254 0.259295 1.379624
v -0.026107 0.176826 1.376122
v -0.017659 0.158892 1.386983
v -0.353749 0.281777 1.246662
v -0.598303 -0.235997 0.285432
v -0.081472 0.499979 1.232490
v -0.523287 -0.228180 0.837190
vn 0.0482 -0.9878 0.1482
vn 0.7230 -0.5545 0.4121
vn -0.1261 -0.9878 0.0916
vn -0.1261 -0.9878 -0.0916
vn 0.0482 -0.9878 -0.1482
vn 0.8193 -0.3987 0.4121
vn -0.1387 -0.3987 0.9065
vn -0.9050 -0.3987 0.1482
vn -0.4206 -0.3987 -0.8149
vn 0.6451 -0.3987 -0.6519
vn 0.7711 -0.3024 0.5603
vn -0.2945 -0.3024 0.9065
vn -0.9532 -0.3024 -0.0000
vn -0.2945 -0.3024 -0.9065
vn 0.7711 -0.3024 -0.5603
vn 0.3427 0.5545 0.7583
vn -0.6153 0.5545 0.5603
vn -0.7230 0.5545 -0.4121
vn 0.1685 0.5545 -0.8149
vn 0.8271 0.5545 -0.0916
vn 0.1261 0.9878 -0.0916
vn 0.3912 0.9158 -0.0915
vn 0.6441 0.7594 -0.0915
vn 0.2334 0.9575 -0.1696
vn 0.2079 0.9158 -0.3438
vn 0.5168 0.8363 -0.1830
vn 0.4911 0.7947 -0.3568
vn 0.3338 0.8363 -0.4350
vn 0.2860 0.7594 -0.5843
vn 0.7520 0.6369 -0.1696
vn 0.7261 0.5955 -0.3438
vn 0.5987 0.6726 -0.4350
vn 0.5513 0.5955 -0.5843
vn 0.3936 0.6369 -0.6628
vn 0.3427 0.5545 -0.7583
vn -0.0482 0.9878 -0.1482
vn 0.0339 0.9158 -0.4003
vn 0.1121 0.7594 -0.6409
vn -0.0891 0.9575 -0.2743
vn -0.2627 0.9158 -0.3039
vn -0.0144 0.8363 -0.5481
vn -0.1876 0.7947 -0.5773
vn -0.3105 0.8363 -0.4519
vn -0.4674 0.7594 -0.4526
vn 0.0711 0.6369 -0.7676
vn -0.1026 0.5955 -0.7968
vn -0.2287 0.6726 -0.7038
vn -0.3854 0.5955 -0.7049
vn -0.5087 0.6369 -0.5792
vn -0.6153 0.5545 -0.5603
vn -0.1558 0.9878 -0.0000
vn -0.3702 0.9158 -0.1560
vn -0.5749 0.7594 -0.3046
vn -0.2885 0.9575 -0.0000
vn -0.3702 0.9158 0.1560
vn -0.5257 0.8363 -0.1557
vn -0.6071 0.7947 -0.0000
vn -0.5257 0.8363 0.1557
vn -0.5749 0.7594 0.3046
vn -0.7081 0.6369 -0.3049
vn -0.7895 0.5955 -0.1487
vn -0.7400 0.6726 -0.0000
vn -0.7895 0.5955 0.1487
vn -0.7081 0.6369 0.3049
vn -0.7230 0.5545 0.4121
vn -0.0482 0.9878 0.1482
vn -0.2627 0.9158 0.3039
vn -0.4674 0.7594 0.4526
vn -0.0891 0.9575 0.2743
vn 0.0339 0.9158 0.4003
vn -0.3105 0.8363 0.4519
vn -0.1876 0.7947 0.5773
vn -0.0144 0.8363 0.5481
vn 0.1121 0.7594 0.6409
vn -0.5087 0.6369 0.5792
vn -0.3854 0.5955 0.7049
vn -0.2287 0.6726 0.7038
vn -0.1026 0.5955 0.7968
vn 0.0711 0.6369 0.7676
vn 0.1685 0.5545 0.8149
vn 0.1261 0.9878 0.0916
vn 0.2079 0.9158 0.3438
vn 0.2860 0.7594 0.5843
vn 0.2334 0.9575 0.1696
vn 0.3912 0.9158 0.0915
vn 0.3338 0.8363 0.4350
vn 0.4911 0.7947 0.3568
vn 0.5168 0.8363 0.1830
vn 0.6441 0.7594 0.0915
vn 0.3936 0.6370 0.6628
vn 0.5513 0.5955 0.5843
vn 0.5987 0.6726 0.4350
vn 0.7261 0.5955 0.3438
vn 0.7520 0.6369 0.1696
vn 0.8271 0.5545 0.0916
vn 0.9050 0.3987 -0.1482
vn 0.9366 0.1745 -0.3039
vn 0.8883 -0.0784 -0.4526
vn 0.8963 0.3485 -0.2743
vn 0.8039 0.4399 -0.4003
vn 0.8869 0.0962 -0.4519
vn 0.7947 0.1876 -0.5774
vn 0.7544 0.3611 -0.5481
vn 0.6291 0.4399 -0.6409
vn 0.7972 -0.1702 -0.5792
vn 0.7049 -0.0784 -0.7049
vn 0.7038 0.0962 -0.7038
vn 0.5785 0.1745 -0.7968
vn 0.5379 0.3485 -0.7676
vn 0.4206 0.3987 -0.8149
vn 0.1387 0.3987 -0.9065
vn 0.0004 0.1745 -0.9847
vn -0.1560 -0.0784 -0.9846
vn 0.0160 0.3485 -0.9372
vn -0.1323 0.4399 -0.8883
vn -0.1557 0.0962 -0.9831
vn -0.3035 0.1876 -0.9342
vn -0.2882 0.3611 -0.8869
vn -0.4151 0.4399 -0.7964
vn -0.3045 -0.1702 -0.9372
vn -0.4526 -0.0784 -0.8883
vn -0.4519 0.0962 -0.8869
vn -0.5791 0.1745 -0.7964
vn -0.5638 0.3485 -0.7488
vn -0.6451 0.3987 -0.6519
vn -0.8193 0.3987 -0.4121
vn -0.9363 0.1745 -0.3046
vn -0.9846 -0.0784 -0.1560
vn -0.8864 0.3485 -0.3049
vn -0.8857 0.4399 -0.1487
vn -0.9831 0.0962 -0.1557
vn -0.9822 0.1876 -0.0000
vn -0.9325 0.3611 -0.0000
vn -0.8857 0.4399 0.1487
vn -0.9854 -0.1702 -0.0000
vn -0.9846 -0.0784 0.1560
vn -0.9831 0.0962 0.1557
vn -0.9363 0.1745 0.3046
vn -0.8864 0.3485 0.3049
vn -0.8193 0.3987 0.4121
vn -0.6451 0.3987 0.6519
vn -0.5791 0.1745 0.7964
vn -0.4526 -0.0784 0.8883
vn -0.5638 0.3485 0.7488
vn -0.4151 0.4399 0.7964
vn -0.4519 0.0962 0.8869
vn -0.3035 0.1876 0.9342
vn -0.2882 0.3612 0.8869
vn -0.1323 0.4399 0.8883
vn -0.3045 -0.1702 0.9372
vn -0.1560 -0.0784 0.9846
vn -0.1557 0.0962 0.9831
vn 0.0004 0.1746 0.9846
vn 0.0160 0.3485 0.9372
vn 0.1387 0.3987 0.9065
vn 0.4206 0.3987 0.8149
vn 0.5785 0.1745 0.7968
vn 0.7049 -0.0784 0.7049
vn 0.5379 0.3485 0.7676
vn 0.6291 0.4399 0.6409
vn 0.7038 0.0962 0.7038
vn 0.7947 0.1876 0.5773
vn 0.7544 0.3611 0.5481
vn 0.8039 0.4399 0.4003
vn 0.7972 -0.1702 0.5792
vn 0.8883 -0.0784 0.4526
vn 0.8869 0.0962 0.4519
vn 0.9366 0.1745 0.3039
vn 0.8963 0.3485 0.2744
vn 0.9050 0.3987 0.1482
vn 0.2945 0.3024 -0.9065
vn 0.4526 0.0784 -0.8883
vn 0.5791 -0.1745 -0.7964
vn 0.3045 0.1702 -0.9372
vn 0.1560 0.0784 -0.9846
vn 0.4519 -0.0962 -0.8869
vn 0.3035 -0.1876 -0.9342
vn 0.1557 -0.0962 -0.9831
vn -0.0004 -0.1745 -0.9846
vn 0.5638 -0.3485 -0.7488
vn 0.4151 -0.4399 -0.7964
vn 0.2882 -0.3611 -0.8869
vn 0.1323 -0.4399 -0.8883
vn -0.0160 -0.3485 -0.9372
vn -0.1387 -0.3987 -0.9065
vn -0.7711 0.3024 -0.5603
vn -0.7049 0.0784 -0.7049
vn -0.5785 -0.1746 -0.7968
vn -0.7972 0.1702 -0.5792
vn -0.8883 0.0784 -0.4526
vn -0.7038 -0.0962 -0.7038
vn -0.7947 -0.1876 -0.5774
vn -0.8869 -0.0962 -0.4519
vn -0.9366 -0.1745 -0.3039
vn -0.5379 -0.3485 -0.7676
vn -0.6291 -0.4399 -0.6409
vn -0.7544 -0.3611 -0.5481
vn -0.8039 -0.4399 -0.4003
vn -0.8963 -0.3485 -0.2744
vn -0.9050 -0.3987 -0.1482
vn -0.7711 0.3024 0.5603
vn -0.8883 0.0784 0.4526
vn -0.9366 -0.1745 0.3039
vn -0.7972 0.1702 0.5792
vn -0.7049 0.0784 0.7049
vn -0.8869 -0.0962 0.4519
vn -0.7947 -0.1876 0.5774
vn -0.7038 -0.0962 0.7038
vn -0.5785 -0.1745 0.7968
vn -0.8963 -0.3485 0.2744
vn -0.8039 -0.4399 0.4003
vn -0.7544 -0.3611 0.5481
vn -0.6291 -0.4399 0.6409
vn -0.5379 -0.3485 0.7676
vn -0.4206 -0.3987 0.8149
vn 0.2945 0.3024 0.9065
vn 0.1560 0.0784 0.9846
vn -0.0004 -0.1745 0.9846
vn 0.3045 0.1702 0.9372
vn 0.4526 0.0784 0.8883
vn 0.1557 -0.0962 0.9831
vn 0.3035 -0.1876 0.9342
vn 0.4519 -0.0962 0.8869
vn 0.5791 -0.1745 0.7964
vn -0.0160 -0.3485 0.9372
vn 0.1323 -0.4399 0.8883
vn 0.2882 -0.3611 0.8869
vn 0.4151 -0.4399 0.7964
vn 0.5638 -0.3485 0.7488
vn 0.6451 -0.3987 0.6519
vn 0.9532 0.3024 -0.0000
vn 0.9846 0.0784 0.1560
vn 0.9363 -0.1745 0.3046
vn 0.9854 0.1702 -0.0000
vn 0.9846 0.0784 -0.1560
vn 0.9831 -0.0962 0.1557
vn 0.9822 -0.1876 -0.0000
vn 0.9831 -0.0962 -0.1557
vn 0.9363 -0.1745 -0.3046
vn 0.8864 -0.3485 0.3049
vn 0.8857 -0.4399 0.1487
vn 0.9325 -0.3611 -0.0000
vn 0.8857 -0.4399 -0.1487
vn 0.8864 -0.3485 -0.3049
vn 0.8193 -0.3987 -0.4121
vn 0.6153 -0.5545 -0.5603
vn 0.4674 -0.7594 -0.4526
vn 0.2627 -0.9158 -0.3039
vn 0.5087 -0.6370 -0.5792
vn 0.3854 -0.5955 -0.7049
vn 0.3105 -0.8363 -0.4519
vn 0.1876 -0.7947 -0.5773
vn 0.2287 -0.6726 -0.7038
vn 0.1026 -0.5955 -0.7968
vn 0.0891 -0.9575 -0.2743
vn -0.0339 -0.9158 -0.4003
vn 0.0144 -0.8363 -0.5481
vn -0.1121 -0.7594 -0.6409
vn -0.0711 -0.6370 -0.7676
vn -0.1685 -0.5545 -0.8149
vn -0.3427 -0.5545 -0.7583
vn -0.2860 -0.7594 -0.5843
vn -0.2079 -0.9158 -0.3438
vn -0.3936 -0.6369 -0.6628
vn -0.5513 -0.5955 -0.5843
vn -0.3338 -0.8363 -0.4350
vn -0.4911 -0.7947 -0.3568
vn -0.5987 -0.6726 -0.4350
vn -0.7261 -0.5955 -0.3438
vn -0.2334 -0.9575 -0.1696
vn -0.3912 -0.9158 -0.0914
vn -0.5168 -0.8363 -0.1830
vn -0.6441 -0.7594 -0.0915
vn -0.7520 -0.6369 -0.1696
vn -0.8271 -0.5545 -0.0916
vn -0.8271 -0.5545 0.0916
vn -0.6441 -0.7594 0.0915
vn -0.3912 -0.9158 0.0915
vn -0.7520 -0.6369 0.1696
vn -0.7261 -0.5955 0.3438
vn -0.5168 -0.8363 0.1830
vn -0.4911 -0.7947 0.3568
vn -0.5987 -0.6726 0.4350
vn -0.5513 -0.5955 0.5843
vn -0.2334 -0.9575 0.1696
vn -0.2079 -0.9158 0.3438
vn -0.3338 -0.8363 0.4350
vn -0.2860 -0.7594 0.5843
vn -0.3936 -0.6370 0.6628
vn -0.3427 -0.5545 0.7583
vn 0.7230 -0.5545 -0.4121
vn 0.7895 -0.5955 -0.1487
vn 0.7895 -0.5955 0.1487
vn 0.7081 -0.6369 -0.3049
vn 0.5749 -0.7594 -0.3046
vn 0.7400 -0.6726 -0.0000
vn 0.6071 -0.7947 -0.0000
vn 0.5257 -0.8363 -0.1557
vn 0.3702 -0.9158 -0.1559
vn 0.7081 -0.6369 0.3049
vn 0.5749 -0.7594 0.3046
vn 0.5257 -0.8363 0.1557
vn 0.3702 -0.9158 0.1560
vn 0.2885 -0.9575 -0.0000
vn 0.1558 -0.9878 -0.0000
vn -0.1685 -0.5545 0.8149
vn -0.1121 -0.7594 0.6409
vn -0.0339 -0.9158 0.4003
vn -0.0711 -0.6370 0.7676
vn 0.1026 -0.5955 0.7968
vn 0.0144 -0.8363 0.5481
vn 0.1876 -0.7947 0.5773
vn 0.2287 -0.6726 0.7038
vn 0.3854 -0.5955 0.7049
vn 0.0891 -0.9575 0.2743
vn 0.2627 -0.9158 0.3039
vn 0.3106 -0.8363 0.4519
vn 0.4674 -0.7594 0.4526
vn 0.5087 -0.6369 0.5792
vn 0.6153 -0.5545 0.5603
vn -0.0482 -0.9878 0.1482
vn -0.7230 -0.5545 0.4121
vn 0.1261 -0.9878 0.0916
vn 0.1261 -0.9878 -0.0916
vn -0.0482 -0.9878 -0.1482
vn -0.8193 -0.3987 0.4121
vn 0.1387 -0.3987 0.9065
vn 0.9050 -0.3987 0.1482
vn 0.4206 -0.3987 -0.8149
vn -0.6451 -0.3987 -0.6519
vn -0.7711 -0.3024 0.5603
vn 0.2945 -0.3024 0.9065
vn 0.9532 -0.3024 -0.0000
vn 0.2945 -0.3024 -0.9065
vn -0.7711 -0.3024 -0.5603
vn -0.3427 0.5545 0.7583
vn 0.6153 0.5545 0.5603
vn 0.7230 0.5545 -0.4121
vn -0.1685 0.5545 -0.8149
vn -0.8271 0.5545 -0.0916
vn -0.1261 0.9878 -0.0916
vn -0.3912 0.9158 -0.0915
vn -0.6441 0.7594 -0.0915
vn -0.2334 0.9575 -0.1696
vn -0.2079 0.9158 -0.3438
vn -0.5168 0.8363 -0.1830
vn -0.4911 0.7947 -0.3568
vn -0.3338 0.8363 -0.4350
vn -0.2860 0.7594 -0.5843
vn -0.7520 0.6369 -0.1696
vn -0.7261 0.5955 -0.3438
vn -0.5987 0.6726 -0.4350
vn -0.5513 0.5955 -0.5843
vn -0.3936 0.6369 -0.6628
vn -0.3427 0.5545 -0.7583
vn 0.0482 0.9878 -0.1482
vn -0.0339 0.9158 -0.4003
vn -0.1121 0.7594 -0.6409
vn 0.0891 0.9575 -0.2743
vn 0.2627 0.9158 -0.3039
vn 0.0144 0.8363 -0.5481
vn 0.1876 0.7947 -0.5773
vn 0.3105 0.8363 -0.4519
vn 0.4674 0.7594 -0.4526
vn -0.0711 0.6369 -0.7676
vn 0.1026 0.5955 -0.7968
vn 0.2287 0.6726 -0.7038
vn 0.3854 0.5955 -0.7049
vn 0.5087 0.6369 -0.5792
vn 0.6153 0.5545 -0.5603
vn 0.1558 0.9878 -0.0000
vn 0.3702 0.9158 -0.1560
vn 0.5749 0.7594 -0.3046
vn 0.2885 0.9575 -0.0000
vn 0.3702 0.9158 0.1560
vn 0.5257 0.8363 -0.1557
vn 0.6071 0.7947 -0.0000
vn 0.5257 0.8363 0.1557
vn 0.5749 0.7594 0.3046
vn 0.7081 0.6369 -0.3049
vn 0.7895 0.5955 -0.1487
vn 0.7400 0.6726 -0.0000
vn 0.7895 0.5955 0.1487
vn 0.7081 0.6369 0.3049
vn 0.7230 0.5545 0.4121
vn 0.0482 0.9878 0.1482
vn 0.2627 0.9158 0.3039
vn 0.4674 0.7594 0.4526
vn 0.0891 0.9575 0.2743
vn -0.0339 0.9158 0.4003
vn 0.3105 0.8363 0.4519
vn 0.1876 0.7947 0.5773
vn 0.0144 0.8363 0.5481
vn -0.1121 0.7594 0.6409
vn 0.5087 0.6369 0.5792
vn 0.3854 0.5955 0.7049
vn 0.2287 0.6726 0.7038
vn 0.1026 0.5955 0.7968
vn -0.0711 0.6369 0.7676
vn -0.1685 0.5545 0.8149
vn -0.1261 0.9878 0.0916
vn -0.2079 0.9158 0.3438
vn -0.2860 0.7594 0.5843
vn -0.2334 0.9575 0.1696
vn -0.3912 0.9158 0.0915
vn -0.3338 0.8363 0.4350
vn -0.4911 0.7947 0.3568
vn -0.5168 0.8363 0.1830
vn -0.6441 0.7594 0.0915
vn -0.3936 0.6370 0.6628
vn -0.5513 0.5955 0.5843
vn -0.5987 0.6726 0.4350
vn -0.7261 0.5955 0.3438
vn -0.7520 0.6369 0.1696
vn -0.8271 0.5545 0.0916
vn -0.9050 0.3987 -0.1482
vn -0.9366 0.1745 -0.3039
vn -0.8883 -0.0784 -0.4526
vn -0.8963 0.3485 -0.2743
vn -0.8039 0.4399 -0.4003
vn -0.8869 0.0962 -0.4519
vn -0.7947 0.1876 -0.5774
vn -0.7544 0.3611 -0.5481
vn -0.6291 0.4399 -0.6409
vn -0.7972 -0.1702 -0.5792
vn -0.7049 -0.0784 -0.7049
vn -0.7038 0.0962 -0.7038
vn -0.5785 0.1745 -0.7968
vn -0.5379 0.3485 -0.7676
vn -0.4206 0.3987 -0.8149
vn -0.1387 0.3987 -0.9065
vn -0.0004 0.1745 -0.9847
vn 0.1560 -0.0784 -0.9846
vn -0.0160 0.3485 -0.9372
vn 0.1323 0.4399 -0.8883
vn 0.1557 0.0962 -0.9831
vn 0.3035 0.1876 -0.9342
vn 0.2882 0.3611 -0.8869
vn 0.4151 0.4399 -0.7964
vn 0.3045 -0.1702 -0.9372
vn 0.4526 -0.0784 -0.8883
vn 0.4519 0.0962 -0.8869
vn 0.5791 0.1745 -0.7964
vn 0.5638 0.3485 -0.7488
vn 0.6451 0.3987 -0.6519
vn 0.8193 0.3987 -0.4121
vn 0.9363 0.1745 -0.3046
vn 0.9846 -0.0784 -0.1560
vn 0.8864 0.3485 -0.3049
vn 0.8857 0.4399 -0.1487
vn 0.9831 0.0962 -0.1557
vn 0.9822 0.1876 -0.0000
vn 0.9325 0.3611 -0.0000
vn 0.8857 0.4399 0.1487
vn 0.9854 -0.1702 -0.0000
vn 0.9846 -0.0784 0.1560
vn 0.9831 0.0962 0.1557
vn 0.9363 0.1745 0.3046
vn 0.8864 0.3485 0.3049
vn 0.8193 0.3987 0.4121
vn 0.6451 0.3987 0.6519
vn 0.5791 0.1745 0.7964
vn 0.4526 -0.0784 0.8883
vn 0.5638 0.3485 0.7488
vn 0.4151 0.4399 0.7964
vn 0.4519 0.0962 0.8869
vn 0.3035 0.1876 0.9342
vn 0.2882 0.3612 0.8869
vn 0.1323 0.4399 0.8883
vn 0.3045 -0.1702 0.9372
vn 0.1560 -0.0784 0.9846
vn 0.1557 0.0962 0.9831
vn -0.0004 0.1746 0.9846
vn -0.0160 0.3485 0.9372
vn -0.1387 0.3987 0.9065
vn -0.4206 0.3987 0.8149
vn -0.5785 0.1745 0.7968
vn -0.7049 -0.0784 0.7049
vn -0.5379 0.3485 0.7676
vn -0.6291 0.4399 0.6409
vn -0.7038 0.0962 0.7038
vn -0.7947 0.1876 0.5773
vn -0.7544 0.3611 0.5481
vn -0.8039 0.4399 0.4003
vn -0.7972 -0.1702 0.5792
vn -0.8883 -0.0784 0.4526
vn -0.8869 0.0962 0.4519
vn -0.9366 0.1745 0.3039
vn -0.8963 0.3485 0.2744
vn -0.9050 0.3987 0.1482
vn -0.2945 0.3024 -0.9065
vn -0.4526 0.0784 -0.8883
vn -0.5791 -0.1745 -0.7964
vn -0.3045 0.1702 -0.9372
vn -0.1560 0.0784 -0.9846
vn -0.4519 -0.0962 -0.8869
vn -0.3035 -0.1876 -0.9342
vn -0.1557 -0.0962 -0.9831
vn 0.0004 -0.1745 -0.9846
vn -0.5638 -0.3485 -0.7488
vn -0.4151 -0.4399 -0.7964
vn -0.2882 -0.3611 -0.8869
vn -0.1323 -0.4399 -0.8883
vn 0.0160 -0.3485 -0.9372
vn 0.1387 -0.3987 -0.9065
vn 0.7711 0.3024 -0.5603
vn 0.7049 0.0784 -0.7049
vn 0.5785 -0.1746 -0.7968
vn 0.7972 0.1702 -0.5792
vn 0.8883 0.0784 -0.4526
vn 0.7038 -0.0962 -0.7038
vn 0.7947 -0.1876 -0.5774
vn 0.8869 -0.0962 -0.4519
vn 0.9366 -0.1745 -0.3039
vn 0.5379 -0.3485 -0.7676
vn 0.6291 -0.4399 -0.6409
vn 0.7544 -0.3611 -0.5481
vn 0.8039 -0.4399 -0.4003
vn 0.8963 -0.3485 -0.2744
vn 0.9050 -0.3987 -0.1482
vn 0.7711 0.3024 0.5603
vn 0.8883 0.0784 0.4526
vn 0.9366 -0.1745 0.3039
vn 0.7972 0.1702 0.5792
vn 0.7049 0.0784 0.7049
vn 0.8869 -0.0962 0.4519
vn 0.7947 -0.1876 0.5774
vn 0.7038 -0.0962 0.7038
vn 0.5785 -0.1745 0.7968
vn 0.8963 -0.3485 0.2744
vn 0.8039 -0.4399 0.4003
vn 0.7544 -0.3611 0.5481
vn 0.6291 -0.4399 0.6409
vn 0.5379 -0.3485 0.7676
vn 0.4206 -0.3987 0.8149
vn -0.2945 0.3024 0.9065
vn -0.1560 0.0784 0.9846
vn 0.0004 -0.1745 0.9846
vn -0.3045 0.1702 0.9372
vn -0.4526 0.0784 0.8883
vn -0.1557 -0.0962 0.9831
vn -0.3035 -0.1876 0.9342
vn -0.4519 -0.0962 0.8869
vn -0.5791 -0.1745 0.7964
vn 0.0160 -0.3485 0.9372
vn -0.1323 -0.4399 0.8883
vn -0.2882 -0.3611 0.8869
vn -0.4151 -0.4399 0.7964
vn -0.5638 -0.3485 0.7488
vn -0.6451 -0.3987 0.6519
vn -0.9532 0.3024 -0.0000
vn -0.9846 0.0784 0.1560
vn -0.9363 -0.1745 0.3046
vn -0.9854 0.1702 -0.0000
vn -0.9846 0.0784 -0.1560
vn -0.9831 -0.0962 0.1557
vn -0.9822 -0.1876 -0.0000
vn -0.9831 -0.0962 -0.1557
vn -0.9363 -0.1745 -0.3046
vn -0.8864 -0.3485 0.3049
vn -0.8857 -0.4399 0.1487
vn -0.9325 -0.3611 -0.0000
vn -0.8857 -0.4399 -0.1487
vn -0.8864 -0.3485 -0.3049
vn -0.8193 -0.3987 -0.4121
vn -0.6153 -0.5545 -0.5603
vn -0.4674 -0.7594 -0.4526
vn -0.2627 -0.9158 -0.3039
vn -0.5087 -0.6370 -0.5792
vn -0.3854 -0.5955 -0.7049
vn -0.3105 -0.8363 -0.4519
vn -0.1876 -0.7947 -0.5773
vn -0.2287 -0.6726 -0.7038
vn -0.1026 -0.5955 -0.7968
vn -0.0891 -0.9575 -0.2743
vn 0.0339 -0.9158 -0.4003
vn -0.0144 -0.8363 -0.5481
vn 0.1121 -0.7594 -0.6409
vn 0.0711 -0.6370 -0.7676
vn 0.1685 -0.5545 -0.8149
vn 0.3427 -0.5545 -0.7583
vn 0.2860 -0.7594 -0.5843
vn 0.2079 -0.9158 -0.3438
vn 0.3936 -0.6369 -0.6628
vn 0.5513 -0.5955 -0.5843
vn 0.3338 -0.8363 -0.4350
vn 0.4911 -0.7947 -0.3568
vn 0.5987 -0.6726 -0.4350
vn 0.7261 -0.5955 -0.3438
vn 0.2334 -0.9575 -0.1696
vn 0.3912 -0.9158 -0.0914
vn 0.5168 -0.8363 -0.1830
vn 0.6441 -0.7594 -0.0915
vn 0.7520 -0.6369 -0.1696
vn 0.8271 -0.5545 -0.0916
vn 0.8271 -0.5545 0.0916
vn 0.6441 -0.7594 0.0915
vn 0.3912 -0.9158 0.0915
vn 0.7520 -0.6369 0.1696
vn 0.7261 -0.5955 0.3438
vn 0.5168 -0.8363 0.1830
vn 0.4911 -0.7947 0.3568
vn 0.5987 -0.6726 0.4350
vn 0.5513 -0.5955 0.5843
vn 0.2334 -0.9575 0.1696
vn 0.2079 -0.9158 0.3438
vn 0.3338 -0.8363 0.4350
vn 0.2860 -0.7594 0.5843
vn 0.3936 -0.6370 0.6628
vn 0.3427 -0.5545 0.7583
vn -0.7230 -0.5545 -0.4121
vn -0.7895 -0.5955 -0.1487
vn -0.7895 -0.5955 0.1487
vn -0.7081 -0.6369 -0.3049
vn -0.5749 -0.7594 -0.3046
vn -0.7400 -0.6726 -0.0000
vn -0.6071 -0.7947 -0.0000
vn -0.5257 -0.8363 -0.1557
vn -0.3702 -0.9158 -0.1559
vn -0.7081 -0.6369 0.3049
vn -0.5749 -0.7594 0.3046
vn -0.5257 -0.8363 0.1557
vn -0.3702 -0.9158 0.1560
vn -0.2885 -0.9575 -0.0000
vn -0.1558 -0.9878 -0.0000
vn 0.1685 -0.5545 0.8149
vn 0.1121 -0.7594 0.6409
vn 0.0339 -0.9158 0.4003
vn 0.0711 -0.6370 0.7676
vn -0.1026 -0.5955 0.7968
vn -0.0144 -0.8363 0.5481
vn -0.1876 -0.7947 0.5773
vn -0.2287 -0.6726 0.7038
vn -0.3854 -0.5955 0.7049
vn -0.0891 -0.9575 0.2743
vn -0.2627 -0.9158 0.3039
vn -0.3106 -0.8363 0.4519
vn -0.4674 -0.7594 0.4526
vn -0.5087 -0.6369 0.5792
vn -0.6153 -0.5545 0.5603
vn 0.4310 0.8843 -0.1794
vn 0.2622 0.9551 -0.1378
vn 0.2336 0.9625 -0.1379
vn 0.4618 0.2935 -0.8370
vn 0.3336 0.5354 -0.7759
vn 0.3721 0.3516 -0.8590
vn 0.0327 0.4932 0.8693
vn 0.3880 0.7352 0.5558
vn -0.0574 0.2538 0.9655
vn 0.2083 0.4923 0.8452
vn 0.2574 0.5066 0.8229
vn 0.0278 0.9996 -0.0043
vn 0.1010 0.0583 0.9932
vn 0.1039 0.7359 0.6691
vn 0.0512 0.5596 0.8272
vn 0.5435 0.3819 0.7475
vn -0.2297 0.0989 0.9682
vn 0.4490 0.3284 0.8310
vn -0.1481 0.2780 0.9491
vn -0.3563 0.3744 0.8561
vn 0.4838 0.4607 0.7441
vn 0.5209 0.4616 0.7181
vn -0.3215 0.2673 0.9084
vn -0.2347 0.1622 0.9585
vn 0.0959 0.5695 0.8164
vn 0.1683 0.8475 0.5035
vn -0.0210 0.4079 0.9128
vn 0.1156 0.0416 0.9924
vn 0.0709 0.3504 0.9339
vn 0.1008 0.0780 0.9918
vn 0.1052 0.3436 0.9332
vn -0.0830 0.3861 0.9187
vn 0.1419 0.5085 0.8493
vn 0.2708 -0.9263 -0.2619
vn 0.3357 0.6672 0.6650
vn 0.3091 0.2958 0.9039
vn 0.0881 0.5529 0.8286
vn 0.0748 0.5831 0.8090
vn 0.4375 0.5264 0.7291
vn 0.1656 0.4256 0.8896
vn 0.5798 0.7469 -0.3255
vn 0.6135 0.6429 -0.4585
vn 0.3907 0.8314 -0.3951
vn 0.9640 0.1965 -0.1792
vn 0.0572 0.5564 0.8289
vn 0.0337 0.5035 0.8633
vn 0.0101 0.5744 0.8185
vn 0.9137 -0.2705 0.3034
vn 0.4492 0.0176 -0.8933
vn 0.9998 -0.0002 -0.0190
vn 0.9876 0.1211 -0.0995
vn 0.0661 0.6001 0.7972
vn 0.0945 0.6224 0.7770
vn 0.0528 0.5603 0.8266
vn 0.0768 0.5878 0.8054
vn 0.0493 0.4934 0.8684
vn -0.1510 0.1601 0.9755
vn 0.1259 0.4895 0.8629
vn 0.0551 0.3810 0.9229
vn -0.0198 0.5315 0.8469
vn 0.1054 0.5008 0.8591
vn 0.0575 0.3747 0.9254
vn 0.0987 0.3430 0.9341
vn 0.0096 0.4705 0.8824
vn 0.0161 0.4732 0.8808
vn 0.0259 0.6420 0.7663
vn 0.8201 0.5468 0.1688
vn 0.3359 0.9142 0.2266
vn -0.5292 0.2817 0.8003
vn 0.5712 0.6214 0.5363
vn 0.9039 0.1767 0.3896
vn 0.5081 0.8488 0.1463
vn -0.9501 0.2276 0.2135
vn 0.5172 -0.8541 0.0549
vn 0.3905 0.9204 0.0196
vn 0.5384 0.6580 0.5265
vn -0.7204 0.2281 0.6550
vn 0.7929 0.5352 0.2913
vn -0.0017 -1.0000 0.0096
vn 0.9189 0.3909 0.0523
vn 0.8581 0.4678 0.2115
vn 0.8800 0.4551 0.1359
vn 0.0225 -0.9962 0.0839
vn -0.1485 -0.9883 0.0341
vn -0.8922 -0.0671 0.4467
vn 0.4473 0.8943 -0.0141
vn -0.0353 -0.9994 -0.0065
vn -0.5523 0.7719 0.3149
vn 0.1326 0.8664 0.4815
vn 0.0003 -1.0000 0.0007
vn -0.0004 -1.0000 0.0032
vn -0.3522 0.8113 0.4666
vn 0.1424 0.9892 0.0359
vn -0.7269 0.6362 0.2587
vn 0.5604 0.7934 0.2377
vn -0.1426 0.9513 0.2732
vn -0.1103 0.9901 0.0862
vn 0.0104 0.9970 0.0770
vn 0.9497 0.2813 0.1380
vn -0.0103 0.9975 0.0698
vn 0.8064 0.5223 0.2773
vn 0.5122 0.8556 0.0746
vn 0.0012 -1.0000 0.0004
vn -0.0015 -1.0000 -0.0020
vn 0.5398 0.8386 0.0737
vn 0.6639 0.5981 0.4489
vn -0.6312 -0.7744 -0.0436
vn 0.6056 0.7650 0.2193
vn -0.0645 -0.9978 -0.0147
vn -0.0100 0.9712 0.2380
vn 0.8202 0.5264 0.2242
vn 0.0170 0.9995 0.0284
vn -0.7584 0.6385 -0.1310
vn -0.0767 0.9970 0.0106
vn -0.7435 -0.6663 0.0567
vn -0.9408 -0.2792 -0.1924
vn 0.7393 0.6733 0.0114
vn 0.7555 0.6527 0.0562
vn 0.5497 -0.8309 0.0863
vn -0.1359 0.9876 0.0791
vn -0.9627 -0.0641 -0.2628
vn -0.0011 -1.0000 0.0043
vn -0.7610 0.6297 0.1560
vn 0.4158 0.4454 0.7929
vn 0.2874 0.9533 0.0934
vn -0.9033 0.4159 -0.1051
vn -0.0100 0.9873 0.1584
vn 0.0509 0.9983 -0.0295
vn 0.2493 0.8429 -0.4769
vn 0.3269 0.6879 -0.6480
vn 0.0970 0.8167 -0.5689
vn 0.7212 0.4662 -0.5124
vn 0.3921 0.7694 -0.5042
vn 0.7217 0.1024 -0.6846
vn 0.0794 0.9250 -0.3715
vn 0.8880 0.4543 -0.0715
vn 0.6885 0.6884 -0.2280
vn 0.5744 0.7935 -0.2012
vn 0.8342 0.5251 -0.1683
vn 0.7131 0.6603 -0.2358
vn 0.9896 0.0848 -0.1159
vn 0.7592 0.6465 -0.0751
vn 0.8610 0.4729 -0.1873
vn 0.7758 0.4522 -0.4401
vn 0.7554 0.5833 -0.2986
vn 0.4503 0.8576 -0.2486
vn 0.0632 -0.9212 0.3838
vn 0.7491 -0.6553 -0.0973
vn 0.5345 -0.8360 -0.1245
vn 0.4193 -0.4370 -0.7957
vn 0.7083 -0.1927 -0.6791
vn 0.9728 -0.2196 -0.0742
vn 0.7317 -0.4174 -0.5389
vn 0.9245 -0.2265 -0.3065
vn 0.9324 -0.0039 -0.3614
vn 0.3161 -0.9115 -0.2630
vn 0.1657 0.9700 -0.1779
vn 0.3460 0.9200 -0.1840
vn 0.2257 0.9737 -0.0305
vn 0.1527 0.9869 -0.0512
vn 0.3308 0.9412 -0.0681
vn 0.2263 0.8638 -0.4501
vn 0.1435 0.8822 -0.4485
vn 0.8453 -0.3353 0.4160
vn 0.5976 -0.7977 -0.0807
vn 0.6599 -0.7197 0.2159
vn 0.0010 0.5968 0.8024
vn -0.0288 0.6306 0.7756
vn 0.0268 0.6444 0.7642
vn 0.6884 -0.7013 0.1853
vn 0.2565 0.7698 0.5844
vn 0.2163 0.6517 0.7270
vn 0.5561 0.7920 0.2519
vn 0.7108 -0.5658 0.4179
vn 0.0298 0.6130 0.7895
vn 0.7469 -0.5555 0.3655
vn 0.6807 -0.6636 0.3104
vn 0.5038 -0.7445 0.4381
vn 0.6753 -0.6667 0.3153
vn -0.2075 0.9287 0.3073
vn 0.4634 -0.8778 -0.1215
vn 0.0314 -0.9994 -0.0167
vn 0.1663 -0.9714 -0.1693
vn 0.5352 -0.6663 -0.5192
vn 0.5656 -0.1559 -0.8098
vn 0.4441 -0.2835 -0.8499
vn 0.7776 -0.2228 -0.5879
vn 0.3435 -0.6797 -0.6480
vn 0.4911 -0.8643 -0.1086
vn 0.6458 0.3868 0.6583
vn 0.0362 0.8980 0.4385
vn 0.0704 0.9109 0.4065
vn 0.0773 0.8289 0.5541
vn 0.1553 0.9310 0.3304
vn 0.4280 0.8960 0.1180
vn 0.4182 0.8695 0.2627
vn 0.1463 0.9146 0.3769
vn 0.1171 0.8943 0.4318
vn 0.0683 0.9238 0.3766
vn 0.2686 0.8994 0.3449
vn 0.2401 0.8809 0.4080
vn 0.1928 0.8866 0.4204
vn 0.1357 0.8912 0.4328
vn 0.1011 0.9938 -0.0462
vn 0.2287 0.9640 0.1354
vn 0.4714 0.8819 -0.0049
vn 0.4881 0.8579 0.1603
vn 0.3411 0.9400 -0.0113
vn 0.7321 0.6669 0.1386
vn 0.8545 0.3973 0.3346
vn 0.7426 0.6605 0.1106
vn 0.8814 -0.4290 0.1978
vn 0.3362 0.9415 0.0243
vn 0.1610 0.7721 0.6148
vn 0.1225 0.6730 0.7294
vn 0.0498 0.6573 0.7520
vn 0.0861 0.7361 0.6714
vn 0.1034 -0.9033 0.4165
vn 0.0587 -0.9225 0.3816
vn 0.4788 -0.8378 0.2623
vn 0.1076 0.0828 0.9907
vn -0.1856 -0.8875 0.4218
vn 0.0694 0.6572 0.7506
vn 0.0472 0.7165 0.6960
vn 0.6166 0.3366 0.7117
vn 0.2311 0.4314 0.8720
vn 0.1035 0.1418 0.9845
vn 0.1203 -0.8222 0.5564
vn 0.0777 -0.9942 -0.0740
vn 0.0827 -0.9956 -0.0439
vn -0.0568 -0.9895 -0.1329
vn -0.1399 -0.9212 -0.3632
vn 0.1668 -0.0081 0.9859
vn 0.2934 0.5580 0.7763
vn 0.0820 0.6961 0.7132
vn 0.0957 0.6229 0.7764
vn 0.0589 -0.6977 0.7139
vn 0.1020 0.6649 0.7399
vn 0.1997 -0.0232 0.9796
vn 0.2760 0.4077 0.8704
vn 0.0897 0.7148 0.6935
vn 0.0700 0.7350 0.6744
vn 0.1570 -0.7785 0.6077
vn 0.2774 0.4002 0.8734
vn 0.2787 0.4192 0.8640
vn 0.1738 -0.8131 0.5556
vn 0.1608 0.4083 0.8986
vn 0.0274 0.7777 0.6280
vn 0.0656 0.7100 0.7012
vn 0.5205 -0.8314 0.1948
vn 0.6095 -0.7767 0.1587
vn 0.3626 -0.6629 0.6550
vn 0.3843 -0.8402 0.3826
vn 0.1405 0.4637 -0.8748
vn 0.0089 0.2569 -0.9664
vn 0.0476 0.5585 0.8281
vn -0.0039 0.5472 0.8370
vn 0.0083 0.6280 -0.7782
vn 0.0991 0.6312 -0.7693
vn 0.1588 0.4427 -0.8825
vn 0.0214 0.4182 0.9081
vn 0.0690 0.7310 0.6789
vn 0.1029 0.0054 -0.9947
vn 0.2461 0.2497 -0.9365
vn 0.8680 -0.4628 0.1797
vn 0.7251 -0.6516 0.2228
vn 0.1514 0.9884 -0.0078
vn 0.2034 0.9791 -0.0010
vn 0.0679 0.7349 0.6748
vn 0.3638 0.8861 -0.2873
vn 0.9546 0.2234 -0.1968
vn 0.8152 0.5709 -0.0974
vn 0.8511 0.3464 -0.3945
vn 0.6983 0.6064 -0.3803
vn 0.6398 0.6630 -0.3887
vn 0.0576 0.3748 0.9253
vn 0.0571 0.5356 0.8425
vn -0.0783 -0.9043 0.4196
vn 0.0356 0.1381 0.9898
vn 0.0925 0.2106 0.9732
vn -0.2376 0.0319 0.9708
vn 0.0766 0.5354 0.8411
vn -0.3116 0.5579 0.7692
vn -0.2940 -0.0396 0.9550
vn -0.0925 0.5192 0.8496
vn 0.1934 0.7249 0.6611
vn 0.0899 0.9182 0.3857
vn 0.1117 0.7856 0.6086
vn -0.1038 0.1924 0.9758
vn 0.1414 0.6567 0.7407
vn 0.3230 0.5959 0.7352
vn 0.0235 0.1750 0.9843
vn 0.0199 0.1716 0.9850
vn 0.2707 0.7871 0.5542
vn 0.2676 0.8552 0.4439
vn 0.0219 0.8207 0.5709
vn -0.0283 0.8230 0.5673
vn -0.0031 0.8889 0.4582
vn 0.4217 0.6257 0.6563
vn -0.0136 0.3380 0.9411
vn 0.2728 0.1166 0.9550
vn 0.0963 0.7335 0.6728
vn -0.0203 0.2839 0.9586
vn -0.0032 0.5204 0.8539
vn 0.1987 0.4857 0.8512
vn 0.0703 0.5106 0.8569
vn 0.0620 0.4822 0.8739
vn 0.0977 0.4442 0.8906
vn 0.1470 0.4017 0.9039
vn 0.1194 0.4474 0.8863
vn 0.2379 0.3484 0.9066
vn 0.1814 0.4097 0.8940
vn 0.3370 0.5369 0.7734
vn 0.3511 0.5274 0.7737
vn 0.4142 0.5265 0.7425
vn 0.0888 0.4643 0.8812
vn 0.3104 0.3472 0.8849
vn 0.2365 0.4434 0.8646
vn -0.3847 0.3214 0.8653
vn -0.3117 0.4667 0.8276
vn -0.0387 -0.9886 -0.1457
vn -0.2100 -0.9725 0.1003
vn 0.4177 0.3549 0.8364
vn 0.2544 0.4777 0.8409
vn 0.1766 0.4542 0.8732
vn 0.1757 0.9057 0.3858
vn -0.1878 0.6285 0.7548
vn -0.1634 0.5918 0.7894
vn 0.2478 0.7163 0.6524
vn 0.0096 0.9123 0.4093
vn -0.1384 0.4144 0.8995
vn 0.4447 0.7142 0.5405
vn 0.0853 0.3898 0.9169
vn 0.0562 0.5308 0.8456
vn -0.3651 0.4782 0.7988
vn 0.1936 0.3788 0.9050
vn 0.2466 0.0591 0.9673
vn 0.0388 -0.7216 0.6912
vn 0.0778 0.8425 0.5330
vn 0.1294 0.1885 0.9735
vn 0.1680 0.4192 0.8922
vn 0.3992 0.4517 0.7979
vn -0.3438 0.4446 0.8271
vn -0.1943 0.4298 0.8818
vn -0.0146 0.9610 0.2762
vn -0.0553 0.9634 0.2622
vn -0.1935 0.5853 0.7874
vn 0.3894 0.5770 0.7179
vn 0.0537 -0.9200 0.3882
vn -0.1892 0.4270 0.8842
vn 0.3747 0.4636 0.8029
vn -0.0613 0.4200 0.9054
vn -0.1581 0.4086 0.8989
vn -0.0119 0.6570 0.7538
vn -0.0544 0.7239 0.6878
vn 0.0877 0.2654 0.9601
vn 0.0388 -0.9986 0.0356
vn 0.2548 0.1342 0.9576
vn 0.2171 0.1559 0.9636
vn -0.1182 0.1268 0.9849
vn 0.0860 0.4088 0.9086
vn 0.1373 0.3703 0.9187
vn 0.2003 0.3275 0.9234
vn 0.2119 0.3167 0.9246
vn 0.3984 0.2812 0.8730
vn 0.2316 0.3293 0.9154
vn -0.3826 0.4274 0.8191
vn -0.3030 0.3829 0.8727
vn -0.0032 0.0337 0.9994
vn 0.0611 0.4913 0.8688
vn -0.0442 0.2288 0.9725
vn 0.1167 -0.4441 0.8883
vn 0.1185 0.3884 0.9138
vn 0.1003 0.6105 0.7856
vn -0.0719 0.3575 0.9311
vn -0.3728 0.3423 0.8625
vn -0.1199 0.2695 0.9555
vn -0.1196 0.2685 0.9558
vn -0.0900 0.7287 0.6789
vn 0.1295 0.4245 0.8961
vn 0.0811 0.4759 0.8758
vn 0.0500 0.5071 0.8604
vn -0.4127 0.3432 0.8437
vn 0.3442 0.9387 -0.0181
vn -0.0015 -1.0000 -0.0070
vn -0.0123 -0.9998 -0.0157
vn 0.9451 0.2782 0.1712
vn 0.9510 0.2217 0.2154
vn -0.5931 0.6256 0.5068
vn -0.9869 0.1086 0.1196
vn 0.8571 0.4032 0.3206
vn -0.7241 0.6374 0.2634
vn -0.7466 0.5295 0.4029
vn 0.0401 0.8693 0.4927
vn -0.3094 0.7737 0.5529
vn -0.3887 0.8604 0.3294
vn -0.3970 0.8305 0.3907
vn -0.9756 0.1077 0.1912
vn 0.3506 0.6763 0.6479
vn -0.6759 -0.5770 0.4586
vn 0.3118 0.4884 0.8150
vn -0.2842 0.9402 0.1876
vn 0.0765 0.8686 0.4895
vn -0.2481 0.9522 0.1780
vn 0.0884 0.2087 0.9740
vn -0.4307 0.8231 0.3701
vn -0.4923 0.7797 0.3869
vn 0.0001 -1.0000 0.0025
vn -0.3566 0.7495 0.5578
vn 0.1701 0.9282 0.3308
vn 0.1087 0.9309 0.3488
vn 0.0360 0.9963 0.0778
vn -0.3841 0.4384 0.8125
vn -0.8935 0.4095 0.1842
vn -0.0039 -1.0000 0.0036
vn -0.0020 -1.0000 -0.0033
vn 0.1194 -0.9916 0.0502
vn -0.0234 -0.9984 -0.0523
vn -0.0015 -1.0000 0.0020
vn -0.1567 0.8790 0.4503
vn 0.3815 0.6915 0.6134
vn 0.8157 0.4615 0.3487
vn -0.1519 0.6810 0.7164
vn -0.1709 0.6585 0.7329
vn 0.0196 -0.9996 0.0208
vn -0.0038 -1.0000 0.0036
vn 0.8474 0.3505 0.3988
vn -0.4452 0.8063 0.3896
vn 0.5245 0.4747 0.7068
vn 0.8019 0.5952 -0.0522
vn -0.1292 0.8135 0.5670
vn -0.0418 -0.9897 0.1367
vn -0.2989 0.8626 0.4081
vn 0.4580 0.6980 0.5504
vn -0.1840 0.9665 0.1791
vn 0.5106 0.6444 0.5692
vn 0.3291 0.9432 0.0457
vn 0.3938 0.9089 0.1370
vn -0.4033 0.8209 0.4042
vn -0.5384 0.7239 0.4314
vn 0.3532 0.7314 0.5833
vn 0.6174 0.7830 -0.0758
vn 0.5571 -0.8264 -0.0814
vn 0.7023 0.6891 0.1786
vn 0.8103 0.5722 0.1265
vn 0.8596 0.4882 -0.1507
vn 0.3183 0.9019 0.2920
vn -0.0477 -0.9989 0.0002
vn -0.4019 0.8791 0.2565
vn -0.8716 0.4310 0.2336
vn -0.4013 0.8204 0.4072
vn -0.1974 0.9725 0.1235
vn 0.6944 0.5826 0.4224
vn 0.8282 0.3142 0.4642
vn -0.9164 0.0882 0.3904
vn -0.0104 -0.9999 -0.0017
vn 0.0580 -0.9983 -0.0103
vn 0.1408 0.9812 -0.1318
vn 0.4123 0.8366 -0.3608
vn -0.1229 -0.9749 -0.1856
vn 0.0650 -0.1550 -0.9858
vn 0.4215 -0.5967 -0.6829
vn -0.4540 -0.8833 0.1165
vn -0.1323 -0.9761 0.1722
vn -0.7034 -0.7036 -0.1010
vn 0.9309 0.3335 0.1487
vn -0.8255 -0.5398 0.1648
vn 0.4093 0.8419 0.3516
vn 0.2029 -0.9115 0.3578
vn -0.8104 -0.4879 0.3244
vn -0.3850 -0.9227 0.0195
vn -0.9743 0.2058 0.0914
vn -0.3015 -0.9515 0.0608
vn -0.2006 0.9795 0.0157
vn -0.9450 -0.0849 0.3159
vn -0.8841 0.4505 0.1242
vn -0.7020 0.6021 0.3804
vn 0.0311 -0.9995 -0.0053
vn 0.4614 -0.7484 0.4765
vn 0.2778 0.2357 0.9313
vn -0.4284 0.2666 0.8633
vn 0.9293 0.2952 0.2220
vn -0.1439 -0.9551 0.2588
vn -0.0155 -0.9999 -0.0005
vn 0.6528 0.6356 0.4122
vn 0.9190 0.3334 0.2105
vn 0.8967 0.3181 0.3078
vn 0.5291 0.8440 0.0873
vn -0.0842 0.9764 0.1990
vn 0.9299 0.3100 0.1979
vn 0.3826 -0.8722 0.3048
vn 0.6448 -0.7632 0.0427
vn 0.1998 -0.9774 0.0687
vn -0.6675 0.7006 0.2522
vn 0.8367 0.4939 0.2365
vn -0.0193 0.5976 0.8016
vn 0.0016 0.4877 0.8730
vn -0.0068 0.8278 -0.5609
vn 0.0139 0.8880 -0.4597
vn 0.0446 0.9912 0.1243
vn 0.0046 0.8545 0.5195
vn 0.0749 -0.3141 -0.9464
vn 0.0183 0.8365 -0.5477
vn 0.0123 0.6089 0.7931
vn 0.1903 0.5355 0.8228
vn 0.1462 0.5274 0.8369
vn 0.0061 0.9409 -0.3386
vn -0.0114 0.9978 -0.0658
vn 0.8623 0.2405 -0.4457
vn 0.5819 -0.6208 0.5253
vn -0.3237 -0.9152 0.2399
vn -0.4815 -0.8632 0.1516
vn -0.2457 0.9431 0.2241
vn 0.5930 0.2534 -0.7643
vn 0.2410 0.6396 -0.7299
vn -0.5555 0.8056 0.2061
vn -0.6396 -0.4700 -0.6083
vn 0.0281 -0.9994 -0.0204
vn -0.2480 0.6789 0.6911
vn 0.4195 -0.7696 0.4815
vn 0.1762 -0.9843 0.0073
vn 0.6821 0.1140 -0.7223
vn 0.2245 0.9741 0.0262
vn -0.7465 -0.6416 -0.1763
vn 0.9201 0.3433 0.1885
vn 0.5597 -0.6884 0.4614
vn 0.8234 -0.3638 0.4355
vn 0.4966 -0.8295 0.2556
vn 0.2949 -0.8638 0.4086
vn -0.9839 0.1527 0.0926
vn 0.1985 0.9639 0.1772
vn 0.5345 -0.7053 0.4657
vn 0.8907 0.3677 0.2672
vn 0.6119 0.2314 0.7564
vn 0.8145 0.5071 0.2819
vn -0.0048 0.9999 0.0159
vn 0.4767 -0.8775 -0.0516
vn 0.6802 -0.6683 0.3013
vn 0.5728 -0.7722 0.2748
vn 0.6149 -0.7843 -0.0825
vn 0.5065 -0.7805 0.3663
vn -0.0185 -0.9997 -0.0149
vn -0.9143 0.3393 -0.2211
vn 0.4055 0.8478 0.3418
vn 0.5746 -0.8078 0.1315
vn 0.0222 -0.9968 0.0774
vn 0.7224 0.6295 0.2862
vn 0.4142 -0.8457 0.3365
vn 0.0062 -1.0000 0.0014
vn -0.1087 -0.5594 0.8218
vn 0.8550 0.4739 0.2106
vn 0.3197 0.9015 0.2919
vn 0.2069 -0.7607 0.6152
vn -0.0988 0.9809 0.1673
vn -0.2170 0.9723 0.0865
vn -0.8421 0.0306 0.5385
vn -0.9670 -0.1815 0.1790
vn 0.1983 0.9658 0.1669
vn -0.1996 0.8660 0.4585
vn -0.4732 -0.2858 0.8333
vn 0.4048 0.9017 0.1518
vn 0.4362 0.8833 0.1721
vn 0.3427 0.9383 0.0460
vn 0.3642 0.9293 0.0616
vn 0.9721 0.2212 0.0776
vn 0.7868 0.6172 0.0026
vn 0.6744 0.7037 0.2237
vn 0.6693 0.7175 0.1927
vn 0.8923 -0.4065 0.1965
vn 0.9115 0.3969 0.1083
vn 0.1553 0.8279 0.5390
vn 0.4678 0.8601 0.2037
vn 0.5875 -0.7540 0.2938
vn 0.4678 -0.7929 0.3905
vn -0.4763 0.7423 0.4714
vn -0.1018 0.9826 0.1554
vn -0.3876 -0.8700 0.3047
vn -0.9014 0.3937 0.1805
vn -0.1522 -0.9621 0.2262
vn -0.9285 -0.3123 0.2007
vn 0.0604 0.8925 0.4469
vn 0.0992 0.8892 0.4467
vn 0.0885 0.8437 0.5295
vn 0.0969 0.8846 0.4562
vn 0.2982 0.9396 0.1682
vn 0.1811 0.9259 0.3315
vn 0.0795 0.9650 0.2498
vn 0.1427 0.9243 0.3540
vn 0.0805 0.9312 0.3555
vn 0.0726 0.9640 0.2557
vn 0.6540 0.7560 0.0258
vn 0.6345 0.7728 0.0121
vn 0.2044 0.9789 0.0028
vn 0.2580 0.9653 -0.0395
vn 0.2108 0.9771 -0.0279
vn 0.1319 0.9833 0.1256
vn -0.9636 -0.1603 0.2139
vn -0.1405 -0.9898 -0.0230
vn 0.0060 -1.0000 0.0003
vn -0.9716 -0.2316 0.0486
vn 0.1020 0.5039 0.8577
vn -0.4515 0.8756 0.1718
vn 0.0732 0.9272 0.3672
vn -0.8504 0.4556 0.2633
vn -0.4219 0.8147 0.3978
vn -0.0409 -0.9763 0.2127
vn -0.9449 -0.3018 0.1269
vn -0.2703 0.9538 -0.1311
vn -0.1967 0.9800 -0.0311
vn -0.2376 0.9615 -0.1379
vn -0.4881 0.8698 -0.0725
vn -0.4616 0.2924 -0.8375
vn -0.3335 0.5632 -0.7560
vn -0.3289 0.5787 -0.7463
vn -0.3282 0.5230 -0.7866
vn -0.3754 0.3548 -0.8563
vn -0.4722 -0.8125 0.3418
vn -0.0260 0.4904 0.8711
vn -0.0223 0.4898 0.8715
vn -0.3617 0.7548 0.5472
vn -0.0651 0.4702 0.8802
vn -0.2057 0.4910 0.8465
vn -0.3079 0.5721 0.7602
vn -0.0012 0.7454 0.6666
vn 0.2426 0.1316 0.9612
vn -0.4512 0.3246 0.8313
vn 0.0280 0.2491 0.9681
vn 0.3622 0.3631 0.8585
vn -0.3938 0.3617 0.8450
vn -0.5207 0.4561 0.7217
vn -0.2685 0.4641 0.8441
vn 0.3012 0.2288 0.9257
vn -0.5037 0.2708 0.8203
vn -0.0588 0.5541 0.8304
vn -0.0958 0.5703 0.8158
vn 0.1037 0.3756 0.9210
vn -0.0658 0.4717 0.8793
vn -0.1506 0.5275 0.8361
vn -0.1196 0.5392 0.8337
vn 0.0567 0.0646 0.9963
vn 0.0087 -0.9999 0.0131
vn -0.1476 0.6107 0.7780
vn -0.4222 0.5071 0.7514
vn -0.6132 0.7538 0.2362
vn -0.5996 0.7893 0.1324
vn -0.6424 0.4937 0.5862
vn -0.0025 0.5781 0.8160
vn -0.1314 0.4436 0.8866
vn 0.1069 -0.9288 0.3548
vn -0.5735 0.7446 -0.3417
vn -0.0549 0.5537 0.8309
vn -0.0534 0.5524 0.8318
vn -1.0000 -0.0000 -0.0000
vn -0.0087 0.5745 0.8184
vn -0.4530 0.0034 -0.8915
vn -0.9981 0.0477 -0.0401
vn -0.9916 0.0655 -0.1118
vn -0.0394 0.5904 0.8061
vn -0.0682 0.6108 0.7889
vn -0.0790 0.5844 0.8076
vn -0.0835 0.6388 0.7648
vn -0.0584 0.5198 0.8523
vn 0.0909 0.4245 0.9009
vn -0.0633 0.5733 0.8169
vn -0.0758 0.5866 0.8063
vn 0.1323 0.1362 0.9818
vn -0.5031 0.1294 0.8545
vn -0.0550 0.4174 0.9070
vn -0.0642 0.3610 0.9303
vn -0.0537 0.4630 0.8847
vn -0.0626 0.4931 0.8677
vn -0.0312 0.5016 0.8645
vn -0.0202 0.2752 0.9612
vn -0.0097 0.3380 0.9411
vn -0.0163 0.4274 0.9039
vn 0.0020 0.4573 0.8893
vn -0.0167 0.4670 0.8841
vn -0.0722 0.4741 0.8775
vn -0.8095 0.5102 0.2907
vn -0.1796 0.9438 0.2776
vn -0.6409 0.7593 0.1127
vn -0.1522 -0.9877 0.0347
vn 0.0611 -0.9870 0.1489
vn -0.9066 0.1722 0.3852
vn 0.7184 0.6333 0.2877
vn -0.8663 0.4665 0.1785
vn 0.0142 -0.9999 0.0035
vn 0.0109 -0.9999 -0.0077
vn -0.4379 0.8979 0.0456
vn -0.9883 0.0472 0.1453
vn -0.3413 -0.9255 0.1640
vn -0.0965 0.9878 0.1224
vn 0.4324 -0.8758 0.2146
vn 0.6706 -0.7360 0.0928
vn -0.4899 0.1400 0.8605
vn -0.8693 0.4540 0.1954
vn -0.7830 0.5749 0.2374
vn -0.8903 0.4322 0.1431
vn 0.8999 -0.0562 0.4324
vn 0.1192 0.8466 0.5188
vn -0.7852 -0.6191 -0.0125
vn 0.0046 0.9969 0.0782
vn -0.1588 0.9828 0.0940
vn -0.9554 0.2746 0.1087
vn -0.3904 -0.9204 0.0232
vn -0.5858 0.7758 0.2347
vn -0.0810 0.9654 0.2477
vn -0.7935 0.5681 0.2184
vn -0.7641 0.6450 -0.0019
vn 0.2521 0.9664 -0.0510
vn -0.9845 -0.1554 0.0812
vn -0.5088 0.8593 0.0527
vn -0.3188 0.9472 0.0341
vn -0.6948 0.5675 0.4419
vn 0.0011 -1.0000 -0.0010
vn -0.8363 0.5004 0.2239
vn -0.9084 0.3408 0.2423
vn 0.7425 0.6595 -0.1173
vn 0.0033 -0.9997 -0.0225
vn -0.9660 0.2468 0.0773
vn 0.9763 -0.2093 0.0551
vn 0.5512 0.7935 0.2579
vn 0.9908 -0.1073 0.0820
vn -0.9750 0.1874 0.1191
vn 0.5881 0.7835 0.2009
vn -0.5267 0.4094 0.7450
vn 0.2916 0.9474 0.1318
vn -0.8208 0.5595 0.1151
vn -0.8915 0.3132 0.3273
vn -0.1274 0.9418 0.3110
vn -0.4355 -0.6074 0.6644
vn -0.2920 0.9520 -0.0917
vn -0.5576 0.6357 -0.5338
vn -0.6215 0.6438 -0.4465
vn -0.5270 0.1168 -0.8418
vn -0.4975 0.1406 -0.8560
vn -0.0794 0.9240 -0.3740
vn -0.2159 0.9308 -0.2950
vn -0.9566 0.2836 -0.0665
vn -0.8931 0.3817 -0.2379
vn -0.8734 0.4868 0.0104
vn -0.7578 0.4420 -0.4799
vn -0.8174 0.2298 -0.5282
vn -0.8327 0.1989 -0.5167
vn -0.5763 0.7567 -0.3087
vn -0.4169 0.8695 -0.2649
vn -0.3905 0.8384 -0.3802
vn -0.5815 0.8134 0.0160
vn -0.4166 -0.3825 -0.8247
vn -0.5429 -0.6644 -0.5137
vn -0.3421 -0.8826 -0.3224
vn -0.5416 -0.4840 -0.6874
vn -0.1023 -0.6597 -0.7446
vn -0.8874 -0.4572 -0.0592
vn -0.8110 -0.5662 -0.1471
vn -0.9723 -0.1099 -0.2061
vn -0.9335 -0.2897 -0.2113
vn -0.8308 -0.3571 -0.4270
vn -0.8622 -0.3822 -0.3324
vn -0.4442 -0.8611 -0.2474
vn -0.1377 0.9896 -0.0425
vn -0.3427 -0.8829 -0.3209
vn -0.3500 -0.8789 -0.3241
vn -0.6329 -0.7592 -0.1520
vn -0.1908 -0.0410 -0.9808
vn -0.2219 -0.0412 -0.9742
vn -0.0053 -0.9546 -0.2979
vn -0.0597 0.9978 -0.0274
vn -0.2972 0.9545 -0.0256
vn -0.3615 0.9133 -0.1876
vn -0.0395 0.9973 -0.0618
vn -0.2447 0.8764 -0.4148
vn -0.2405 0.7899 -0.5641
vn -0.0388 0.5657 0.8237
vn -0.6398 -0.6407 0.4245
vn -0.9330 -0.3447 -0.1029
vn -0.8206 -0.5608 0.1103
vn -0.8619 -0.4500 -0.2335
vn -0.8369 -0.1207 -0.5339
vn -0.8740 -0.3687 -0.3164
vn -0.4684 -0.8754 -0.1191
vn -0.8187 -0.1147 -0.5626
vn -0.2931 -0.8925 0.3429
vn -0.8613 -0.4515 -0.2329
vn -0.6085 0.3763 0.6986
vn -0.6332 0.2381 0.7364
vn -0.7183 0.5586 0.4148
vn -0.8467 -0.4763 0.2372
vn -0.9484 -0.1395 0.2847
vn -0.0155 0.6440 0.7649
vn -0.7167 -0.6183 0.3227
vn -0.1826 0.3059 -0.9344
vn -0.6640 -0.5875 0.4626
vn 0.1426 -0.9780 0.1524
vn -0.1522 -0.9789 -0.1364
vn -0.0726 -0.3021 -0.9505
vn -0.3938 -0.8090 -0.4364
vn -0.7266 -0.4396 -0.5280
vn -0.5557 -0.1429 -0.8190
vn -0.7049 -0.1537 -0.6925
vn -0.4497 -0.3467 -0.8232
vn -0.2170 -0.5936 -0.7750
vn -0.4533 -0.6092 -0.6506
vn -0.3795 -0.6325 -0.6752
vn -0.6709 -0.7109 0.2109
vn -0.6160 0.4135 -0.6705
vn -0.4711 0.3893 -0.7915
vn -0.0704 0.9111 0.4062
vn -0.0773 0.8284 0.5548
vn -0.0589 0.9853 0.1601
vn -0.0530 0.9683 0.2439
vn -0.1462 0.9150 0.3761
vn -0.0683 0.9237 0.3769
vn -0.2404 0.8800 0.4096
vn -0.1929 0.8866 0.4203
vn -0.1359 0.8910 0.4332
vn -0.7054 0.7084 0.0224
vn -0.5780 0.8160 0.0100
vn -0.1270 0.9906 -0.0509
vn -0.2488 0.9623 0.1100
vn -0.1241 0.9846 0.1232
vn -0.4694 0.8830 -0.0043
vn -0.4478 0.8888 0.0976
vn -0.3699 0.9114 0.1805
vn -0.3545 0.9350 -0.0092
vn -0.2443 0.9637 0.1076
vn -0.9747 0.1862 0.1233
vn -0.7573 0.6030 0.2508
vn -0.8621 0.3558 0.3609
vn -0.7315 0.6694 0.1296
vn -0.7605 0.5990 0.2505
vn -0.8582 -0.4742 0.1965
vn -0.1748 0.9840 0.0357
vn -0.1612 0.7701 0.6172
vn -0.1791 0.8378 0.5158
vn -0.1437 0.8816 0.4495
vn -0.1653 -0.9202 0.3547
vn -0.2282 -0.8154 0.5320
vn -0.0532 -0.9178 0.3935
vn -0.0332 -0.9057 0.4227
vn -0.2197 -0.9085 0.3554
vn -0.5562 0.7998 -0.2256
vn -0.0054 0.9969 0.0779
vn -0.0472 0.7163 0.6962
vn -0.0713 0.6590 0.7487
vn -0.5915 0.2858 0.7539
vn -0.8372 -0.0756 0.5417
vn -0.0773 0.1326 0.9881
vn -0.4417 0.3562 0.8234
vn -0.0702 -0.9922 -0.1026
vn -0.0853 -0.9959 -0.0289
vn -0.0697 -0.9921 -0.1047
vn 0.0624 -0.9831 -0.1722
vn 0.0533 -0.9924 -0.1108
vn -0.1757 -0.0965 0.9797
vn -0.3251 0.5206 0.7895
vn -0.0965 0.6312 0.7696
vn -0.1106 0.6938 0.7116
vn -0.2019 0.0126 0.9793
vn -0.1601 0.1901 0.9686
vn -0.2702 0.4100 0.8711
vn -0.1876 0.4940 0.8490
vn -0.0751 0.7568 0.6493
vn -0.1076 0.6611 0.7425
vn -0.1946 -0.6627 0.7231
vn -0.1781 -0.6733 0.7176
vn -0.0164 0.8297 0.5579
vn -0.0652 0.7120 0.6991
vn -0.4320 -0.8548 0.2877
vn -0.5839 -0.8024 0.1235
vn -0.2996 -0.6679 0.6812
vn -0.5025 -0.8502 0.1570
vn -0.2555 0.5105 0.8210
vn -0.0392 0.6480 -0.7606
vn -0.0303 0.5718 0.8198
vn -0.0043 0.5472 0.8370
vn 0.0066 -0.8944 -0.4472
vn 0.0522 -0.7617 -0.6458
vn -0.0524 0.3512 0.9348
vn -0.0691 0.7308 0.6791
vn -0.2451 0.2604 -0.9339
vn -0.2581 -0.0023 -0.9661
vn 0.0488 -0.0048 -0.9988
vn -0.8900 0.4556 -0.0199
vn -0.1970 0.9794 0.0447
vn -0.6643 0.7199 -0.2011
vn -0.7035 0.6758 -0.2199
vn -0.7772 0.6242 -0.0792
vn -0.8271 0.5615 -0.0247
vn -0.8895 0.4566 -0.0191
vn -0.8747 0.4264 -0.2303
vn -0.6265 0.6632 -0.4094
vn -0.0454 0.4254 0.9039
vn 0.0715 -0.8130 0.5778
vn -0.0935 0.0937 0.9912
vn -0.0811 0.4854 0.8705
vn 0.3116 0.5612 0.7668
vn 0.2949 -0.0539 0.9540
vn -0.2679 0.7862 0.5569
vn -0.1099 0.9401 0.3226
vn -0.0572 0.8712 0.4876
vn -0.0781 0.9738 0.2136
vn -0.1482 0.9782 0.1456
vn -0.0598 0.9875 0.1455
vn -0.1044 0.2505 0.9625
vn 0.0371 0.2392 0.9703
vn -0.0239 0.1736 0.9845
vn -0.1660 0.7082 0.6862
vn -0.0130 0.1282 0.9917
vn -0.0169 0.1338 0.9909
vn -0.2905 0.7814 0.5523
vn 0.0287 0.8160 0.5774
vn 0.0306 0.9287 0.3695
vn 0.0279 0.9203 0.3901
vn -0.4217 0.6131 0.6681
vn 0.1120 0.3338 0.9360
vn 0.0855 0.3411 0.9361
vn 0.0838 0.2985 0.9507
vn 0.0247 0.2597 0.9654
vn -0.2738 0.1075 0.9558
vn -0.1905 0.2522 0.9487
vn -0.1518 0.2844 0.9466
vn 0.0372 0.4164 0.9084
vn -0.0691 0.5627 0.8238
vn 0.0043 0.5255 0.8508
vn -0.0723 0.5092 0.8576
vn -0.0910 0.4478 0.8895
vn -0.2304 0.3512 0.9075
vn -0.2843 0.4436 0.8499
vn -0.1311 0.4629 0.8767
vn -0.1037 0.4574 0.8832
vn -0.1714 0.4135 0.8942
vn -0.4129 0.5510 0.7252
vn -0.3435 0.5302 0.7752
vn -0.2179 0.4423 0.8700
vn -0.3086 0.3626 0.8793
vn 0.3082 0.4621 0.8316
vn 0.3754 0.3254 0.8679
vn 0.0412 -0.9941 -0.1000
vn 0.2070 -0.9749 0.0820
vn 0.0988 -0.9857 0.1365
vn 0.1651 0.1080 0.9803
vn -0.3950 0.1392 0.9081
vn -0.4109 0.3459 0.8435
vn -0.1706 0.3215 0.9314
vn -0.3108 -0.0549 0.9489
vn 0.1244 0.6862 0.7167
vn 0.1692 0.5892 0.7901
vn -0.2646 0.6124 0.7449
vn -0.2900 0.4308 0.8546
vn 0.1500 0.4473 0.8817
vn 0.1771 0.1154 0.9774
vn 0.1350 0.1322 0.9820
vn -0.5360 0.4221 0.7311
vn 0.0364 0.5253 0.8501
vn -0.1039 0.4993 0.8602
vn -0.0328 0.2938 0.9553
vn -0.2775 0.3567 0.8921
vn -0.1728 0.3737 0.9113
vn -0.3520 0.2211 0.9095
vn -0.3486 0.2219 0.9106
vn -0.0347 -0.7178 0.6953
vn -0.1768 0.8433 0.5075
vn -0.1652 0.4199 0.8924
vn -0.2864 0.4573 0.8419
vn -0.4677 0.5303 0.7071
vn 0.0623 0.9758 0.2095
vn -0.0700 -0.0387 0.9968
vn -0.2875 0.4471 0.8471
vn -0.3648 0.4443 0.8182
vn -0.0215 0.4900 0.8714
vn 0.1618 0.3845 0.9088
vn 0.1771 0.3876 0.9047
vn 0.0946 0.4245 0.9005
vn 0.3757 0.2007 0.9048
vn -0.0101 0.9230 0.3847
vn -0.2044 0.8095 0.5504
vn 0.0584 0.7250 0.6862
vn 0.3249 0.2501 0.9121
vn 0.3276 0.2851 0.9008
vn -0.0389 0.4063 0.9129
vn -0.0797 0.2926 0.9529
vn -0.0586 -0.4963 0.8662
vn -0.2416 0.1422 0.9599
vn -0.2666 0.1270 0.9554
vn -0.0929 0.3931 0.9148
vn -0.1349 0.3600 0.9231
vn -0.1404 0.6965 0.7036
vn -0.4583 0.6975 0.5509
vn -0.0401 0.4973 0.8666
vn -0.3106 0.1230 0.9426
vn 0.3846 0.4267 0.8186
vn -0.0020 0.0234 0.9997
vn 0.0539 0.1546 0.9865
vn -0.1053 -0.1886 0.9764
vn -0.0417 -0.8593 0.5097
vn -0.0909 0.6431 0.7603
vn -0.0862 0.6347 0.7680
vn 0.0025 0.6459 0.7634
vn 0.1228 0.0448 0.9914
vn 0.1767 0.3664 0.9135
vn -0.1032 0.3702 0.9232
vn -0.0807 0.4700 0.8790
vn 0.0753 0.1767 0.9814
vn -0.0234 0.5593 0.8286
vn 0.4132 0.3416 0.8441
vn -0.0664 0.0491 0.9966
vn -0.0519 0.5319 0.8452
vn -0.0554 0.5360 0.8424
vn -0.6671 0.1649 0.7265
vn -0.4810 0.8765 -0.0197
vn -0.0046 -1.0000 -0.0038
vn 0.4670 -0.8639 -0.1886
vn -0.9554 0.1611 0.2474
vn -0.8489 0.5133 0.1258
vn 0.6038 0.6208 0.5001
vn 0.1762 0.9764 0.1250
vn 0.3112 0.9311 0.1903
vn 0.3132 0.7838 0.5363
vn -0.3828 0.8579 0.3427
vn 0.2321 0.0436 0.9717
vn -0.0099 -0.9879 0.1550
vn 0.9864 0.0851 0.1406
vn -0.4650 0.2296 0.8550
vn 0.6070 0.7298 0.3144
vn -0.2581 0.4740 0.8418
vn 0.0018 -1.0000 -0.0013
vn 0.7724 -0.5135 0.3738
vn 0.0361 0.9718 0.2332
vn -0.1988 0.8683 0.4544
vn 0.1264 0.7688 0.6268
vn 0.3962 0.7656 0.5068
vn 0.0421 -0.9987 -0.0282
vn 0.9824 0.1557 0.1031
vn -0.6895 0.6843 0.2372
vn 0.7367 0.6024 0.3073
vn -0.6801 0.5723 0.4582
vn -0.0212 -0.9998 -0.0051
vn 0.0949 -0.9952 0.0223
vn 0.0386 0.7837 0.6199
vn -0.0468 -0.9988 -0.0152
vn 0.0011 -1.0000 -0.0026
vn 0.0043 -1.0000 -0.0045
vn 0.0644 -0.9979 -0.0032
vn -0.3401 0.9371 0.0784
vn 0.7965 0.0740 0.6001
vn -0.2251 0.9189 0.3240
vn 0.0008 -1.0000 -0.0014
vn 0.4366 0.8734 0.2158
vn -0.5245 -0.8479 -0.0777
vn 0.0586 -0.9983 -0.0026
vn 0.2924 0.7330 0.6142
vn -0.2230 -0.9718 0.0770
vn 0.0102 -0.9995 0.0285
vn 0.4225 0.7755 0.4691
vn 0.3981 0.8161 0.4188
vn -0.0005 -1.0000 0.0070
vn 0.3316 0.8570 0.3945
vn -0.0538 0.9106 0.4097
vn -0.2471 0.9042 0.3485
vn -0.4857 0.8147 0.3166
vn -0.1724 0.8914 0.4191
vn -0.7441 0.6364 0.2032
vn -0.2777 0.6718 0.6867
vn 0.6425 0.4824 0.5954
vn 0.0731 0.7154 0.6949
vn 0.2849 0.5539 0.7823
vn -0.8897 0.4369 0.1322
vn -0.7741 0.5693 0.2770
vn -0.8166 0.5534 0.1641
vn -0.7573 0.6458 0.0974
vn -0.8741 0.4593 -0.1579
vn -0.6779 0.7222 0.1376
vn -0.6924 0.7211 -0.0236
vn -0.3492 0.8920 0.2871
vn -0.1307 0.8386 0.5288
vn 0.1253 0.9067 0.4027
vn -0.8433 0.5177 -0.1447
vn -0.7360 0.6690 0.1038
vn -0.4345 0.9002 -0.0298
vn 0.0072 -1.0000 0.0055
vn -0.0136 -0.9999 0.0101
vn -0.3705 0.8754 0.3107
vn -0.7826 0.5576 0.2768
vn -0.4478 0.7048 0.5502
vn 0.4296 0.8176 0.3833
vn 0.5426 0.7455 0.3870
vn -0.0186 0.8583 0.5128
vn 0.2625 0.8811 0.3935
vn 0.2980 0.8749 0.3817
vn 0.4334 0.7972 0.4203
vn 0.9207 0.1203 0.3713
vn -0.7205 0.5225 0.4560
vn -0.0096 -0.9998 0.0193
vn -0.1035 0.9199 0.3782
vn -0.4100 0.8010 -0.4363
vn -0.1880 0.9671 -0.1715
vn 0.0004 -0.9999 0.0143
vn 0.8866 -0.4417 0.1375
vn -0.8145 0.5751 0.0765
vn 0.3111 -0.9492 0.0472
vn 0.5025 -0.8646 0.0061
vn 0.6725 -0.6676 0.3194
vn 0.9695 0.2298 0.0854
vn 0.1260 -0.9871 0.0984
vn 0.2993 -0.9452 0.1307
vn 0.0616 0.9977 0.0266
vn 0.0003 -0.9998 0.0178
vn 0.8881 0.4376 0.1410
vn 0.6800 0.6253 0.3829
vn 0.5542 -0.5580 0.6177
vn -0.7934 0.5682 0.2183
vn -0.1096 0.9935 0.0297
vn -0.7422 0.6660 0.0743
vn -0.1482 0.9889 -0.0108
vn 0.1793 0.5157 0.8378
vn 0.0471 0.9982 0.0379
vn -0.0967 0.9950 0.0269
vn -0.4553 0.8893 0.0432
vn -0.9159 0.3569 0.1837
vn 0.0072 -1.0000 0.0035
vn -0.6287 0.7591 0.1686
vn 0.0131 -0.9999 0.0017
vn -0.3217 0.9100 0.2614
vn 0.1104 0.9739 0.1985
vn -0.8227 0.5256 0.2166
vn -0.7612 0.4926 0.4218
vn -0.0464 0.6823 0.7296
vn 0.0061 0.6127 0.7903
vn 0.0286 0.6126 0.7899
vn -0.0123 0.4544 -0.8907
vn 0.0067 0.9711 -0.2385
vn -0.0059 0.9735 -0.2288
vn -0.0192 0.9902 -0.1381
vn 0.0051 0.9932 -0.1164
vn -0.0559 0.9971 -0.0524
vn -0.0785 -0.7999 0.5949
vn -0.0213 0.5899 0.8072
vn -0.2090 0.5335 0.8196
vn -0.9791 0.1546 0.1321
vn -0.8399 0.1524 -0.5209
vn 0.1548 -0.9750 0.1596
vn 0.5195 -0.8507 0.0798
vn -0.0215 -0.9995 0.0216
vn 0.1975 0.9598 0.1995
vn -0.6297 0.2196 -0.7451
vn 0.0267 -0.9996 0.0047
vn 0.6812 -0.5870 -0.4375
vn 0.1371 -0.1975 -0.9707
vn 0.0015 -1.0000 0.0001
vn 0.7433 -0.6336 -0.2147
vn 0.1178 0.9613 -0.2491
vn -0.7560 0.6516 0.0622
vn 0.5086 -0.8609 0.0111
vn -0.7127 -0.6123 0.3423
vn -0.5640 -0.7919 0.2339
vn 0.2648 -0.7310 0.6290
vn 0.7450 -0.4064 0.5290
vn -0.2488 0.9472 0.2021
vn -0.5088 -0.7526 0.4180
vn -0.6882 -0.7056 -0.1690
vn 0.8716 0.4628 -0.1618
vn -0.6517 -0.6787 0.3385
vn 0.0611 -0.9910 0.1189
vn -0.4148 -0.8645 0.2839
vn -0.0539 0.9964 0.0648
vn -0.1724 -0.9536 0.2468
vn 0.1832 0.9793 0.0866
vn 0.6738 0.4909 0.5523
vn 0.3981 0.9083 0.1286
vn 0.4092 0.8995 0.1529
vn 0.8760 0.3610 0.3199
vn 0.2857 -0.6772 0.6781
vn 0.8907 0.0356 0.4533
vn 0.6250 -0.7750 0.0935
vn -0.5418 0.8280 0.1444
vn -0.8128 0.5363 0.2275
vn -0.9060 0.3599 0.2230
vn -0.8831 0.4640 0.0694
vn -0.7612 0.6484 0.0114
vn -0.7463 0.6533 0.1275
vn -0.5750 0.8044 0.1490
vn -0.6646 0.7198 0.2006
vn -0.0996 0.8338 0.5430
vn -0.0655 0.6414 0.7644
vn -0.1939 0.8226 0.5346
vn -0.4749 -0.7665 0.4324
vn -0.5406 -0.7694 0.3402
vn -0.0630 0.8946 0.4424
vn -0.0992 0.8892 0.4467
vn -0.3712 0.9220 0.1100
vn -0.1940 0.9295 0.3136
vn -0.1962 0.9531 0.2303
vn -0.1426 0.9245 0.3536
vn -0.1105 0.9518 0.2862
vn -0.1109 0.9515 0.2868
vn -0.1858 0.9122 0.3652
vn -0.2452 0.9053 0.3469
vn -0.1896 0.9815 -0.0252
vn -0.2615 0.9644 -0.0389
vn -0.0346 0.9950 0.0938
vn 0.8421 -0.4868 0.2323
vn 0.9204 -0.3795 0.0936
vn 0.2501 -0.9677 0.0325
vn -0.0017 -1.0000 0.0003
vn 0.2752 -0.9599 -0.0533
vn 0.0231 -0.9997 0.0060
vn 0.8791 0.4604 0.1234
vn 0.1830 0.9768 0.1111
vn -0.1795 0.8167 0.5484
vn 0.8869 0.3898 0.2479
vn 0.9542 -0.2526 0.1606
vn 0.1637 -0.9472 0.2758
vn -0.0000 0.1572 0.9876
vn -0.0000 -0.9533 0.3022
vn -0.0000 -0.8255 0.5644
vn -0.0000 -0.3789 0.9254
vn -0.0000 -0.5203 0.8540
vn -0.0000 0.9214 0.3885
vn 0.4685 0.8756 -0.1177
vn 0.4657 0.8592 -0.2118
vn 0.2865 0.6133 -0.7360
vn 0.1044 0.2237 -0.9690
vn 0.1394 0.9472 0.2886
vn 0.1323 0.9884 0.0751
vn 0.0870 -0.0114 0.9961
vn -0.2026 0.2649 0.9428
vn -0.1669 0.1011 0.9808
vn 0.5230 0.4579 0.7189
vn 0.3700 0.6271 0.6854
vn -0.3211 0.2755 0.9061
vn 0.2871 0.4871 0.8248
vn -0.2832 0.1364 0.9493
vn 0.0601 0.5541 0.8303
vn 0.1205 0.8405 0.5282
vn -0.0155 0.4221 0.9064
vn -0.1046 0.6307 0.7689
vn 0.1712 0.5248 0.8339
vn 0.3014 -0.8306 -0.4683
vn 0.1256 -0.6597 -0.7410
vn 0.1398 0.6138 0.7770
vn 0.4913 0.1422 0.8593
vn 0.4412 0.4883 0.7529
vn 0.7680 0.6300 0.1151
vn 0.7147 -0.3007 0.6315
vn 0.0018 0.5784 0.8157
vn -0.1129 -0.9295 0.3510
vn -0.0221 -0.9189 0.3938
vn 0.5819 0.7401 -0.3371
vn 0.6938 -0.6808 0.2348
vn 0.0518 0.5545 0.8305
vn 0.9556 -0.2707 0.1164
vn 0.9037 0.0860 0.4195
vn 0.5521 0.0762 -0.8303
vn 0.9740 -0.0593 -0.2187
vn 0.9952 -0.0473 -0.0858
vn 0.8040 0.0537 -0.5922
vn 0.0385 0.5921 0.8050
vn 0.0768 0.5877 0.8054
vn 0.0527 0.5876 0.8074
vn -0.0861 0.0589 0.9945
vn 0.1399 0.5806 0.8020
vn 0.0346 0.5075 0.8609
vn 0.0325 0.5042 0.8630
vn 0.0669 0.4728 0.8786
vn 0.0630 0.4714 0.8797
vn 0.0449 0.7201 0.6924
vn 0.0152 0.6614 0.7498
vn 0.5659 0.8218 0.0657
vn 0.6421 0.7541 0.1380
vn -0.7160 0.5660 0.4086
vn -0.2984 -0.9526 0.0596
vn 0.2604 0.2162 0.9410
vn -0.1933 0.7405 0.6437
vn -0.0005 -1.0000 -0.0015
vn -0.5214 0.7682 0.3715
vn 0.1327 0.9750 0.1783
vn 0.4883 0.8695 0.0739
vn 0.5434 0.8367 0.0681
vn -0.0354 0.9988 0.0328
vn -0.7636 -0.6319 0.1323
vn 0.4625 0.8714 0.1637
vn 0.9743 0.2156 0.0660
vn 0.5395 0.8388 0.0730
vn 0.0125 -0.9999 -0.0002
vn -0.1453 0.9890 -0.0293
vn 0.9999 0.0002 -0.0140
vn -0.7931 0.5676 0.2211
vn -0.8544 0.4920 -0.1671
vn -0.1035 -0.9933 -0.0511
vn -0.0814 -0.9917 -0.0998
vn 0.4320 0.8980 -0.0838
vn 0.5497 0.6271 -0.5519
vn 0.6859 0.1521 -0.7116
vn 0.4926 0.1482 -0.8575
vn 0.7775 0.1175 -0.6178
vn 0.6357 0.4158 -0.6504
vn 0.4450 0.5911 -0.6727
vn 0.9249 0.3801 0.0100
vn 0.9275 0.3707 -0.0474
vn 0.8667 0.4939 -0.0698
vn 0.9735 0.0539 -0.2221
vn 0.6343 0.7716 -0.0479
vn 0.6853 0.7241 -0.0778
vn 0.8115 0.4224 -0.4038
vn 0.8509 0.1474 -0.5042
vn 0.7638 0.4332 -0.4784
vn 0.9421 0.1108 -0.3164
vn 0.3326 0.9016 -0.2767
vn 0.0898 0.8999 -0.4267
vn 0.5530 0.8270 -0.1014
vn 0.5581 0.8261 -0.0781
vn 0.8419 0.4836 0.2394
vn 0.2423 -0.2356 -0.9412
vn 0.6663 -0.5038 -0.5497
vn 0.7344 -0.4183 -0.5345
vn 0.7055 -0.1763 -0.6865
vn 0.3560 -0.8266 -0.4358
vn 0.2201 -0.6052 -0.7650
vn 0.5249 -0.8468 0.0859
vn 0.9006 -0.4207 -0.1095
vn 0.9698 -0.2276 -0.0883
vn 0.8288 -0.5556 -0.0667
vn 0.8399 -0.5062 -0.1955
vn 0.8324 -0.3397 -0.4378
vn 0.8579 -0.1457 -0.4927
vn 0.8485 -0.2888 -0.4435
vn 0.0524 0.9923 -0.1120
vn 0.0915 -0.7940 0.6010
vn 0.9825 0.1136 -0.1479
vn 0.2490 0.7689 -0.5889
vn 0.7708 -0.6272 -0.1117
vn 0.6787 -0.7271 -0.1035
vn 0.9800 -0.1671 -0.1077
vn 0.8354 -0.3990 -0.3780
vn 0.8056 -0.1551 -0.5718
vn 0.9261 -0.2201 -0.3065
vn 0.8995 -0.3378 -0.2771
vn 0.7738 -0.6092 0.1737
vn 0.5827 -0.4793 0.6563
vn 0.5519 0.4860 0.6777
vn 0.6865 0.6726 0.2761
vn 0.1168 -0.8196 -0.5609
vn 0.4087 -0.7771 -0.4786
vn 0.4914 -0.1603 -0.8560
vn 0.1208 -0.7166 -0.6869
vn 0.0781 -0.7630 -0.6417
vn 0.9519 -0.3014 0.0554
vn 0.5921 -0.8023 -0.0759
vn 0.0454 0.8746 0.4827
vn 0.2222 0.9439 0.2441
vn 0.3990 0.9105 0.1089
vn 0.5840 0.8096 0.0586
vn 0.9269 0.3573 0.1146
vn 0.9339 0.0069 0.3576
vn 0.7421 0.6588 0.1238
vn 0.8466 0.4296 0.3141
vn 0.8677 0.4497 0.2120
vn 0.5781 0.7950 0.1838
vn 0.6489 0.7596 0.0439
vn 0.8559 0.5146 0.0501
vn 0.4785 0.8751 0.0723
vn 0.3516 -0.8464 0.4000
vn 0.4031 -0.8753 0.2672
vn 0.0320 0.0797 0.9963
vn 0.1564 0.0490 0.9865
vn 0.6700 -0.3713 0.6429
vn 0.5495 0.3243 0.7700
vn 0.0723 -0.9929 -0.0945
vn 0.3930 0.4813 0.7835
vn 0.0671 0.7956 0.6021
vn 0.2016 0.5184 0.8310
vn 0.4703 -0.5573 0.6843
vn 0.1530 -0.7815 0.6048
vn -0.0865 0.9881 0.1273
vn 0.7183 -0.0129 0.6956
vn 0.8149 -0.4076 0.4120
vn 0.5773 -0.8051 0.1361
vn 0.3464 -0.6790 0.6472
vn 0.2909 -0.8652 0.4083
vn 0.1818 0.3033 -0.9354
vn 0.9876 -0.0788 0.1360
vn 0.8463 0.5323 0.0194
vn 0.7876 0.6154 0.0295
vn 0.6385 0.7656 0.0780
vn 0.2121 0.9254 -0.3140
vn 0.2169 0.9278 -0.3034
vn 0.7891 0.6133 0.0349
vn 0.6380 0.7594 -0.1278
vn 0.6326 0.7362 -0.2404
vn 0.8883 0.4593 -0.0052
vn 0.7787 0.2553 -0.5731
vn 0.1529 0.9644 -0.2156
vn 0.0203 0.4130 0.9105
vn 0.0298 0.3922 0.9194
vn 0.0652 0.5332 0.8435
vn 0.0763 0.9637 0.2558
vn 0.0974 0.2457 0.9645
vn 0.3245 0.6041 0.7278
vn -0.0273 0.3738 0.9271
vn 0.1548 0.2474 0.9565
vn 0.0847 0.6434 0.7609
vn 0.0750 0.6100 0.7888
vn 0.0757 0.5193 0.8512
vn 0.0612 0.4813 0.8744
vn 0.0856 0.4635 0.8819
vn 0.2938 0.4205 0.8584
vn 0.0882 0.4597 0.8837
vn -0.0967 -0.9837 0.1518
vn 0.3887 0.1286 0.9124
vn 0.2926 -0.1178 0.9489
vn 0.3248 0.0055 0.9458
vn 0.2410 0.8237 0.5132
vn -0.3549 0.1793 0.9175
vn 0.3011 0.8271 0.4746
vn 0.0672 0.9097 0.4098
vn -0.1847 0.4993 0.8465
vn 0.0696 0.3886 0.9188
vn 0.4090 0.3523 0.8418
vn 0.0888 0.5014 0.8607
vn 0.2855 0.3505 0.8920
vn -0.0852 0.0609 0.9945
vn 0.1143 0.4358 0.8927
vn -0.0971 0.5812 0.8080
vn 0.5073 0.5492 0.6641
vn -0.1527 0.6743 0.7225
vn 0.0551 0.0560 0.9969
vn 0.0073 0.1909 0.9816
vn -0.1471 0.3995 0.9048
vn -0.3760 0.1974 0.9053
vn 0.5125 0.5429 0.6653
vn 0.0365 0.4148 0.9092
vn 0.0593 -0.3626 0.9301
vn 0.0212 0.5585 0.8292
vn 0.0202 0.0093 0.9998
vn 0.0144 0.0302 0.9994
vn -0.0138 0.7853 0.6189
vn 0.2203 0.7004 0.6789
vn 0.2038 0.2535 0.9456
vn 0.0435 0.4903 0.8704
vn 0.0218 0.0504 0.9985
vn -0.0164 0.6468 0.7625
vn -0.1234 0.0496 0.9911
vn 0.0255 0.5620 0.8267
vn 0.1130 0.3494 0.9301
vn 0.1085 0.3437 0.9328
vn 0.1238 0.4409 0.8890
vn 0.0195 0.5734 0.8190
vn 0.0530 0.5287 0.8471
vn 0.6292 -0.6516 0.4236
vn 0.9638 -0.1005 0.2471
vn 0.4989 0.8664 -0.0197
vn 0.4972 0.8676 -0.0101
vn 0.3113 0.9497 -0.0327
vn 0.0071 -0.9999 0.0118
vn -0.0022 -0.9999 -0.0105
vn -0.7795 -0.5913 -0.2066
vn -0.4978 -0.8670 0.0241
vn -0.1667 0.9781 0.1247
vn -0.5169 0.7241 0.4567
vn 0.0422 -0.9985 -0.0336
vn -0.0035 -1.0000 -0.0009
vn -0.0019 -1.0000 0.0036
vn -0.0970 0.8132 0.5739
vn -0.5916 0.6735 0.4431
vn -0.3976 0.7403 0.5421
vn -0.0193 -0.9998 0.0091
vn -0.6965 0.6439 0.3168
vn 0.0082 -0.9972 0.0740
vn -0.4230 0.8262 0.3721
vn -0.3435 0.9103 0.2312
vn -0.0330 0.9260 0.3760
vn 0.0501 -0.8909 0.4515
vn 0.3870 0.9187 0.0790
vn 0.0069 -1.0000 0.0044
vn 0.6178 0.7851 -0.0434
vn -0.4246 0.8259 0.3711
vn -0.2010 0.9469 0.2511
vn 0.6365 0.5351 -0.5554
vn 0.2802 0.5586 -0.7807
vn -0.3758 -0.9246 0.0619
vn -0.1922 -0.9749 0.1121
vn -0.7044 -0.7073 0.0587
vn -0.1735 0.9750 0.1392
vn 0.2887 0.9254 0.2454
vn 0.5069 0.8607 0.0471
vn -0.1872 -0.9211 0.3413
vn 0.5339 0.8416 0.0818
vn -0.3949 0.8226 0.4093
vn -0.0125 0.5824 0.8128
vn 0.0169 0.6669 0.7449
vn 0.0195 0.8788 0.4768
vn -0.0228 0.9990 -0.0373
vn 0.0189 0.1868 0.9822
vn -0.1434 -0.8826 0.4478
vn 0.0759 0.9962 0.0434
vn 0.1930 0.9745 -0.1140
vn 0.7386 -0.6738 0.0206
vn 0.5707 -0.2395 0.7855
vn 0.4989 -0.1608 0.8516
vn 0.4600 0.8582 0.2277
vn 0.4660 -0.8452 0.2618
vn 0.6499 0.7245 0.2295
vn 0.1027 0.9940 0.0385
vn 0.7587 0.1672 0.6297
vn 0.5387 -0.8093 0.2341
vn 0.9465 0.3033 0.1099
vn 0.0298 0.9710 0.2371
vn -0.5474 0.7953 0.2606
vn -0.9719 -0.1474 0.1833
vn 0.3862 0.9221 -0.0228
vn 0.5288 0.8373 0.1391
vn 0.2557 0.9596 0.1174
vn 0.8003 0.5578 0.2200
vn 0.9611 0.2486 0.1204
vn 0.9375 0.2693 0.2204
vn 0.6867 0.7095 0.1578
vn 0.8636 0.4993 0.0700
vn 0.1426 0.9893 0.0307
vn 0.1094 0.8762 0.4694
vn 0.4825 -0.7629 0.4303
vn 0.2399 0.9168 0.3193
vn 0.1093 0.9486 0.2971
vn -0.5127 -0.8548 0.0806
vn -0.0779 0.9849 0.1544
vn -0.6319 0.7586 0.1585
vn -0.4920 0.8553 -0.1624
vn -0.4127 0.7142 0.5653
vn -0.2609 0.5495 0.7937
vn -0.1540 0.9494 0.2738
vn -0.1218 0.0008 0.9926
vn -0.1640 0.0092 0.9864
vn -0.0530 0.5568 0.8290
vn -0.0409 0.4417 0.8962
vn 0.0984 0.2211 0.9703
vn 0.0396 0.4063 0.9129
vn 0.0712 0.6820 0.7279
vn 0.0867 0.6462 0.7582
vn 0.1932 0.3542 0.9150
vn -0.0892 0.5583 0.8248
vn -0.5661 0.8157 0.1194
vn -0.6866 0.7203 0.0986
vn -0.5828 0.7072 0.4003
vn -0.8117 0.5289 0.2478
vn 0.0164 -0.9068 0.4213
vn -0.4329 0.7712 -0.4668
vn -0.6743 -0.7090 0.2066
vn -0.0784 0.5165 0.8527
vn -0.0044 0.5491 0.8358
vn -0.0547 0.5279 0.8476
vn -0.0590 0.5904 0.8050
vn 0.0645 0.0171 0.9978
vn -0.0490 0.4932 0.8685
vn -0.1421 0.3763 0.9155
vn 0.0344 0.4978 0.8666
vn -0.1057 0.5098 0.8537
vn -0.0301 0.4944 0.8687
vn -0.0059 0.5792 0.8151
vn -0.8456 0.5218 0.1130
vn 0.6416 0.6899 0.3353
vn 0.9560 -0.2638 0.1286
vn -0.7536 0.6424 0.1392
vn -0.3179 0.9442 0.0863
vn -0.9323 0.3073 0.1907
vn 0.0034 -1.0000 -0.0017
vn -0.9023 -0.4009 0.1585
vn -0.0043 -1.0000 0.0016
vn -0.6209 0.7807 0.0709
vn 0.0192 -0.9998 -0.0027
vn -0.0061 -1.0000 -0.0034
vn 0.0394 0.9991 0.0126
vn -0.0037 -1.0000 -0.0004
vn 0.9329 -0.3539 -0.0662
vn 0.9870 -0.0206 0.1593
vn -0.0877 -0.9961 -0.0107
vn -0.2599 0.8369 -0.4818
vn -0.5481 0.6757 -0.4929
vn -0.4573 0.6098 -0.6474
vn -0.9579 0.2864 -0.0217
vn -0.9803 0.1388 -0.1408
vn -0.8325 0.5281 -0.1677
vn -0.7314 0.4707 -0.4935
vn -0.7431 0.5956 -0.3051
vn -0.1654 0.9609 -0.2219
vn -0.0823 0.8977 -0.4328
vn -0.0944 -0.8193 -0.5656
vn -0.2808 -0.7902 -0.5448
vn -0.9207 -0.3346 -0.2008
vn -0.5905 -0.8046 -0.0622
vn -0.7569 -0.6513 -0.0536
vn -0.7177 -0.6882 -0.1066
vn -0.8237 -0.5384 -0.1776
vn -0.8334 -0.1130 -0.5410
vn -0.9888 -0.0543 -0.1392
vn -0.8911 -0.0161 -0.4535
vn -0.9886 0.0171 0.1497
vn -0.2735 0.9612 -0.0351
vn -0.3973 0.8974 -0.1916
vn 0.0133 0.4452 0.8953
vn -0.7292 -0.5729 0.3743
vn -0.6938 -0.6332 0.3430
vn -0.0406 -0.9955 0.0858
vn -0.9184 -0.3663 -0.1495
vn -0.9740 -0.2071 -0.0922
vn -0.7735 -0.1974 -0.6022
vn -0.1565 0.4283 -0.8900
vn -0.2130 -0.9212 0.3255
vn -0.6803 -0.7050 0.2004
vn -0.5923 -0.7679 0.2442
vn -0.2898 0.7639 0.5766
vn -0.8240 0.5381 0.1772
vn -0.7356 -0.5381 0.4114
vn -0.6742 -0.6758 0.2978
vn -0.1375 -0.9886 -0.0615
vn -0.1741 -0.3495 -0.9206
vn -0.6745 -0.4796 -0.5613
vn -0.6008 -0.4440 -0.6647
vn -0.0432 -0.6723 -0.7390
vn -0.2938 -0.8163 -0.4974
vn -0.9952 -0.0929 -0.0315
vn -0.5502 0.4601 -0.6968
vn -0.0928 0.9901 0.1058
vn -0.1549 0.9312 0.3299
vn -0.3835 0.9175 0.1053
vn -0.1173 0.8944 0.4317
vn -0.2914 0.8928 0.3436
vn -0.6174 0.7867 0.0017
vn -0.0264 0.9990 0.0359
vn -0.0183 0.9974 0.0691
vn -0.4329 0.9011 -0.0266
vn -0.5013 0.8483 0.1708
vn -0.2444 0.9628 0.1153
vn -0.4295 0.8957 0.1156
vn -0.9488 -0.0157 0.3154
vn -0.7608 0.6333 0.1417
vn -0.8709 0.4881 0.0578
vn -0.1224 0.6729 0.7296
vn -0.5035 0.8637 -0.0215
vn -0.5342 -0.8316 0.1517
vn -0.6696 -0.3632 0.6479
vn -0.5864 0.4822 0.6509
vn -0.7528 -0.3110 0.5801
vn -0.3722 -0.6545 0.6581
vn -0.0586 -0.6920 0.7195
vn -0.0832 0.6448 0.7598
vn -0.1471 0.1301 0.9805
vn -0.2676 0.3976 0.8777
vn -0.2331 -0.8527 0.4676
vn -0.5649 0.4725 0.6765
vn 0.0398 0.9208 0.3880
vn -0.5619 -0.7102 0.4242
vn -0.7988 -0.4643 0.3824
vn -0.6586 -0.7345 0.1634
vn -0.3661 -0.6526 0.6634
vn -0.4260 -0.8178 0.3868
vn -0.0385 0.5594 0.8280
vn -0.0467 0.1755 -0.9834
vn 0.0272 -0.8319 -0.5543
vn -0.1361 0.4502 -0.8825
vn -0.0754 0.1712 -0.9823
vn -0.0040 -0.3562 -0.9344
vn -0.8106 -0.5092 0.2891
vn -0.8469 -0.5020 0.1753
vn -0.8973 -0.0276 0.4405
vn -0.3760 0.6479 -0.6624
vn -0.3126 0.9064 -0.2842
vn -0.7884 0.6144 0.0316
vn -0.9539 0.2348 -0.1871
vn -0.9727 0.2241 -0.0610
vn -0.8375 0.5370 -0.1010
vn -0.7710 0.0916 -0.6302
vn -0.9400 0.1177 -0.3202
vn -0.8967 0.3034 -0.3223
vn -0.7382 0.5908 -0.3256
vn -0.0198 0.1841 0.9827
vn 0.1222 0.5178 0.8468
vn -0.2339 0.6016 0.7638
vn -0.3422 0.6256 0.7011
vn -0.2490 0.8571 0.4510
vn 0.0076 0.9086 0.4175
vn 0.0183 0.3115 0.9501
vn -0.2761 0.1061 0.9553
vn -0.1113 0.7336 0.6704
vn 0.0154 0.7817 0.6234
vn -0.0791 0.6412 0.7632
vn -0.2868 0.4297 0.8562
vn -0.1354 0.4772 0.8683
vn -0.4053 0.3607 0.8400
vn -0.3313 0.0350 0.9429
vn -0.2450 0.4722 0.8468
vn -0.2126 0.8737 0.4376
vn 0.3035 0.1089 0.9466
vn 0.3672 0.1933 0.9098
vn -0.3072 0.8278 0.4694
vn -0.0192 0.8141 0.5804
vn -0.1291 0.4028 0.9062
vn -0.1006 0.8507 0.5160
vn -0.1008 0.4487 0.8880
vn -0.4197 0.4577 0.7838
vn 0.1732 0.6264 0.7600
vn 0.0965 0.4704 0.8771
vn 0.0333 0.4126 0.9103
vn 0.0077 0.0259 0.9996
vn -0.1014 0.1900 0.9765
vn -0.2045 0.8254 0.5262
vn 0.0098 0.6458 0.7635
vn 0.0583 0.3823 0.9222
vn -0.0309 -0.9974 0.0653
vn -0.0278 0.4768 0.8786
vn 0.1263 0.3289 0.9359
vn -0.2265 0.2766 0.9339
vn 0.3023 0.3851 0.8720
vn -0.0443 0.4900 0.8706
vn -0.1232 0.3976 0.9092
vn 0.3707 0.3423 0.8634
vn 0.1149 0.2585 0.9591
vn -0.0221 0.5701 0.8213
vn -0.1094 0.2609 0.9591
vn -0.0957 0.3504 0.9317
vn -0.0565 0.5354 0.8427
vn -0.0510 0.5053 0.8614
vn -0.6047 0.0695 0.7934
vn -0.7819 -0.5388 0.3135
vn -0.7091 0.3137 0.6315
vn -0.1123 0.9826 -0.1478
vn 0.0427 -0.9987 -0.0288
vn -0.9097 0.4113 -0.0572
vn 0.5548 -0.8316 0.0266
vn 0.5006 0.7567 0.4205
vn 0.3235 0.8800 0.3479
vn -0.7873 0.3741 0.4901
vn 0.0210 -0.9997 -0.0106
vn -0.0060 -1.0000 -0.0042
vn -0.2206 0.7266 0.6507
vn 0.2304 0.8975 0.3760
vn 0.6383 0.6747 0.3707
vn -0.5322 0.4728 0.7024
vn -0.0128 -0.9998 -0.0117
vn -0.6305 0.6279 0.4563
vn -0.2808 0.9597 -0.0074
vn -0.9201 0.2842 0.2693
vn 0.4283 0.7966 0.4267
vn -0.1540 0.8954 0.4178
vn -0.4283 0.9009 0.0698
vn 0.4137 0.8366 0.3592
vn 0.3465 0.8853 0.3101
vn 0.2969 0.8661 0.4021
vn 0.1578 0.9755 0.1532
vn 0.0956 0.9902 0.1016
vn -0.3434 -0.8918 0.2947
vn 0.6284 -0.7654 0.1387
vn -0.9091 0.3960 0.1290
vn 0.0099 -0.9999 -0.0055
vn 0.3200 -0.9472 0.0209
vn -0.5110 0.8389 0.1876
vn 0.7623 0.5964 0.2514
vn 0.0037 -0.9983 0.0588
vn -0.9077 0.3592 0.2168
vn -0.3205 0.8987 0.2994
vn -0.0068 -0.6268 -0.7792
vn -0.0138 0.9923 0.1231
vn 0.0064 0.7571 0.6533
vn -0.1743 0.3534 0.9191
vn -0.1606 0.5258 0.8353
vn -0.0034 0.5307 0.8476
vn -0.5832 0.8087 0.0760
vn -0.7481 -0.6414 0.1698
vn -0.8680 -0.3425 0.3596
vn -0.7705 -0.5014 0.3935
vn -0.7683 -0.6401 -0.0078
vn -0.8315 -0.3346 0.4435
vn -0.4895 -0.8304 0.2661
vn -0.6487 -0.7392 0.1808
vn -0.4958 0.8536 0.1600
vn 0.5658 -0.8163 0.1162
vn -0.9989 -0.0107 -0.0459
vn -0.7959 0.5239 0.3033
vn -0.0077 -0.9999 0.0117
vn -0.7336 0.1494 0.6630
vn -0.5185 -0.8545 0.0301
vn -0.6352 -0.7593 0.1414
vn -0.0396 -0.2878 0.9569
vn -0.0937 0.9645 0.2471
vn -0.0425 -0.9418 0.3335
vn 0.6954 0.4049 0.5937
vn -0.9296 0.2305 0.2875
vn -0.8236 0.5540 0.1217
vn -0.6617 0.7261 0.1869
vn -0.7006 0.6988 0.1445
vn -0.9008 0.2278 0.3696
vn -0.7506 0.6558 0.0807
vn -0.5260 0.8484 0.0596
vn -0.8828 -0.4282 0.1932
vn -0.9528 0.2693 0.1399
vn -0.1336 0.8743 0.4666
vn -0.0662 0.7320 0.6781
vn -0.2210 0.8616 0.4569
vn -0.4877 0.8460 0.2154
vn -0.4709 -0.7665 0.4367
vn -0.2353 0.9134 0.3322
vn -0.0810 0.9312 0.3554
vn -0.5884 0.8022 0.1017
vn 0.0086 0.9970 0.0772
vn 0.1361 0.9894 -0.0500
vn 0.3280 0.5056 -0.7980
vn -0.4181 0.2722 0.8667
vn 0.3786 -0.8758 -0.2993
vn 0.4728 0.5807 0.6628
vn 0.2206 -0.7382 -0.6375
vn 0.2997 0.7850 0.5422
vn 0.7661 0.6037 0.2206
vn 0.4343 0.3547 0.8280
vn 0.7006 0.4278 -0.5710
vn 0.4356 0.7669 -0.4714
vn 0.5385 0.6796 -0.4982
vn 0.3913 0.8318 -0.3937
vn 0.4357 0.4928 -0.7532
vn 0.1474 0.5625 0.8136
vn -0.7246 -0.5030 0.4712
vn 0.5068 0.6173 0.6018
vn -0.9914 0.0396 -0.1244
vn -0.1059 0.9319 0.3470
vn -0.1134 0.8812 0.4589
vn -0.5299 0.8314 0.1676
vn -0.9195 -0.2032 0.3365
vn -0.0327 -0.1299 0.9910
vn 0.0411 -0.1383 0.9895
vn 0.1361 0.6518 -0.7461
vn 0.4712 0.3564 -0.8068
vn 0.6422 0.3158 -0.6984
vn 0.3921 0.6681 -0.6323
vn 0.6788 0.4415 -0.5868
vn 0.6221 0.7829 0.0071
vn 0.9265 0.3483 -0.1424
vn 0.8970 0.3622 -0.2534
vn 0.9734 0.1115 -0.2004
vn 0.8514 0.1467 -0.5036
vn 0.8122 0.2482 -0.5279
vn 0.2563 0.8779 -0.4046
vn 0.2607 -0.6745 0.6907
vn 0.2979 -0.2464 0.9223
vn 0.6976 -0.1600 0.6984
vn 0.2583 -0.5315 -0.8067
vn -0.2257 -0.9269 -0.3000
vn -0.1515 -0.8662 -0.4761
vn 0.5362 -0.1295 -0.8341
vn 0.1181 -0.8204 -0.5595
vn 0.4439 -0.6087 -0.6576
vn 0.9026 -0.4125 -0.1236
vn 0.9480 -0.2727 -0.1640
vn 0.8376 -0.5148 -0.1827
vn 0.8476 -0.3117 -0.4294
vn 0.2395 -0.9688 -0.0641
vn 0.0975 -0.9715 -0.2159
vn 0.5524 -0.8036 -0.2213
vn 0.3866 -0.8671 -0.3141
vn 0.5207 -0.8493 0.0866
vn 0.0611 -0.9230 0.3799
vn 0.2221 -0.0129 -0.9749
vn 0.8807 0.0037 -0.4737
vn 0.2465 -0.9690 -0.0158
vn -0.0151 -0.9322 -0.3616
vn 0.1091 0.9934 -0.0361
vn 0.5314 0.8470 0.0148
vn 0.1404 0.7825 -0.6066
vn 0.9665 -0.2020 -0.1584
vn 0.8927 -0.3782 -0.2451
vn 0.9135 0.3150 -0.2574
vn 0.9171 0.2551 -0.3064
vn 0.5489 -0.8093 -0.2092
vn 0.6322 -0.7465 -0.2076
vn 0.2612 -0.9630 0.0662
vn 0.2870 -0.8828 0.3719
vn 0.3459 -0.8944 0.2835
vn 0.4039 0.3352 0.8512
vn 0.2707 0.4237 0.8644
vn 0.2710 0.4445 0.8538
vn 0.5420 0.4187 0.7287
vn 0.5879 0.7712 0.2441
vn 0.7697 -0.4910 0.4080
vn 0.8498 -0.3769 -0.3686
vn 0.4092 -0.8633 0.2953
vn 0.0301 -0.9991 -0.0288
vn 0.1609 -0.9812 0.1065
vn 0.5011 -0.6342 -0.5888
vn 0.1905 -0.3401 -0.9209
vn 0.5085 -0.6859 -0.5206
vn -0.1269 -0.9227 -0.3641
vn 0.4223 -0.7934 -0.4383
vn 0.4785 -0.5217 -0.7063
vn 0.5900 -0.4333 -0.6813
vn 0.5974 -0.4296 -0.6772
vn 0.6717 -0.4936 -0.5524
vn 0.4774 -0.8786 -0.0150
vn 0.5274 0.2195 0.8208
vn 0.5722 0.7185 0.3954
vn 0.4588 0.7872 0.4121
vn 0.2715 0.9181 0.2887
vn 0.1173 0.9909 0.0662
vn 0.1455 0.9396 0.3097
vn 0.1097 0.9928 -0.0490
vn 0.0905 0.9912 0.0970
vn 0.8056 0.5255 0.2735
vn 0.5839 0.8078 0.0805
vn 0.4638 0.8859 -0.0019
vn 0.4888 -0.8521 0.1869
vn 0.2821 -0.8083 0.5169
vn 0.5963 -0.7114 0.3720
vn 0.5882 0.7983 -0.1293
vn 0.0901 -0.8429 0.5304
vn 0.2016 0.6322 0.7482
vn 0.5633 0.4988 0.6587
vn 0.4425 0.1013 0.8910
vn 0.7477 -0.3364 0.5725
vn 0.3848 -0.6318 0.6729
vn 0.3272 0.4920 0.8068
vn 0.1504 -0.6856 0.7123
vn 0.3037 -0.2731 0.9128
vn 0.0400 0.6473 0.7612
vn 0.1298 0.6196 0.7741
vn 0.6185 0.2921 0.7295
vn 0.2677 -0.6825 0.6801
vn 0.6118 -0.1533 0.7760
vn 0.1917 0.5009 0.8440
vn 0.6225 0.4595 0.6335
vn 0.1582 -0.7021 0.6943
vn 0.7755 -0.2986 0.5562
vn 0.6065 -0.6744 0.4212
vn 0.5014 -0.8587 0.1062
vn 0.4459 -0.8182 0.3629
vn -0.0000 0.4356 -0.9001
vn 0.2527 0.0244 -0.9672
vn 0.1325 -0.0255 -0.9909
vn 0.9960 -0.0694 0.0569
vn 0.7926 -0.4643 0.3953
vn 0.9507 0.0216 0.3093
vn 0.9091 -0.0688 0.4108
vn 0.4514 -0.8396 -0.3021
vn -0.1253 -0.8561 0.5014
vn -0.1200 -0.8501 0.5127
vn 0.4742 0.5825 -0.6601
vn 0.9680 0.2421 -0.0657
vn 0.6535 0.7564 0.0278
vn 0.7807 0.6241 0.0312
vn 0.9306 0.3458 -0.1198
vn 0.9677 0.2422 -0.0701
vn 0.8671 0.4427 -0.2283
vn 0.9024 0.2831 -0.3248
vn 0.7551 0.5778 -0.3098
vn 0.5687 0.2031 0.7971
vn 0.8167 -0.2979 0.4943
vn 0.5787 0.2189 0.7856
vn 0.6185 -0.6446 0.4494
vn 0.6374 -0.5990 0.4847
vn 0.9662 0.1111 0.2328
vn 0.7955 0.3766 0.4748
vn 0.9826 -0.1830 0.0332
vn 0.8502 -0.4895 0.1937
vn -0.5144 -0.8357 -0.1921
vn 0.9732 -0.2281 -0.0294
vn 0.5574 0.4364 -0.7063
vn 0.6037 0.4179 -0.6789
vn 0.0993 -0.9951 -0.0017
vn -0.4480 -0.6868 -0.5724
vn 0.1025 -0.8090 -0.5789
vn 0.8465 0.2799 -0.4528
vn 0.3614 -0.9063 0.2193
vn -0.3326 -0.7218 0.6070
vn -0.1689 0.5267 0.8331
vn 0.0086 0.8840 0.4675
vn -0.0060 -0.7889 0.6145
vn 0.0653 0.2068 0.9762
vn 0.4215 -0.8912 -0.1677
vn -0.5592 -0.4187 -0.7156
vn -0.4064 -0.5356 -0.7402
vn -0.4700 -0.8773 -0.0970
vn 0.6497 -0.7238 0.2324
vn 0.8878 -0.1270 0.4424
vn -0.7395 -0.4613 -0.4903
vn 0.6422 -0.6539 0.4000
vn 0.7679 -0.5977 0.2307
vn 0.9325 -0.2439 0.2663
vn 0.8804 -0.3626 0.3057
vn 0.7715 0.0795 0.6313
vn 0.4262 -0.7356 0.5266
vn -0.1508 -0.9826 -0.1087
vn -0.5995 -0.7928 0.1094
vn -0.5159 -0.8403 0.1666
vn 0.9998 -0.0127 -0.0178
vn 0.5571 -0.8193 0.1356
vn 0.9533 0.0070 -0.3019
vn 0.9439 0.2840 -0.1683
vn 0.5553 -0.8230 0.1196
vn 0.1156 -0.6282 -0.7694
vn 0.7375 -0.6710 0.0766
vn 0.8224 -0.4585 -0.3368
vn 0.1043 -0.9924 0.0652
vn -0.3215 0.9440 -0.0740
vn -0.8996 -0.1376 0.4144
vn 0.0828 0.5605 0.8240
vn -0.4178 -0.8755 -0.2428
vn 0.2906 -0.8667 -0.4054
vn 0.1615 -0.8702 -0.4655
vn 0.2204 -0.9750 -0.0289
vn -0.1078 -0.6961 0.7098
vn -0.1060 -0.6987 0.7075
vn 0.2184 -0.9562 0.1948
vn 0.9488 0.3057 -0.0789
vn 0.2623 0.9627 0.0672
vn 0.8603 0.4673 0.2037
vn 0.9500 0.2122 0.2289
vn 0.8206 -0.4832 -0.3052
vn -0.2103 -0.9776 -0.0059
vn -0.5217 -0.7170 0.4623
vn -0.3326 -0.7297 -0.5974
vn -0.1052 -0.8270 -0.5522
vn -0.3116 0.3612 0.8789
vn -0.2927 0.3340 0.8960
vn -0.1462 0.5811 0.8006
vn -0.7286 -0.4567 0.5105
vn -0.7855 0.2142 0.5806
vn -0.6368 -0.4645 0.6155
vn -0.6895 0.4334 -0.5802
vn -0.3867 0.8343 -0.3930
vn -0.9489 0.0067 0.3155
vn -0.9831 0.0081 0.1827
vn -0.7317 0.0760 -0.6774
vn -0.9279 -0.0224 -0.3722
vn 0.7621 -0.4653 0.4501
vn -0.4648 0.6515 0.5996
vn 0.2043 0.7342 0.6475
vn -0.6236 -0.7785 -0.0711
vn -0.2434 -0.5098 -0.8251
vn 0.2970 0.9336 0.2005
vn 0.0292 0.9652 0.2598
vn 0.0708 0.9973 0.0178
vn -0.2810 0.8502 0.4452
vn 0.6117 0.7804 0.1298
vn 0.0961 -0.1180 0.9884
vn -0.1540 0.8154 -0.5580
vn -0.3932 0.7722 -0.4991
vn -0.6789 0.4409 -0.5872
vn -0.1227 0.8826 -0.4538
vn -0.1970 0.9229 -0.3309
vn -0.5964 0.8026 0.0161
vn -0.6352 0.7724 -0.0033
vn -0.7221 0.6918 -0.0031
vn -0.9658 0.0847 -0.2452
vn -0.6176 0.7802 -0.0991
vn -0.8434 0.3691 -0.3905
vn -0.8444 0.1899 -0.5009
vn -0.7327 0.5964 -0.3278
vn -0.5189 0.8485 -0.1037
vn -0.5440 0.7994 -0.2549
vn -0.8339 0.4828 0.2673
vn -0.6663 0.0636 0.7429
vn -0.0973 -0.1482 -0.9842
vn -0.3323 -0.5751 -0.7475
vn -0.2451 -0.2836 -0.9271
vn -0.7238 -0.6846 -0.0861
vn -0.4396 -0.8374 0.3248
vn 0.0102 -0.9366 -0.3502
vn -0.7141 -0.4410 -0.5436
vn -0.6859 -0.1770 -0.7058
vn -0.4948 -0.1991 -0.8459
vn -0.6958 -0.7082 -0.1197
vn -0.9891 -0.1044 -0.1040
vn -0.7966 -0.3526 -0.4910
vn -0.8599 -0.1130 -0.4978
vn -0.2746 -0.9574 -0.0894
vn -0.1649 0.9789 -0.1207
vn -0.9204 -0.2332 -0.3139
vn -0.0933 -0.9749 -0.2023
vn -0.3484 -0.8943 0.2807
vn -0.0913 -0.8253 0.5573
vn -0.9718 -0.0895 -0.2183
vn -0.2685 -0.9620 -0.0491
vn -0.1294 0.9902 -0.0523
vn -0.2312 0.8658 -0.4437
vn -0.1390 0.6563 -0.7416
vn -0.8335 -0.3531 -0.4250
vn -0.2003 -0.9417 0.2702
vn -0.9343 -0.1518 -0.3225
vn -0.4070 -0.8279 0.3860
vn -0.3901 0.0972 0.9156
vn -0.6210 0.3281 0.7118
vn -0.5802 -0.5411 0.6087
vn -0.5560 0.4661 0.6882
vn -0.7941 -0.3652 0.4858
vn -0.5454 0.7968 0.2603
vn -0.7407 0.5979 0.3064
vn -0.8767 -0.2230 0.4262
vn -0.8504 -0.3561 -0.3874
vn -0.3317 -0.9164 -0.2241
vn -0.1776 -0.9756 0.1289
vn -0.1911 -0.9727 0.1318
vn -0.1770 -0.9604 -0.2154
vn -0.4053 -0.7046 -0.5824
vn -0.4903 -0.8190 -0.2980
vn 0.0329 -0.9516 -0.3056
vn -0.3966 -0.8151 -0.4223
vn -0.0942 -0.7357 -0.6708
vn -0.9800 -0.1933 -0.0474
vn -0.4989 -0.8603 -0.1045
vn -0.5223 0.6623 0.5372
vn -0.6758 0.1722 -0.7167
vn -0.4958 0.7414 0.4523
vn -0.6480 0.3995 0.6484
vn -0.2593 0.9370 0.2340
vn -0.3993 0.8705 0.2877
vn -0.0360 0.9909 0.1300
vn -0.4519 0.8833 0.1252
vn -0.8851 0.4561 0.0923
vn -0.4083 0.8192 0.4026
vn -0.3744 -0.7874 0.4897
vn -0.2614 -0.7981 0.5428
vn -0.6019 -0.7340 0.3148
vn -0.2588 0.4413 0.8592
vn -0.5669 0.2347 0.7896
vn -0.2312 0.3733 0.8985
vn -0.4697 0.3513 0.8099
vn -0.1795 -0.6938 0.6974
vn -0.5203 0.4289 0.7385
vn -0.4743 0.4818 0.7369
vn -0.5620 -0.4906 0.6659
vn -0.0456 0.2030 0.9781
vn -0.2300 -0.7372 0.6353
vn -0.6072 -0.2785 0.7441
vn -0.3857 -0.5308 0.7546
vn -0.1889 0.4964 0.8473
vn -0.6335 0.2456 0.7338
vn -0.6223 0.2223 0.7506
vn -0.0480 -0.8475 0.5286
vn -0.6404 0.4017 0.6547
vn -0.3620 0.4891 0.7936
vn -0.4773 -0.8711 0.1156
vn -0.5308 -0.7540 0.3870
vn -0.1110 0.6461 -0.7551
vn -0.1286 0.8036 -0.5811
vn -0.8499 -0.3195 0.4191
vn -0.8327 -0.4023 0.3806
vn -0.9095 -0.1729 0.3781
vn -0.4266 -0.8964 -0.1204
vn -0.3497 -0.6529 0.6718
vn -0.6061 0.1805 0.7747
vn -0.4032 0.6454 -0.6487
vn -0.3659 0.8804 -0.3017
vn -0.9388 0.3356 -0.0777
vn -0.9723 0.2249 -0.0633
vn -0.9491 0.2410 -0.2028
vn -0.6282 0.7710 -0.1050
vn -0.8655 0.4938 -0.0841
vn -0.9244 0.3676 -0.1019
vn -0.7956 0.4555 -0.3993
vn -0.7901 0.2335 -0.5667
vn -0.1533 0.9639 -0.2177
vn -0.6194 0.1316 0.7740
vn -0.6019 -0.5795 0.5494
vn -0.7175 -0.5435 0.4357
vn -0.7224 0.2871 0.6290
vn -0.9897 -0.1430 -0.0003
vn -0.8667 -0.4551 0.2044
vn -0.4825 0.8757 -0.0186
vn -0.3416 0.6290 -0.6983
vn 0.2667 -0.8728 -0.4087
vn 0.5227 -0.3760 -0.7651
vn 0.5844 -0.6346 -0.5057
vn -0.5275 0.4036 -0.7476
vn -0.6522 0.7580 0.0051
vn -0.3654 -0.5099 -0.7788
vn 0.2785 0.7392 -0.6133
vn -0.8400 0.3125 -0.4436
vn -0.6310 0.6007 -0.4908
vn 0.0169 0.0517 -0.9985
vn 0.1989 -0.1144 -0.9733
vn 0.3609 -0.6955 0.6213
vn -0.0101 0.8404 0.5419
vn 0.2166 0.6627 0.7169
vn -0.4365 -0.8830 -0.1727
vn 0.1318 -0.9673 -0.2168
vn 0.4834 0.3462 -0.8040
vn 0.5749 0.2671 -0.7734
vn 0.0597 -0.8862 0.4594
vn 0.5746 -0.4490 -0.6842
vn -0.6218 -0.6072 0.4947
vn 0.3931 0.2783 -0.8764
vn 0.4972 -0.2898 -0.8178
vn 0.7179 -0.6928 -0.0684
vn 0.4636 -0.8860 0.0118
vn -0.9243 0.0313 0.3804
vn 0.0588 -0.8864 0.4592
vn 0.1921 -0.4795 -0.8562
vn -0.1218 0.0616 -0.9906
vn -0.3960 -0.7645 0.5087
vn 0.3419 -0.7248 0.5981
vn -0.4238 -0.8869 -0.1839
vn -0.1884 -0.9795 0.0719
vn -0.1956 -0.9807 -0.0072
vn -0.7383 -0.5419 0.4016
vn -0.8413 -0.4365 0.3189
vn -0.9342 -0.1296 0.3324
vn -0.5470 -0.7179 0.4306
vn -0.4820 -0.8385 0.2542
vn -0.3804 -0.7306 0.5671
vn -0.2597 -0.9287 0.2645
vn 0.1798 -0.9720 -0.1516
vn 0.0895 -0.9557 -0.2804
vn -0.4212 -0.6563 0.6260
vn 0.2187 0.9750 -0.0387
vn -0.6946 -0.4771 -0.5385
vn -0.3324 0.7841 0.5241
vn -0.5508 -0.2504 0.7961
vn -0.7396 0.6609 0.1271
vn -0.9470 0.2903 -0.1379
vn -0.5716 -0.6627 -0.4839
vn -0.5018 -0.8573 0.1148
vn -0.0472 -0.6222 -0.7815
vn -0.5222 -0.2231 0.8231
vn -0.1493 -0.7255 -0.6719
vn -0.7003 -0.5462 -0.4595
vn -0.7188 -0.4967 -0.4864
vn -0.8644 -0.4003 -0.3043
vn -0.7915 -0.5210 -0.3195
vn -0.9729 0.0553 0.2244
vn -0.4774 -0.8066 0.3485
vn 0.2309 -0.9235 0.3062
vn -0.0405 0.5391 0.8412
vn 0.0774 -0.8383 0.5397
vn 0.1320 -0.6888 0.7129
vn -0.2176 -0.8705 -0.4414
vn 0.3786 -0.9083 -0.1779
vn 0.3296 -0.8286 0.4526
vn -0.9550 0.1665 0.2454
vn -0.2008 -0.9791 -0.0335
vn -0.5052 -0.8510 0.1436
vn -0.2421 -0.9520 0.1872
vn -0.4028 -0.8793 0.2539
vn -0.5457 -0.7977 0.2567
vn -0.4601 0.8754 0.1485
vn -0.2443 0.9647 0.0985
vn -0.3866 0.9209 0.0497
vn -0.9566 -0.2621 0.1276
vn -0.9599 0.2353 0.1523
vn -0.9276 0.2982 0.2251
vn -0.4675 0.8730 0.1386
vn -0.5689 -0.7471 0.3439
vn -0.0772 0.9601 0.2688
vn -0.0240 -0.9988 -0.0433
vn -0.0030 -1.0000 0.0044
vn -0.0032 -1.0000 0.0049
vn -0.0031 -1.0000 -0.0009
vn -0.0796 -0.9960 -0.0402
vn -0.0030 -1.0000 0.0074
vn -0.0032 -1.0000 0.0047
vn -0.0007 -1.0000 0.0018
vn -0.0050 -1.0000 -0.0037
vn -0.0043 -1.0000 -0.0035
vn -0.0002 -0.9996 -0.0276
vn 0.0003 -1.0000 -0.0004
vn -0.0023 -0.9996 0.0295
vn 0.0477 -0.9989 0.0029
vn 0.4993 -0.8036 0.3240
vn 0.5305 -0.7279 0.4345
vn 0.6595 0.4728 0.5844
vn 0.5990 0.7760 0.1978
vn 0.9469 -0.2860 0.1467
vn -0.8755 0.3629 0.3189
vn 0.7972 0.5987 0.0778
vn 0.6802 -0.5669 0.4648
vn 0.1029 -0.9945 0.0183
vn 0.1768 0.9830 0.0501
vn -0.9753 0.1469 0.1649
vn -0.8067 -0.2499 0.5355
vn -0.4568 0.8531 0.2521
vn -0.9691 -0.1332 0.2077
vn -0.1708 0.7356 0.6555
vn 0.0991 0.8167 0.5685
vn 0.6736 0.7376 0.0465
vn 0.2284 0.9134 0.3371
vn 0.6611 0.5891 0.4646
vn -0.6961 -0.6828 -0.2219
vn -0.6849 -0.7118 -0.1560
vn -0.6101 0.4465 0.6545
vn 0.9878 0.1407 -0.0664
vn -0.9931 -0.0614 0.0999
vn -0.9654 -0.0488 -0.2562
vn 0.9976 -0.0194 0.0660
vn -0.9776 -0.0380 0.2072
vn -0.9725 -0.0970 0.2119
vn -0.3153 0.9337 0.1695
vn 0.4603 -0.5455 0.7004
vn 0.2177 -0.6663 0.7132
vn 0.6938 -0.1561 0.7030
vn 0.5677 -0.7858 0.2454
vn 0.7329 -0.6415 -0.2267
vn 0.2951 0.2099 0.9321
vn 0.2702 0.3002 0.9148
vn 0.4413 -0.8117 0.3826
vn 0.8971 -0.4146 -0.1527
vn 0.2049 0.6554 0.7269
vn 0.7024 0.5642 0.4339
vn 0.8199 -0.2177 -0.5295
vn 0.5033 0.6174 0.6045
vn 0.4427 0.8008 0.4034
vn 0.0337 0.9107 0.4118
vn 0.3995 -0.7979 0.4514
vn 0.6423 0.0407 0.7654
vn 0.0961 0.7231 0.6840
vn 0.4939 0.4667 0.7337
vn 0.1143 0.5920 0.7978
vn 0.5887 0.2785 0.7588
vn 0.2542 0.4492 0.8565
vn 0.5878 0.2692 0.7629
vn 0.4164 -0.8960 -0.1542
vn 0.2741 -0.6545 0.7046
vn 0.4636 -0.7702 0.4380
vn 0.6270 0.5665 0.5347
vn 0.6609 0.3736 0.6509
vn -0.1906 -0.9470 0.2584
vn 0.6948 0.7044 -0.1452
vn 0.6603 0.1801 -0.7291
vn -0.0171 -0.9998 0.0037
vn -0.3912 -0.6455 -0.6560
vn -0.4389 -0.8983 0.0216
vn -0.5705 -0.4094 -0.7120
vn 0.9111 0.3035 0.2788
vn -0.4573 -0.8889 0.0263
vn 0.9023 0.4175 -0.1076
vn -0.1752 0.6856 0.7066
vn -0.3589 0.8677 0.3439
vn 0.2988 0.9195 0.2553
vn 0.6435 0.7524 0.1407
vn -0.5515 0.7308 0.4022
vn 0.3668 0.2408 0.8986
vn -0.1261 0.8370 0.5325
vn -0.3216 0.7328 0.5996
vn -0.9627 0.1142 0.2454
vn -0.2998 0.9392 0.1675
vn 0.4786 0.4044 0.7793
vn -0.2457 0.9528 0.1781
vn -0.7306 0.6042 0.3180
vn 0.3181 0.8953 0.3120
vn -0.2089 0.7410 0.6382
vn 0.0560 0.5382 0.8409
vn -0.4625 0.8491 0.2551
vn 0.5891 0.7935 0.1525
vn -0.4069 0.6676 0.6235
vn -0.4349 0.8080 0.3974
vn -0.9693 -0.1795 0.1681
vn -0.4575 -0.8888 0.0271
vn 0.1106 0.8706 0.4793
vn 0.8656 0.4494 0.2209
vn 0.7068 0.6865 0.1708
vn -0.3363 0.8726 0.3543
vn -0.6737 0.6204 0.4015
vn -0.3561 0.8420 0.4053
vn 0.8071 0.5778 0.1216
vn 0.9621 0.2705 0.0351
vn 0.8772 0.4484 0.1716
vn 0.9764 0.0229 0.2146
vn 0.5744 0.8185 -0.0011
vn 0.1573 0.8148 0.5580
vn -0.1053 0.6799 0.7257
vn -0.2358 0.8888 0.3930
vn -0.5152 0.8207 0.2470
vn 0.7685 0.5882 0.2518
vn -0.1487 0.9770 0.1528
vn 0.7127 0.6849 -0.1518
vn 0.5578 0.6977 -0.4495
vn 0.7788 -0.5499 0.3017
vn 0.4080 -0.8915 -0.1969
vn 0.3796 -0.4526 -0.8069
vn 0.3448 0.4573 -0.8197
vn -0.3145 0.6231 -0.7162
vn -0.2529 -0.0024 -0.9675
vn -0.4108 -0.2718 -0.8703
vn 0.3339 -0.0113 -0.9425
vn 0.2279 0.8945 -0.3847
vn 0.6853 0.7228 -0.0887
vn -0.4090 -0.5704 0.7122
vn -0.2078 -0.8356 0.5085
vn -0.2932 -0.9284 0.2281
vn -0.6673 -0.7016 0.2500
vn -0.9497 0.1631 0.2672
vn -0.7659 0.6325 0.1155
vn 0.6170 0.7686 0.1692
vn 0.8729 0.4620 0.1565
vn -0.7911 0.5374 0.2922
vn 0.1274 -0.4569 0.8804
vn 0.0322 0.9851 0.1688
vn 0.6547 0.7491 0.1017
vn -0.6482 0.4374 0.6233
vn -0.5801 0.7631 0.2850
vn -0.0069 0.8647 0.5022
vn 0.5931 -0.1007 -0.7988
vn 0.9667 0.2044 0.1540
vn -0.5096 0.8295 0.2288
vn 0.6910 0.5056 0.5166
vn 0.9221 0.0556 0.3829
vn 0.3656 0.9298 0.0427
vn 0.3238 0.6437 -0.6934
vn -0.0332 -0.8954 0.4440
vn -0.0449 0.0487 -0.9978
vn -0.6310 -0.7726 0.0708
vn 0.5710 0.2349 -0.7866
vn -0.0647 -0.9782 0.1975
vn -0.4661 -0.3022 -0.8315
vn -0.4861 -0.8608 0.1509
vn 0.6752 0.5549 -0.4859
vn 0.9040 0.2914 -0.3130
vn 0.9223 -0.2225 0.3161
vn 0.9497 0.0031 0.3132
vn -0.8407 0.5090 0.1846
vn 0.9545 -0.2549 0.1550
vn 0.6153 0.2331 -0.7531
vn 0.7886 0.5666 -0.2389
vn 0.1592 0.5760 -0.8018
vn 0.6358 0.7116 -0.2989
vn 0.2723 0.7202 -0.6381
vn 0.7304 0.4058 -0.5495
vn 0.8670 -0.4319 -0.2485
vn -0.2049 -0.4491 -0.8697
vn 0.1389 0.8921 -0.4299
vn 0.2657 0.8545 -0.4463
vn 0.6138 -0.6137 0.4966
vn 0.1692 -0.9849 0.0360
vn -0.0062 0.7792 -0.6268
vn 0.8793 -0.4756 -0.0260
vn -0.1366 -0.8322 0.5374
vn -0.0818 -0.9683 -0.2358
vn -0.9263 -0.1167 0.3582
vn -0.7186 -0.6873 0.1058
vn 0.7519 -0.4280 -0.5015
vn -0.9439 -0.2298 -0.2371
vn 0.3878 0.7917 0.4720
vn 0.8314 0.5508 0.0729
vn -0.7446 -0.6145 -0.2608
vn 0.9587 0.1614 -0.2340
vn 0.5939 -0.6641 -0.4541
vn 0.1620 -0.6133 -0.7731
vn 0.9019 0.3819 0.2020
vn 0.0276 -0.9996 -0.0057
vn 0.7181 -0.6572 0.2290
vn 0.6246 -0.7787 -0.0587
vn 0.5241 -0.7645 0.3752
vn 0.3042 -0.4297 -0.8502
vn 0.8372 -0.2043 -0.5073
vn 0.4897 -0.8716 0.0212
vn 0.9663 -0.1074 -0.2338
vn -0.1346 -0.8487 0.5115
vn 0.2114 -0.9708 -0.1133
vn -0.4177 -0.9021 -0.1088
vn 0.9949 0.0429 0.0912
vn -0.5028 -0.2478 0.8281
vn 0.7855 0.6148 0.0707
vn 0.0235 -0.9861 0.1643
vn -0.2297 -0.9721 0.0481
vn 0.0248 -0.9969 0.0741
vn 0.0421 -0.9779 0.2050
vn -0.9641 -0.0534 0.2600
vn 0.0700 0.9681 0.2404
vn 0.2255 0.9403 0.2551
vn 0.0576 0.9507 0.3046
vn -0.4620 -0.8715 0.1646
vn -0.3069 -0.9310 0.1975
vn -0.1886 -0.9819 -0.0149
vn -0.4817 0.3794 0.7899
vn 0.0161 0.9890 0.1472
vn -0.4069 -0.8279 0.3860
vn -0.4620 0.5975 0.6554
vn 0.3736 -0.9108 -0.1756
vn 0.3351 -0.9241 -0.1836
vn 0.6023 -0.7925 -0.0954
vn -0.1501 0.5657 0.8108
vn -0.3310 0.5585 0.7606
vn -0.6318 0.7673 0.1097
vn -0.1569 -0.9133 0.3758
vn -0.5730 0.8184 0.0430
vn 0.8164 -0.2099 0.5380
vn -0.7941 0.5619 0.2316
vn -0.7567 -0.6242 0.1944
vn -0.2512 0.7583 0.6016
vn 0.4576 -0.8121 0.3622
vn -0.6525 0.7559 0.0534
vn -0.6865 0.6857 0.2421
vn -0.5685 -0.3484 0.7452
vn -0.1651 0.9272 0.3363
vn 0.0171 -0.9426 -0.3334
vn -0.2108 0.9756 0.0610
vn 0.6934 -0.7031 -0.1578
vn 0.4396 -0.8848 -0.1543
vn 0.9499 0.2621 -0.1702
vn 0.2638 -0.9584 -0.1092
vn 0.9206 -0.3596 0.1522
vn -0.8758 -0.3932 0.2800
vn -0.6492 0.6355 0.4179
vn 0.1994 0.9797 -0.0219
vn 0.9948 0.0943 -0.0395
vn -0.9907 0.1225 -0.0593
vn 0.9869 -0.1573 0.0372
vn 0.8845 0.4336 -0.1723
vn -0.9612 0.2530 0.1102
vn -0.2417 -0.9696 0.0385
vn 0.0966 0.9412 0.3238
vn 0.9684 0.0080 -0.2493
vn 0.2937 -0.9509 -0.0978
vn -0.5553 0.8077 0.1982
vn -0.8786 -0.3801 -0.2892
vn 0.9663 0.2569 0.0183
vn -0.4588 0.5430 0.7033
vn 0.7358 0.6536 0.1771
vn 0.9729 0.1920 0.1292
vn 0.7935 -0.5830 -0.1746
vn 0.3654 -0.9051 -0.2175
vn -0.8266 0.5571 0.0797
vn 0.3506 -0.9139 -0.2045
vn -0.7869 0.6170 0.0025
vn -0.1029 -0.1386 0.9850
vn -0.6738 -0.3141 0.6688
vn -0.3759 -0.8187 -0.4341
vn -0.5082 -0.8560 -0.0946
vn -0.1055 -0.9763 0.1888
vn -0.1972 0.3561 0.9134
vn -0.2815 0.1784 0.9428
vn -0.4354 -0.8931 -0.1132
vn -0.5808 -0.8095 -0.0858
vn -0.4983 -0.8443 -0.1972
vn -0.6064 -0.7717 -0.1915
vn -0.2052 0.6547 0.7275
vn -0.0391 -0.9986 -0.0346
vn -0.5066 -0.6798 -0.5303
vn -0.5767 -0.8134 -0.0762
vn -0.7601 -0.6378 -0.1245
vn -0.0576 0.9110 0.4083
vn -0.1458 0.9395 0.3100
vn -0.2911 0.8752 0.3864
vn -0.0499 0.7473 0.6626
vn -0.1482 0.6781 0.7199
vn -0.1353 0.7164 0.6844
vn -0.5157 0.2220 0.8275
vn -0.2553 0.5105 0.8211
vn 0.1444 -0.8664 0.4780
vn -0.6413 0.5816 0.5004
vn -0.7081 0.3142 0.6324
vn -0.6756 0.2280 0.7011
vn -0.1379 -0.6051 -0.7842
vn -0.9360 0.2536 -0.2440
vn -0.2631 0.6798 -0.6845
vn -0.9527 0.2263 0.2027
vn -0.2009 0.9303 0.3067
vn -0.5725 -0.7928 -0.2088
vn 0.7789 0.4562 0.4303
vn -0.6072 0.7934 -0.0424
vn 0.7009 0.6933 0.1677
vn -0.4359 0.8647 0.2494
vn -0.7929 0.6054 0.0693
vn 0.0832 -0.6053 0.7916
vn 0.8910 -0.0941 0.4441
vn 0.3912 0.7524 0.5299
vn 0.0439 0.7371 0.6743
vn 0.6252 0.6429 0.4425
vn 0.4150 0.8762 0.2450
vn 0.3850 0.8380 0.3866
vn 0.7371 0.5974 0.3158
vn -0.0693 0.1039 0.9922
vn 0.1366 0.7480 0.6494
vn 0.6006 -0.7994 0.0152
vn -0.1056 0.9813 0.1612
vn 0.1506 0.6915 0.7065
vn 0.4492 0.6384 0.6250
vn -0.5214 0.8448 0.1202
vn 0.1592 0.9753 0.1533
vn -0.0950 0.9406 0.3259
vn -0.8351 0.5501 0.0054
vn -0.8700 0.4830 -0.0990
vn -0.4399 0.8976 0.0285
vn -0.9340 0.3511 -0.0659
vn 0.0069 0.3547 0.9350
vn 0.8675 0.4346 0.2421
vn 0.4241 0.4807 0.7675
vn 0.9496 0.0022 0.3134
vn -0.6536 -0.7166 0.2436
vn -0.7149 0.6791 -0.1666
vn -0.4723 0.8786 -0.0711
vn -0.4936 0.7999 -0.3412
vn -0.5732 0.7649 -0.2940
vn 0.9281 -0.3228 0.1854
vn -0.8604 0.3779 -0.3418
vn 0.3297 0.1054 -0.9382
vn 0.4714 -0.7280 -0.4978
vn 0.4133 -0.5696 -0.7104
vn 0.3010 -0.5979 -0.7429
vn 0.0414 -0.9904 -0.1318
vn -0.3349 -0.9193 0.2066
vn 0.4155 -0.9016 0.1203
vn 0.7272 0.6288 0.2753
vn 0.0188 0.9968 0.0780
vn -0.0164 -0.6966 0.7173
vn -0.4827 -0.4526 0.7497
vn 0.5389 -0.8348 0.1124
vn 0.4341 -0.8942 0.1097
vn 0.2549 -0.9565 0.1417
vn -0.0484 -0.8797 0.4730
vn 0.7266 -0.6617 0.1850
vn -0.6188 0.7636 0.1846
vn 0.4453 0.8030 0.3962
vn -0.5452 0.7832 0.2989
vn -0.6696 -0.7392 0.0724
vn 0.2580 0.9370 0.2353
vn 0.6235 0.7305 0.2784
vn 0.0187 0.4845 0.8746
vn -0.2601 0.5698 -0.7795
vn -0.6944 0.5015 0.5160
vn -0.4884 0.8720 -0.0327
vn -0.7552 0.3038 -0.5808
vn -0.2004 -0.2495 -0.9474
vn -0.1016 0.5172 -0.8498
vn -0.6735 -0.5419 0.5027
vn 0.0907 -0.9573 0.2746
vn 0.4268 -0.8676 0.2551
vn 0.9876 0.1095 0.1128
vn 0.8465 0.4984 0.1871
vn -0.3862 -0.0888 -0.9181
vn -0.9477 0.0056 0.3191
vn 0.9022 0.4060 0.1452
vn -0.9744 -0.1924 0.1166
vn 0.0967 0.9388 0.3305
vn -0.4003 -0.6479 0.6481
vn -0.7278 0.6516 -0.2141
vn -0.3058 0.6779 -0.6686
vn 0.1333 -0.9682 -0.2118
vn -0.5425 0.7718 -0.3318
vn -0.6280 0.0017 -0.7782
vn -0.4771 0.2922 -0.8289
vn -0.8667 -0.4178 -0.2726
vn -0.7158 -0.4673 0.5189
vn -0.6282 -0.6210 0.4687
vn -0.0440 0.9959 0.0786
vn -0.3840 -0.9149 -0.1246
vn -0.8412 -0.3311 0.4274
vn 0.0431 -0.9339 0.3548
vn 0.7296 -0.5016 -0.4649
vn -0.1401 0.9899 0.0221
vn -0.0074 0.7815 -0.6238
vn 0.2158 -0.9753 0.0482
vn -0.3927 0.9171 0.0692
vn 0.9530 -0.3010 -0.0351
vn 0.0839 -0.9940 0.0700
vn 0.9398 0.0543 0.3373
vn -0.5055 -0.8515 0.1392
vn -0.9511 -0.0002 -0.3087
vn -0.9573 0.2441 -0.1547
vn -0.9647 0.1668 -0.2038
vn 0.7443 -0.6637 0.0737
vn -0.4763 -0.8793 0.0030
vn -0.5420 -0.7613 0.3558
vn -0.8400 -0.1816 -0.5113
vn -0.8474 0.5205 0.1049
vn 0.3960 -0.8831 -0.2518
vn 0.2287 -0.9702 -0.0801
vn -0.1344 0.9908 0.0189
vn 0.1560 -0.6558 0.7386
vn -0.2326 0.9233 0.3057
vn -0.9978 0.0461 0.0480
vn -0.1091 0.4631 0.8795
vn -0.2765 -0.9052 0.3227
vn -0.9063 -0.0389 0.4209
vn 0.2528 0.8415 0.4775
vn 0.4878 0.4051 0.7733
vn 0.5799 0.0912 0.8096
vn -0.4512 0.8912 0.0459
vn -0.3165 0.9018 0.2941
vn 0.9954 -0.0310 0.0904
vn 0.6821 0.7265 0.0829
vn 0.5986 0.7881 0.1433
vn 0.2520 0.7728 0.5824
vn 0.1942 0.7723 0.6049
vn 0.4980 0.2278 0.8367
vn 0.1381 0.4211 0.8964
vn 0.0666 0.5254 0.8483
vn -0.3870 -0.9180 -0.0862
vn -0.5154 -0.8344 -0.1956
vn 0.1344 0.4221 0.8965
vn 0.0585 0.4382 0.8969
vn 0.1009 0.5141 0.8518
vn 0.0189 0.3361 0.9416
vn 0.8075 -0.5731 0.1399
vn 0.1522 0.7745 0.6140
vn 0.6682 0.7374 0.0992
vn 0.2310 0.1221 0.9652
vn -0.0199 -0.9901 0.1393
vn -0.4703 -0.8812 0.0483
vn 0.5399 0.8411 0.0335
vn -0.8711 -0.4775 0.1144
vn 0.3983 0.8996 0.1791
vn 0.1485 0.9889 0.0027
vn -0.5547 -0.7915 0.2564
vn 0.7915 0.6112 -0.0005
vn 0.7304 0.6461 0.2217
vn -0.4486 -0.8855 -0.1213
vn -0.4144 0.9101 0.0024
vn -0.7518 -0.6349 -0.1783
vn -0.4430 -0.8855 -0.1403
vn -0.2689 -0.9577 -0.1027
vn 0.4915 0.8435 0.2167
vn 0.8458 0.5245 0.0980
vn 0.9832 0.1720 -0.0603
vn -0.9781 0.1808 -0.1027
vn -0.9642 -0.2404 -0.1117
vn -0.9626 -0.2455 -0.1144
vn -0.9887 -0.1420 0.0485
vn 0.8228 0.5683 0.0050
vn 0.3950 -0.9168 -0.0577
vn -0.0148 -0.9993 -0.0331
vn -0.2931 -0.9536 -0.0686
vn 0.9764 0.2121 0.0415
vn -0.7947 0.6068 0.0145
vn 0.2121 -0.9505 -0.2272
vn -0.9422 0.3346 0.0171
vn 0.7296 0.4069 0.5496
vn -0.9960 -0.0017 0.0896
vn 0.7605 -0.4541 -0.4642
vn -0.8294 -0.5264 -0.1870
vn 0.9092 -0.3131 -0.2745
vn -0.3436 -0.9058 -0.2478
vn -0.5014 0.8604 0.0912
vn 0.1419 -0.4966 0.8563
vn 0.0711 0.9844 0.1611
vn 0.5637 0.4780 0.6736
vn 0.6512 -0.6116 0.4493
vn 0.6044 -0.6675 0.4349
vn 0.6266 -0.6232 0.4679
vn -0.0715 -0.9627 0.2611
vn 0.1710 -0.7957 0.5811
vn 0.1953 -0.8507 0.4881
vn 0.2654 -0.6407 0.7204
vn -0.0547 -0.9022 0.4279
vn -0.2524 -0.7449 0.6176
vn 0.1768 -0.7321 0.6579
vn 0.1551 -0.2003 0.9674
vn -0.0627 0.4052 0.9121
vn -0.0906 0.1822 0.9791
vn 0.3059 0.6321 0.7120
vn 0.1724 0.7498 0.6388
vn 0.1488 0.6527 0.7428
vn 0.0394 0.8315 0.5541
vn 0.2759 -0.7909 -0.5462
vn 0.1033 0.9135 0.3935
vn 0.0143 0.9319 0.3624
vn 0.3030 0.8691 0.3910
vn 0.1583 0.9075 0.3891
vn 0.0998 0.7614 0.6406
vn 0.0412 0.7297 0.6825
vn 0.2976 0.8246 0.4812
vn 0.3218 0.8426 0.4317
vn 0.2426 0.8669 0.4354
vn 0.1680 0.8421 0.5125
vn 0.1887 0.8740 0.4479
vn 0.1420 0.8781 0.4570
vn 0.2205 -0.2816 0.9339
vn 0.4591 -0.6229 0.6334
vn 0.6082 -0.4401 0.6606
vn 0.4914 -0.5468 0.6779
vn 0.0753 0.6786 0.7306
vn 0.2258 0.2818 0.9325
vn 0.4196 0.3347 0.8438
vn 0.2663 0.4989 0.8247
vn 0.5168 -0.5741 0.6350
vn 0.5966 -0.5252 0.6068
vn 0.6250 -0.5475 0.5564
vn 0.6498 -0.0758 0.7563
vn 0.6496 -0.5821 0.4890
vn 0.6997 -0.4064 0.5876
vn 0.1618 0.6293 0.7601
vn 0.6846 -0.5466 0.4822
vn 0.6918 0.2710 0.6693
vn 0.6200 0.1567 0.7688
vn 0.5945 0.3379 0.7296
vn 0.4006 -0.3650 0.8404
vn -0.0613 -0.9861 -0.1546
vn 0.1264 0.1991 0.9718
vn 0.3639 -0.2361 0.9010
vn 0.2011 -0.3019 0.9319
vn 0.2704 -0.6370 0.7219
vn 0.0921 0.6830 0.7246
vn 0.5930 -0.2188 0.7749
vn 0.7367 -0.1342 0.6627
vn 0.1564 0.1519 0.9759
vn 0.2063 0.4294 0.8793
vn 0.0494 -0.1063 0.9931
vn 0.0976 0.1304 0.9867
vn 0.1112 0.2824 0.9528
vn 0.4569 -0.5855 0.6697
vn 0.6567 -0.2244 0.7200
vn 0.5211 -0.1775 0.8348
vn 0.6366 0.5138 0.5751
vn 0.6559 0.4484 0.6072
vn 0.5761 0.4223 0.6998
vn 0.3021 -0.6997 0.6475
vn 0.4181 -0.5341 0.7348
vn 0.2763 -0.7442 0.6081
vn 0.4544 -0.5693 0.6851
vn 0.5828 -0.2742 0.7650
vn 0.1230 0.6137 0.7799
vn 0.0494 -0.0991 0.9939
vn 0.3916 -0.6251 0.6752
vn 0.3922 -0.5458 0.7405
vn 0.4683 -0.4312 0.7712
vn 0.4051 -0.5912 0.6974
vn 0.3606 -0.5486 0.7543
vn 0.3437 -0.6554 0.6726
vn 0.2186 -0.7938 0.5675
vn -0.0513 -0.7164 0.6958
vn 0.2611 -0.5899 0.7641
vn 0.1245 0.4209 0.8985
vn 0.1105 0.4936 0.8626
vn 0.1997 0.4690 0.8603
vn 0.0504 0.1189 0.9916
vn 0.2741 0.3828 0.8823
vn 0.3027 0.3314 0.8936
vn 0.0114 0.8279 0.5607
vn 0.5618 -0.1659 0.8105
vn 0.4724 0.2387 0.8484
vn 0.4537 -0.0184 0.8910
vn 0.6886 0.3337 0.6438
vn 0.5794 0.5253 0.6231
vn 0.5698 0.2620 0.7789
vn 0.2868 -0.8049 0.5196
vn 0.4721 -0.5371 0.6990
vn 0.2234 -0.6628 0.7147
vn 0.0301 0.5700 0.8211
vn 0.0087 0.5457 0.8379
vn -0.0174 -0.8614 -0.5077
vn 0.0776 0.7176 0.6921
vn 0.0473 -0.3753 0.9257
vn 0.2478 -0.3917 0.8861
vn 0.1612 0.0452 0.9859
vn -0.1191 0.0975 0.9881
vn 0.0751 0.8440 0.5310
vn -0.0355 0.2528 0.9669
vn 0.1797 0.6964 0.6948
vn 0.1416 0.4863 0.8623
vn -0.1463 0.2851 0.9473
vn 0.3073 0.4105 0.8585
vn -0.0393 0.7295 0.6829
vn 0.3418 0.2330 0.9104
vn -0.0892 -0.3048 0.9482
vn -0.0386 0.4367 0.8988
vn -0.0223 0.9657 0.2586
vn 0.3005 0.4660 0.8322
vn 0.0614 0.3472 0.9358
vn -0.2671 0.4771 0.8372
vn -0.0741 0.3788 0.9225
vn 0.0793 0.3458 0.9350
vn 0.2687 0.2166 0.9386
vn 0.0335 0.5039 0.8631
vn 0.0399 -0.7695 0.6374
vn -0.1706 0.3788 0.9096
vn 0.0668 0.4252 0.9026
vn 0.4088 0.2368 0.8813
vn 0.3837 0.1078 0.9171
vn 0.6445 -0.2572 0.7200
vn 0.7197 -0.2493 0.6480
vn 0.6837 0.0604 0.7273
vn 0.2822 -0.4258 0.8597
vn 0.4298 -0.2077 0.8787
vn 0.3052 0.1805 0.9350
vn -0.2625 0.5401 0.7996
vn 0.1309 0.7717 0.6224
vn 0.4312 0.2844 0.8562
vn 0.2504 0.7582 -0.6020
vn 0.1765 -0.5529 -0.8144
vn 0.7781 0.5208 -0.3512
vn 0.9038 0.4060 -0.1355
vn 0.9300 0.2958 -0.2180
vn 0.4365 0.5128 -0.7393
vn -0.5000 -0.2135 -0.8393
vn -0.1929 0.9721 0.1336
vn -0.2897 0.9351 0.2042
vn 0.9032 0.1645 -0.3965
vn 0.3707 0.7386 -0.5631
vn -0.7336 0.4467 0.5122
vn 0.2383 0.7483 -0.6191
vn -0.6079 0.2651 -0.7485
vn 0.5782 0.7438 -0.3353
vn 0.1667 0.9416 0.2924
vn 0.8883 -0.3980 -0.2292
vn -0.8018 0.5660 0.1920
vn 0.8816 0.4720 0.0017
vn -0.9264 0.1974 0.3206
vn -0.8044 -0.5921 0.0477
vn 0.6627 0.7468 -0.0569
vn 0.6048 0.7864 0.1257
vn -0.4413 0.8618 0.2502
vn -0.6824 0.7111 0.1692
vn -0.8634 0.4880 0.1279
vn -0.0545 0.9568 0.2856
vn 0.9166 0.3939 0.0679
vn 0.3883 0.8868 0.2506
vn -0.2227 -0.1662 -0.9606
vn -0.2735 0.8942 0.3545
vn 0.5161 0.5149 0.6844
vn -0.8864 -0.4481 0.1164
vn -0.0413 -0.9991 0.0135
vn 0.1160 0.8666 0.4854
vn -0.7879 0.3000 0.5377
vn 0.5725 -0.8182 0.0528
vn -0.8024 0.0711 0.5925
vn -0.4798 0.8496 0.2189
vn -0.2129 -0.9340 0.2869
vn 0.4042 -0.8987 0.1702
vn 0.2350 0.8250 0.5139
vn -0.5226 0.5944 0.6112
vn 0.0216 0.9083 0.4178
vn 0.3463 0.8690 0.3533
vn 0.8456 0.5323 -0.0395
vn -0.0438 0.8110 0.5835
vn 0.7102 0.6804 0.1810
vn -0.8908 0.3012 0.3402
vn 0.8173 0.5652 0.1126
vn 0.9547 0.2202 0.1999
vn 0.8808 0.4457 -0.1597
vn 0.7480 0.6383 0.1816
vn 0.6988 0.7014 -0.1406
vn 0.8189 0.5495 -0.1657
vn 0.9745 -0.2236 -0.0173
vn 0.1563 0.0783 -0.9846
vn 0.5977 0.8011 -0.0316
vn 0.1370 0.4542 -0.8803
vn -0.9847 -0.0337 0.1707
vn -0.8230 -0.4778 0.3072
vn -0.3961 0.4537 -0.7983
vn 0.8527 0.4049 -0.3302
vn 0.4339 0.5501 -0.7135
vn 0.9722 -0.0386 0.2309
vn -0.0270 0.0353 -0.9990
vn 0.1792 0.9786 0.1016
vn 0.6905 0.4812 -0.5400
vn -0.1743 0.9746 -0.1404
vn -0.0045 0.7569 0.6535
vn 0.3236 -0.9092 0.2620
vn -0.2925 -0.9559 0.0270
vn -0.8534 0.4473 0.2678
vn -0.7620 -0.6305 0.1474
vn 0.0826 -0.9300 0.3580
vn -0.4723 -0.6769 0.5645
vn -0.7157 -0.6217 0.3182
vn -0.3564 -0.9267 0.1190
vn 0.5319 0.4167 0.7372
vn -0.0560 -0.9976 0.0409
vn -0.9827 0.0933 0.1597
vn 0.3422 0.9153 0.2124
vn -0.7214 0.1783 0.6691
vn -0.7126 0.6468 0.2719
vn 0.1121 0.9925 0.0495
vn 0.5635 0.7872 0.2505
vn 0.1502 0.5086 0.8478
vn 0.0668 -0.5649 0.8225
vn 0.3711 -0.1032 0.9229
vn 0.8648 0.2271 -0.4478
vn 0.9814 -0.0260 -0.1902
vn 0.2667 0.5682 -0.7784
vn -0.1377 0.9823 0.1266
vn 0.4877 0.3064 -0.8175
vn 0.6548 -0.5815 0.4827
vn -0.0686 0.2373 -0.9690
vn 0.0002 -0.8424 0.5389
vn 0.6468 -0.7418 0.1769
vn -0.1022 -0.1500 -0.9834
vn -0.3985 0.4554 -0.7961
vn -0.9379 0.3254 0.1203
vn 0.4231 0.2646 -0.8666
vn 0.0824 0.7197 0.6894
vn 0.4018 -0.0679 -0.9132
vn 0.9456 -0.2709 0.1802
vn -0.2200 0.8946 0.3889
vn 0.5755 -0.6730 0.4647
vn 0.1274 0.1273 -0.9836
vn 0.4946 0.8171 -0.2962
vn 0.7315 0.4438 -0.5176
vn 0.8215 0.2850 -0.4938
vn 0.8324 0.5217 -0.1868
vn 0.7340 0.6778 -0.0421
vn 0.5468 0.7907 -0.2753
vn 0.7206 0.5280 -0.4493
vn 0.7528 0.3456 -0.5602
vn 0.2485 0.7788 -0.5760
vn 0.3845 0.2502 -0.8886
vn 0.5226 -0.8422 -0.1324
vn -0.5223 -0.8146 -0.2524
vn 0.4723 0.3016 -0.8282
vn 0.1987 0.9798 -0.0242
vn -0.0888 0.1147 -0.9894
vn 0.4161 -0.8999 -0.1304
vn 0.0841 0.4168 -0.9051
vn 0.6730 0.5638 -0.4788
vn 0.1790 0.9835 -0.0271
vn 0.8200 0.5569 0.1323
vn -0.2534 -0.7737 0.5806
vn -0.9605 -0.2748 0.0430
vn -0.6229 -0.5619 0.5443
vn 0.1380 -0.9710 0.1954
vn 0.9496 0.1093 0.2937
vn -0.9553 -0.2193 -0.1982
vn 0.3979 -0.7659 -0.5051
vn 0.1442 0.9795 0.1408
vn 0.9950 0.0016 0.0994
vn 0.7136 -0.4581 -0.5300
vn 0.7256 -0.5162 -0.4550
vn 0.9124 0.3958 0.1040
vn 0.8223 0.5459 0.1606
vn 0.8531 0.5114 0.1035
vn -0.2183 0.8182 0.5319
vn -0.2561 0.9659 -0.0377
vn -0.1064 0.9430 0.3154
vn 0.5004 0.5002 0.7066
vn -0.5965 0.5763 0.5586
vn -0.0938 0.9542 0.2840
vn 0.0973 0.8408 0.5325
vn 0.8645 0.5000 0.0511
vn 0.0641 0.6462 0.7605
vn 0.0953 0.6445 0.7586
vn 0.0817 0.7280 0.6806
vn 0.1910 0.8271 0.5286
vn 0.2454 0.8201 0.5169
vn 0.2136 0.8611 0.4614
vn 0.0772 0.9061 0.4160
vn 0.6528 0.7510 0.0994
vn 0.5530 -0.7437 0.3758
vn 0.0682 0.8804 0.4694
vn 0.1999 0.9363 0.2888
vn 0.1017 0.9300 0.3531
vn 0.3136 0.8993 0.3048
vn 0.2246 0.8896 0.3977
vn 0.2402 0.9076 0.3444
vn 0.1909 0.9149 0.3556
vn 0.4068 0.2907 0.8660
vn -0.5550 0.8212 0.1328
vn -0.3860 -0.7532 0.5327
vn -0.3585 -0.9184 0.1674
vn 0.1970 0.2592 0.9455
vn 0.2137 0.1110 0.9706
vn -0.5030 0.4237 0.7533
vn -0.1273 0.1367 0.9824
vn -0.0106 0.3973 0.9176
vn -0.2176 0.6634 0.7160
vn -0.1942 0.7723 0.6049
vn -0.2522 0.7725 0.5828
vn -0.4305 0.5219 0.7364
vn -0.1648 0.4070 0.8984
vn -0.0876 0.6143 0.7842
vn -0.0931 0.4765 0.8742
vn -0.0856 0.5236 0.8477
vn 0.9576 -0.1007 -0.2701
vn 0.6254 0.1580 0.7642
vn -0.6373 0.7451 0.1970
vn 0.7544 0.5926 0.2823
vn -0.5635 0.8176 0.1185
vn -0.6080 -0.6575 0.4450
vn -0.7657 -0.5963 0.2410
vn 0.9540 0.1468 0.2615
vn -0.2979 0.9508 0.0844
vn -0.7068 0.6956 0.1286
vn 0.3643 0.8801 0.3045
vn -0.7957 0.6056 0.0109
vn 0.6764 -0.7026 -0.2208
vn 0.3507 0.9348 0.0566
vn 0.9004 -0.3891 -0.1947
vn 0.0257 0.8789 0.4764
vn 0.5827 -0.8082 0.0855
vn 0.6059 0.7654 0.2170
vn 0.9236 -0.3330 -0.1901
vn -0.6727 -0.7263 -0.1412
vn 0.5826 0.8098 0.0688
vn 0.7476 0.6641 0.0061
vn -0.2627 -0.6582 0.7055
vn -0.9734 0.2201 0.0635
vn -0.7587 0.6273 0.1755
vn 0.9781 0.0437 0.2036
vn 0.9095 -0.3537 0.2187
vn 0.9445 -0.1955 0.2639
vn 0.0019 -0.9996 -0.0293
vn 0.6549 0.7432 0.1368
vn -0.2381 -0.5823 0.7773
vn 0.0852 0.9793 0.1839
vn -0.1827 -0.6947 0.6957
vn -0.2551 -0.3917 0.8840
vn -0.6512 -0.6116 0.4493
vn -0.6248 -0.6311 0.4596
vn -0.6044 -0.6675 0.4349
vn -0.1711 -0.7957 0.5811
vn -0.2654 -0.6407 0.7204
vn -0.1953 -0.8507 0.4881
vn 0.0547 -0.9022 0.4279
vn -0.1768 -0.7320 0.6579
vn 0.2524 -0.7449 0.6176
vn -0.1709 -0.2023 0.9643
vn -0.9487 0.1901 -0.2525
vn -0.3832 0.3416 0.8581
vn -0.3024 0.6077 0.7343
vn -0.1516 0.6450 0.7490
vn -0.1716 0.7498 0.6390
vn -0.2457 0.2501 0.9365
vn -0.3442 -0.1188 0.9313
vn -0.2144 0.1555 0.9643
vn -0.0084 0.6380 0.7700
vn -0.4986 0.2308 0.8355
vn -0.5498 -0.6118 -0.5688
vn -0.0177 0.8576 0.5141
vn -0.2675 0.9270 0.2628
vn -0.1036 0.9134 0.3937
vn -0.0180 0.9342 0.3562
vn -0.1589 0.9074 0.3890
vn -0.0997 0.7614 0.6405
vn -0.0444 0.6616 0.7485
vn -0.0910 0.7301 0.6773
vn -0.2942 0.8255 0.4818
vn -0.2426 0.8669 0.4354
vn -0.3153 0.8413 0.4391
vn -0.1872 0.8708 0.4546
vn -0.2143 -0.3251 0.9211
vn -0.0412 0.1692 0.9847
vn -0.0742 0.1817 0.9806
vn -0.4591 -0.6229 0.6334
vn -0.4914 -0.5468 0.6779
vn -0.6082 -0.4401 0.6606
vn -0.0753 0.6789 0.7304
vn -0.2258 0.2818 0.9325
vn -0.2663 0.4989 0.8247
vn -0.4196 0.3347 0.8438
vn -0.2413 0.5273 0.8147
vn -0.5168 -0.5741 0.6350
vn -0.6250 -0.5475 0.5564
vn -0.5966 -0.5252 0.6068
vn -0.1398 0.0713 0.9876
vn -0.6496 -0.5821 0.4890
vn -0.6991 -0.3986 0.5937
vn -0.6845 -0.5493 0.4792
vn -0.6918 0.2710 0.6693
vn -0.5945 0.3379 0.7296
vn -0.6200 0.1567 0.7688
vn -0.2977 -0.6652 0.6847
vn -0.3996 -0.3735 0.8371
vn -0.3739 -0.6468 0.6648
vn 0.1085 -0.9516 -0.2877
vn -0.1301 0.1610 0.9783
vn -0.0816 0.7001 0.7094
vn -0.3639 -0.2361 0.9010
vn -0.2698 -0.6437 0.7162
vn -0.2011 -0.3019 0.9319
vn -0.2168 -0.6391 0.7379
vn -0.0093 -0.7143 0.6997
vn -0.5979 -0.2524 0.7608
vn -0.6620 0.1193 0.7399
vn -0.7220 -0.1901 0.6652
vn -0.1971 0.4423 0.8749
vn -0.0494 -0.1063 0.9931
vn -0.1112 0.2824 0.9528
vn -0.0976 0.1304 0.9867
vn -0.4569 -0.5855 0.6697
vn -0.5211 -0.1775 0.8348
vn -0.6567 -0.2244 0.7200
vn -0.6366 0.5138 0.5751
vn -0.5761 0.4223 0.6998
vn -0.6559 0.4484 0.6072
vn -0.1865 -0.5254 0.8302
vn -0.3195 -0.3187 0.8924
vn -0.3021 -0.6997 0.6475
vn -0.2763 -0.7442 0.6081
vn -0.4181 -0.5340 0.7348
vn -0.4521 -0.5765 0.6806
vn -0.5840 -0.2750 0.7637
vn -0.1505 0.5633 0.8124
vn -0.1497 0.6425 0.7515
vn -0.1230 0.6137 0.7799
vn -0.0025 -0.2280 0.9737
vn -0.1416 0.0924 0.9856
vn -0.3916 -0.6251 0.6752
vn -0.4683 -0.4312 0.7712
vn -0.3921 -0.5458 0.7405
vn -0.4051 -0.5912 0.6974
vn -0.3437 -0.6554 0.6726
vn -0.3606 -0.5486 0.7543
vn -0.1648 -0.7270 0.6666
vn -0.2607 -0.6906 0.6746
vn -0.2186 -0.7938 0.5675
vn -0.2611 -0.5899 0.7641
vn 0.0513 -0.7164 0.6958
vn -0.1245 0.4208 0.8985
vn -0.1997 0.4690 0.8603
vn -0.1105 0.4936 0.8626
vn -0.5602 -0.1321 0.8178
vn -0.5814 0.2268 0.7814
vn -0.2442 0.3152 0.9171
vn -0.3027 0.3314 0.8936
vn -0.2741 0.3828 0.8823
vn -0.0303 0.7741 0.6324
vn -0.5641 -0.1602 0.8100
vn -0.4614 -0.0960 0.8820
vn -0.5028 0.2228 0.8352
vn -0.6886 0.3337 0.6438
vn -0.5698 0.2620 0.7789
vn -0.5794 0.5253 0.6231
vn -0.2868 -0.8049 0.5196
vn -0.2234 -0.6628 0.7147
vn -0.4721 -0.5371 0.6990
vn -0.0088 0.5455 0.8381
vn -0.0279 0.4110 0.9112
vn -0.0775 0.7175 0.6922
vn -0.0473 -0.3753 0.9257
vn -0.1620 0.0160 0.9867
vn -0.2478 -0.3917 0.8861
vn -0.0585 0.5304 0.8458
vn 0.1023 0.0523 0.9934
vn 0.0360 0.4881 0.8720
vn -0.1038 0.7788 0.6186
vn 0.1618 0.4140 0.8958
vn -0.1469 0.2156 0.9654
vn 0.1870 0.6293 0.7543
vn -0.2931 0.6443 0.7064
vn 0.1803 0.4859 0.8552
vn 0.0895 -0.2961 0.9509
vn 0.3581 0.4583 0.8135
vn 0.0235 0.9586 0.2839
vn -0.0616 0.9394 0.3374
vn -0.5177 0.5411 0.6627
vn 0.2687 0.4709 0.8403
vn -0.0812 0.3379 0.9377
vn -0.0353 0.5023 0.8640
vn -0.1518 0.4117 0.8986
vn -0.0668 0.4252 0.9026
vn -0.3837 0.1078 0.9171
vn -0.4088 0.2197 0.8858
vn -0.9710 0.0609 0.2312
vn -0.6572 -0.2838 0.6982
vn -0.6712 0.0614 0.7387
vn -0.7215 -0.2411 0.6490
vn -0.2822 -0.4258 0.8597
vn -0.3119 0.1511 0.9380
vn -0.4298 -0.2077 0.8787
vn 0.2625 0.5401 0.7996
vn -0.4574 0.2568 0.8514
vn -0.1309 0.7717 0.6224
vn -0.6618 0.1714 -0.7298
vn -0.7371 0.5738 -0.3570
vn 0.5635 0.6889 0.4560
vn -0.4128 0.5699 -0.7105
vn 0.2085 0.9689 0.1329
vn 0.2851 0.9367 0.2032
vn -0.4118 0.6866 -0.5992
vn -0.2289 0.7429 -0.6290
vn -0.2401 0.7949 -0.5572
vn 0.4403 -0.8977 0.0179
vn -0.9162 0.2623 0.3030
vn -0.5542 0.7286 -0.4024
vn 0.8825 0.4160 0.2193
vn 0.3415 0.7148 0.6102
vn 0.8944 0.0036 0.4473
vn 0.9092 -0.4056 0.0942
vn -0.5554 0.8177 0.1513
vn 0.5208 -0.8534 0.0220
vn -0.4414 0.8968 0.0296
vn 0.1946 0.9392 0.2827
vn -0.9737 0.1909 -0.1244
vn -0.7671 -0.6388 -0.0594
vn -0.3432 0.9040 0.2549
vn -0.8764 0.4758 -0.0743
vn -0.3702 0.7068 0.6028
vn -0.9777 -0.2097 0.0142
vn 0.9522 -0.2993 0.0614
vn 0.2259 0.9529 0.2023
vn -0.4479 0.4043 0.7975
vn -0.6864 0.7132 0.1422
vn 0.4080 0.8833 0.2309
vn 0.6316 0.6270 0.4560
vn 0.4316 0.8113 0.3944
vn 0.9472 0.2241 0.2294
vn 0.3636 0.7442 0.5603
vn -0.9148 0.3511 0.1998
vn -0.5556 0.6277 0.5453
vn -0.4066 -0.9133 0.0226
vn 0.3277 0.9125 0.2448
vn 0.1826 0.9752 0.1247
vn -0.8218 0.5552 -0.1282
vn 0.9699 0.0898 0.2265
vn -0.1845 0.0814 -0.9795
vn -0.7761 -0.5535 0.3021
vn -0.7351 0.5912 -0.3317
vn -0.3135 0.4975 -0.8088
vn -0.1504 0.4395 -0.8855
vn -0.9826 0.1004 0.1563
vn -0.0320 0.9936 0.1079
vn -0.1722 0.9390 -0.2976
vn -0.8144 0.5745 -0.0822
vn -0.7031 0.6995 -0.1282
vn -0.5461 0.5671 -0.6166
vn 0.2585 -0.9655 0.0317
vn 0.1077 0.9357 0.3359
vn -0.3007 0.9466 0.1162
vn 0.2139 -0.9136 0.3457
vn 0.8937 0.3421 0.2901
vn 0.8124 -0.4795 0.3318
vn 0.1045 0.3246 0.9400
vn 0.9469 -0.0228 0.3207
vn -0.7075 0.4486 0.5461
vn -0.1509 0.3736 0.9153
vn -0.0598 -0.3155 0.9470
vn 0.9323 0.3162 0.1754
vn 0.5032 -0.8637 -0.0271
vn 0.7082 0.4024 0.5801
vn -0.6648 0.7451 0.0533
vn 0.1545 -0.9627 0.2222
vn 0.4466 -0.7313 0.5155
vn -0.2086 0.9551 0.2104
vn -0.7778 0.5716 0.2613
vn 0.6925 0.6676 0.2733
vn -0.1502 0.5086 0.8478
vn -0.4185 -0.1144 0.9010
vn -0.0655 -0.5675 0.8207
vn -0.8649 0.2278 -0.4472
vn -0.9572 0.1773 -0.2290
vn 0.5379 0.8111 0.2296
vn -0.9219 0.0528 0.3839
vn -0.2501 0.9614 0.1146
vn -0.8327 0.5129 -0.2084
vn 0.0481 0.2719 -0.9611
vn -0.6467 -0.7371 0.1960
vn 0.7775 -0.6099 0.1533
vn -0.1761 0.7949 -0.5806
vn -0.4360 0.2632 -0.8606
vn -0.1075 0.6955 0.7104
vn -0.7340 0.4863 -0.4741
vn -0.9007 0.2997 -0.3145
vn -0.9423 -0.1462 0.3011
vn -0.9532 -0.2412 0.1821
vn 0.7999 0.5689 0.1914
vn 0.2375 0.9110 0.3372
vn -0.2756 -0.8980 0.3429
vn -0.1535 0.1652 -0.9742
vn -0.7209 0.6617 -0.2061
vn -0.7353 0.5170 -0.4383
vn -0.8517 0.2499 -0.4606
vn -0.6871 -0.1923 0.7007
vn -0.2629 0.6321 -0.7289
vn -0.4898 0.8384 -0.2391
vn -0.7664 0.3561 -0.5346
vn 0.5546 0.8009 0.2259
vn -0.4539 0.2275 -0.8615
vn -0.4822 -0.8695 -0.1070
vn -0.2936 0.9531 -0.0735
vn -0.3076 0.4394 -0.8439
vn -0.5843 0.6643 -0.4661
vn -0.4182 0.7884 -0.4512
vn -0.1314 0.9019 -0.4114
vn -0.0221 -0.9626 0.2700
vn 0.2248 -0.7809 0.5828
vn -0.0885 0.9870 0.1339
vn -0.6469 0.0755 0.7588
vn -0.6772 0.0796 0.7315
vn -0.9363 0.1264 0.3276
vn 0.8784 -0.4303 -0.2079
vn 0.9707 -0.2276 0.0765
vn -0.8267 0.5518 0.1098
vn 0.5590 -0.8194 0.1268
vn 0.7748 -0.5695 -0.2743
vn 0.5938 -0.7986 0.0979
vn 0.0320 0.9993 0.0169
vn -0.4983 0.6635 0.5581
vn 0.8006 -0.2382 0.5499
vn -0.0224 0.5649 0.8248
vn 0.7903 0.5187 0.3262
vn 0.3499 -0.3397 0.8730
vn -0.3794 0.9219 0.0790
vn 0.3986 0.9082 0.1275
vn 0.5533 -0.8325 -0.0297
vn 0.1236 0.9380 0.3239
vn -0.1567 0.8360 0.5259
vn 0.7226 -0.6853 -0.0903
vn -0.0952 0.6466 0.7569
vn -0.2427 0.8217 0.5156
vn -0.0774 0.9061 0.4160
vn 0.8686 0.4473 0.2132
vn -0.1886 0.8055 0.5618
vn -0.6555 0.7441 0.1295
vn -0.0891 0.8483 0.5219
vn -0.0594 0.8836 0.4644
vn -0.0991 0.8809 0.4627
vn -0.1921 0.9231 0.3330
vn -0.1015 0.9299 0.3534
vn -0.0501 0.9501 0.3080
vn -0.2235 0.8911 0.3950
vn 0.8200 0.4875 0.3001
vn 0.3550 -0.9154 0.1895
vn 0.4213 -0.8934 0.1560
vn 0.0301 0.8843 0.4659
vt 0.353004 0.663591
vt 0.349071 0.660965
vt 0.354264 0.659019
vt 0.605932 0.660393
vt 0.602118 0.658961
vt 0.604702 0.656045
vt 0.357725 0.663353
vt 0.354670 0.667978
vt 0.349321 0.666502
vt 0.609392 0.658707
vt 0.657301 0.673623
vt 0.656152 0.669011
vt 0.660382 0.671418
vt 0.107960 0.664917
vt 0.108926 0.669500
vt 0.104346 0.667555
vt 0.180720 0.638434
vt 0.176712 0.639175
vt 0.177868 0.634668
vt 0.199315 0.638725
vt 0.195763 0.639809
vt 0.198852 0.635204
vt 0.609707 0.663268
vt 0.660877 0.676606
vt 0.104346 0.662030
vt 0.183188 0.634959
vt 0.605585 0.640642
vt 0.609257 0.637656
vt 0.609100 0.642070
vt 0.673456 0.663132
vt 0.674981 0.659107
vt 0.677901 0.663801
vt 0.090997 0.674961
vt 0.089761 0.678200
vt 0.086931 0.673583
vt 0.090997 0.655282
vt 0.090057 0.659439
vt 0.086931 0.657006
vt 0.191721 0.622034
vt 0.187135 0.620853
vt 0.190977 0.617909
vt 0.622287 0.650122
vt 0.623327 0.645642
vt 0.626421 0.650105
vt 0.042605 0.675627
vt 0.045866 0.671163
vt 0.047317 0.675552
vt 0.037471 0.675886
vt 0.040542 0.670880
vt 0.033235 0.676306
vt 0.035386 0.671254
vt 0.044298 0.666542
vt 0.038975 0.666341
vt 0.043018 0.662915
vt 0.627730 0.645192
vt 0.623875 0.640788
vt 0.627903 0.640336
vt 0.199315 0.620432
vt 0.195583 0.620985
vt 0.194943 0.616593
vt 0.051142 0.672860
vt 0.049938 0.667835
vt 0.185646 0.616447
vt 0.189673 0.613993
vt 0.055343 0.670093
vt 0.048370 0.663296
vt 0.054177 0.665162
vt 0.058847 0.668004
vt 0.181630 0.620156
vt 0.179790 0.616127
vt 0.176493 0.620271
vt 0.175015 0.617036
vt 0.172772 0.620997
vt 0.051142 0.678372
vt 0.055744 0.675767
vt 0.059984 0.673095
vt 0.055343 0.681631
vt 0.059984 0.679161
vt 0.058847 0.684540
vt 0.085755 0.662144
vt 0.089658 0.664898
vt 0.085755 0.668225
vt 0.090057 0.670490
vt 0.045866 0.680082
vt 0.049938 0.683716
vt 0.054177 0.687110
vt 0.044298 0.685212
vt 0.048370 0.688992
vt 0.043018 0.689671
vt 0.057423 0.689334
vt 0.675476 0.678145
vt 0.675255 0.673206
vt 0.679875 0.674838
vt 0.679330 0.669128
vt 0.674486 0.667768
vt 0.040542 0.680695
vt 0.038975 0.685972
vt 0.035386 0.681069
vt 0.679875 0.659597
vt 0.676291 0.655075
vt 0.034490 0.685922
vt 0.624205 0.659573
vt 0.623485 0.654615
vt 0.627903 0.655068
vt 0.618480 0.647393
vt 0.613727 0.644455
vt 0.618990 0.642208
vt 0.613829 0.639278
vt 0.619164 0.637351
vt 0.198917 0.625311
vt 0.614057 0.635216
vt 0.197232 0.630576
vt 0.194588 0.625831
vt 0.189366 0.625749
vt 0.186302 0.630405
vt 0.183874 0.625076
vt 0.180474 0.630144
vt 0.178018 0.624756
vt 0.175164 0.629796
vt 0.173404 0.624876
vt 0.094820 0.656619
vt 0.099628 0.658995
vt 0.094438 0.661718
vt 0.099680 0.664695
vt 0.094438 0.667799
vt 0.099628 0.670561
vt 0.094820 0.673196
vt 0.094637 0.677961
vt 0.665759 0.679373
vt 0.670579 0.676736
vt 0.670940 0.681091
vt 0.665042 0.674269
vt 0.670034 0.671026
vt 0.664723 0.668512
vt 0.669454 0.665526
vt 0.669761 0.660173
vt 0.665363 0.657307
vt 0.670915 0.655603
vt 0.614217 0.661361
vt 0.614591 0.665610
vt 0.666260 0.652955
vt 0.619271 0.658187
vt 0.619618 0.663205
vt 0.613931 0.656064
vt 0.618577 0.652939
vt 0.192076 0.630554
vt 0.194423 0.635712
vt 0.188676 0.635622
vt 0.190765 0.640216
vt 0.185321 0.639646
vt 0.094637 0.652443
vt 0.170890 0.629395
vt 0.173346 0.634784
vt 0.099478 0.654018
vt 0.104519 0.652400
vt 0.104720 0.656995
vt 0.172744 0.639230
vt 0.109215 0.655916
vt 0.108926 0.660559
vt 0.099478 0.676020
vt 0.104720 0.672916
vt 0.099245 0.680536
vt 0.104519 0.678160
vt 0.661268 0.680858
vt 0.109215 0.674632
vt 0.108560 0.679029
vt 0.656953 0.677406
vt 0.664833 0.662668
vt 0.659841 0.665910
vt 0.660178 0.660019
vt 0.661300 0.655359
vt 0.655868 0.663474
vt 0.656764 0.658305
vt 0.605212 0.663424
vt 0.613763 0.650239
vt 0.608708 0.653413
vt 0.608601 0.647309
vt 0.604114 0.650492
vt 0.604507 0.644954
vt 0.601826 0.642323
vt 0.604762 0.637813
vt 0.345313 0.669616
vt 0.346768 0.674683
vt 0.342008 0.672116
vt 0.350792 0.671594
vt 0.343700 0.676399
vt 0.192364 0.643737
vt 0.352654 0.676307
vt 0.186618 0.643647
vt 0.356509 0.672705
vt 0.358054 0.676543
vt 0.181318 0.642251
vt 0.361902 0.672840
vt 0.360041 0.668127
vt 0.177144 0.643129
vt 0.366445 0.671987
vt 0.362800 0.676200
vt 0.365265 0.667750
vt 0.112875 0.660458
vt 0.362904 0.663023
vt 0.367219 0.662667
vt 0.111757 0.665176
vt 0.364818 0.657890
vt 0.359594 0.658267
vt 0.112875 0.670297
vt 0.361010 0.653120
vt 0.365596 0.653233
vt 0.361584 0.649322
vt 0.355660 0.653950
vt 0.356837 0.649665
vt 0.357584 0.646935
vt 0.600597 0.647588
vt 0.600704 0.653691
vt 0.340606 0.666965
vt 0.340330 0.660871
vt 0.344630 0.663876
vt 0.341256 0.655505
vt 0.344788 0.658025
vt 0.654033 0.672712
vt 0.351486 0.650493
vt 0.350070 0.655640
vt 0.352929 0.646935
vt 0.652854 0.667334
vt 0.345770 0.652635
vt 0.347480 0.648235
vt 0.342542 0.650828
vt 0.141701 0.663857
vt 0.140495 0.659273
vt 0.145671 0.661271
vt 0.316843 0.671898
vt 0.317970 0.667438
vt 0.320669 0.670560
vt 0.136997 0.663574
vt 0.140012 0.668229
vt 0.145373 0.666805
vt 0.313309 0.670095
vt 0.272365 0.675810
vt 0.269289 0.673354
vt 0.273514 0.671197
vt 0.180750 0.666270
vt 0.184817 0.664308
vt 0.184350 0.669159
vt 0.360924 0.641883
vt 0.363908 0.638197
vt 0.364750 0.642735
vt 0.341948 0.641668
vt 0.342703 0.638159
vt 0.345647 0.642848
vt 0.313126 0.674860
vt 0.268790 0.678692
vt 0.179871 0.661798
vt 0.358688 0.638341
vt 0.316843 0.652219
vt 0.313309 0.653518
vt 0.313126 0.649342
vt 0.256218 0.664961
vt 0.251770 0.665767
vt 0.254690 0.661135
vt 0.254442 0.683973
vt 0.250274 0.681783
vt 0.254191 0.680230
vt 0.179676 0.646665
vt 0.182958 0.643737
vt 0.183913 0.647793
vt 0.350440 0.625187
vt 0.351154 0.621085
vt 0.355076 0.624133
vt 0.300241 0.661683
vt 0.296146 0.661902
vt 0.299140 0.657315
vt 0.570527 0.679090
vt 0.570010 0.674392
vt 0.574549 0.675308
vt 0.570919 0.684267
vt 0.575501 0.680588
vt 0.571043 0.688606
vt 0.575785 0.685824
vt 0.579338 0.676349
vt 0.580211 0.681661
vt 0.583109 0.677259
vt 0.294784 0.657172
vt 0.298550 0.652668
vt 0.579879 0.686309
vt 0.342488 0.623382
vt 0.347007 0.619663
vt 0.346455 0.624035
vt 0.572205 0.670281
vt 0.577347 0.670893
vt 0.352326 0.617209
vt 0.356495 0.619771
vt 0.574432 0.665826
vt 0.582057 0.671966
vt 0.579478 0.666434
vt 0.576077 0.662178
vt 0.360535 0.623587
vt 0.362239 0.619612
vt 0.365516 0.623844
vt 0.366814 0.620652
vt 0.177722 0.644225
vt 0.566734 0.670956
vt 0.568747 0.666104
vt 0.570877 0.661645
vt 0.562980 0.667240
vt 0.564857 0.662388
vt 0.559665 0.664204
vt 0.188152 0.645077
vt 0.189019 0.649949
vt 0.193595 0.647839
vt 0.193805 0.652813
vt 0.197796 0.651267
vt 0.197291 0.655605
vt 0.565697 0.676401
vt 0.561585 0.672839
vt 0.557696 0.669123
vt 0.560809 0.678637
vt 0.556554 0.675115
vt 0.556554 0.680537
vt 0.249792 0.676990
vt 0.254417 0.675073
vt 0.250341 0.671115
vt 0.255188 0.669554
vt 0.565759 0.681790
vt 0.560728 0.684067
vt 0.566043 0.687027
vt 0.249792 0.661850
vt 0.253374 0.657450
vt 0.561350 0.688597
vt 0.298550 0.671383
vt 0.294784 0.667011
vt 0.299140 0.666256
vt 0.303985 0.658834
vt 0.308692 0.655846
vt 0.303411 0.653794
vt 0.308542 0.650870
vt 0.303210 0.649199
vt 0.342954 0.628268
vt 0.340330 0.633361
vt 0.344617 0.633576
vt 0.347472 0.628904
vt 0.352800 0.628965
vt 0.355771 0.633703
vt 0.358306 0.628443
vt 0.361546 0.633602
vt 0.364051 0.628284
vt 0.366698 0.633401
vt 0.368460 0.628532
vt 0.175442 0.648582
vt 0.179268 0.650788
vt 0.179296 0.656218
vt 0.184092 0.652836
vt 0.184423 0.658895
vt 0.189535 0.655599
vt 0.189650 0.661473
vt 0.194107 0.658318
vt 0.258725 0.683277
vt 0.263908 0.681450
vt 0.259092 0.678634
vt 0.264631 0.676111
vt 0.259641 0.672759
vt 0.264952 0.670274
vt 0.260221 0.667261
vt 0.259913 0.662058
vt 0.264307 0.659383
vt 0.258753 0.657768
vt 0.308308 0.677387
vt 0.308542 0.672872
vt 0.303210 0.674959
vt 0.298774 0.675785
vt 0.303411 0.669715
vt 0.308692 0.667413
vt 0.303985 0.664359
vt 0.349937 0.633694
vt 0.347313 0.638787
vt 0.353177 0.638854
vt 0.350780 0.643390
vt 0.356304 0.642969
vt 0.171287 0.651602
vt 0.174769 0.653705
vt 0.368217 0.638438
vt 0.170890 0.657337
vt 0.175101 0.659764
vt 0.368460 0.642901
vt 0.171918 0.663125
vt 0.176346 0.665097
vt 0.198284 0.660175
vt 0.194464 0.663700
vt 0.189352 0.666996
vt 0.262855 0.685767
vt 0.193950 0.669039
vt 0.198395 0.665359
vt 0.268393 0.683244
vt 0.188671 0.671627
vt 0.192704 0.672871
vt 0.272708 0.679835
vt 0.264840 0.664510
vt 0.269830 0.667863
vt 0.269491 0.662137
vt 0.268364 0.657745
vt 0.273798 0.665760
vt 0.272898 0.660792
vt 0.317674 0.675147
vt 0.308743 0.661547
vt 0.313874 0.664703
vt 0.313874 0.658622
vt 0.318450 0.661850
vt 0.317970 0.656387
vt 0.344066 0.645503
vt 0.149412 0.669961
vt 0.152790 0.672499
vt 0.147976 0.675017
vt 0.143895 0.671884
vt 0.151138 0.676769
vt 0.348813 0.646868
vt 0.142076 0.676584
vt 0.354676 0.646935
vt 0.138191 0.672941
vt 0.136708 0.676769
vt 0.360050 0.645684
vt 0.132859 0.673027
vt 0.134677 0.668328
vt 0.363972 0.646678
vt 0.132040 0.676384
vt 0.128420 0.672135
vt 0.129541 0.667904
vt 0.174269 0.668402
vt 0.131879 0.663196
vt 0.127663 0.662804
vt 0.179115 0.669647
vt 0.130072 0.658049
vt 0.135208 0.658472
vt 0.183076 0.672871
vt 0.133921 0.653316
vt 0.129430 0.653389
vt 0.133488 0.649518
vt 0.139201 0.654194
vt 0.138155 0.649903
vt 0.275628 0.675203
vt 0.320669 0.653983
vt 0.321973 0.659134
vt 0.321973 0.665215
vt 0.154203 0.667360
vt 0.154532 0.661269
vt 0.150122 0.664227
vt 0.153684 0.655895
vt 0.150036 0.658375
vt 0.143466 0.650781
vt 0.144754 0.655937
vt 0.142162 0.647215
vt 0.147588 0.648567
vt 0.149163 0.652979
vt 0.152515 0.651209
vt 0.411136 0.152906
vt 0.436604 0.118666
vt 0.436418 0.167788
vt 0.461948 0.118563
vt 0.461272 0.191848
vt 0.489299 0.163245
vt 0.428227 0.562986
vt 0.413210 0.555995
vt 0.422592 0.528268
vt 0.405568 0.579139
vt 0.396989 0.552556
vt 0.415402 0.573603
vt 0.508974 0.619097
vt 0.508115 0.619821
vt 0.507845 0.617606
vt 0.127621 0.675732
vt 0.127122 0.675803
vt 0.127631 0.675081
vt 0.509472 0.617627
vt 0.509001 0.617753
vt 0.508748 0.616686
vt 0.514301 0.612331
vt 0.513528 0.611981
vt 0.514685 0.610830
vt 0.514103 0.612907
vt 0.126185 0.673190
vt 0.125933 0.673437
vt 0.125989 0.672491
vt 0.511011 0.615013
vt 0.511395 0.614678
vt 0.511713 0.615055
vt 0.513007 0.615347
vt 0.513574 0.615695
vt 0.513116 0.615676
vt 0.509313 0.624336
vt 0.507641 0.625644
vt 0.511544 0.612458
vt 0.512161 0.611874
vt 0.511938 0.613265
vt 0.513871 0.618071
vt 0.513982 0.618521
vt 0.513797 0.619169
vt 0.510925 0.612852
vt 0.511217 0.613694
vt 0.510678 0.620187
vt 0.509795 0.618733
vt 0.510792 0.618920
vt 0.512239 0.619270
vt 0.511484 0.619432
vt 0.511831 0.618506
vt 0.512653 0.613469
vt 0.511915 0.613775
vt 0.512568 0.612135
vt 0.511437 0.618087
vt 0.510349 0.617592
vt 0.509723 0.626861
vt 0.509455 0.630292
vt 0.126637 0.673829
vt 0.127663 0.674259
vt 0.126736 0.674666
vt 0.510291 0.620883
vt 0.511651 0.620388
vt 0.512366 0.621146
vt 0.509695 0.615404
vt 0.510046 0.614568
vt 0.510438 0.615342
vt 0.512231 0.615009
vt 0.512217 0.615749
vt 0.509374 0.614099
vt 0.508580 0.614053
vt 0.507795 0.613992
vt 0.507983 0.613506
vt 0.512843 0.616101
vt 0.512099 0.616554
vt 0.512133 0.610972
vt 0.511889 0.611435
vt 0.511366 0.611273
vt 0.109102 0.483178
vt 0.106689 0.432142
vt 0.129473 0.496628
vt 0.504914 0.664663
vt 0.498604 0.667912
vt 0.498456 0.656231
vt 0.516043 0.662498
vt 0.512089 0.637039
vt 0.506442 0.629476
vt 0.502281 0.617171
vt 0.512713 0.614228
vt 0.513165 0.613730
vt 0.512649 0.630037
vt 0.513175 0.630563
vt 0.426085 0.087769
vt 0.397070 0.105310
vt 0.423400 0.069904
vt 0.688463 0.934713
vt 0.709477 0.936978
vt 0.710334 0.961410
vt 0.454154 0.074747
vt 0.456110 0.045190
vt 0.820451 0.705737
vt 0.810275 0.698405
vt 0.823407 0.677269
vt 0.505632 0.613392
vt 0.510062 0.623749
vt 0.500511 0.607888
vt 0.507607 0.603225
vt 0.505526 0.607166
vt 0.723633 0.609005
vt 0.733842 0.609656
vt 0.732673 0.633143
vt 0.446290 0.563491
vt 0.437964 0.541317
vt 0.769229 0.778074
vt 0.751284 0.790471
vt 0.745028 0.756320
vt 0.764423 0.753837
vt 0.749265 0.734982
vt 0.499336 0.621876
vt 0.499007 0.613073
vt 0.502525 0.629811
vt 0.498951 0.630472
vt 0.502174 0.611774
vt 0.511203 0.629217
vt 0.511186 0.631204
vt 0.512277 0.629996
vt 0.511923 0.627057
vt 0.512866 0.615466
vt 0.511021 0.624452
vt 0.513372 0.609391
vt 0.513483 0.608005
vt 0.513572 0.610553
vt 0.509370 0.619856
vt 0.495843 0.610099
vt 0.497223 0.606293
vt 0.833470 0.619542
vt 0.843823 0.621159
vt 0.837355 0.631155
vt 0.046926 0.618638
vt 0.044297 0.621021
vt 0.046368 0.611888
vt 0.063899 0.686861
vt 0.065898 0.689870
vt 0.063899 0.690086
vt 0.114203 0.687136
vt 0.117992 0.684626
vt 0.117153 0.689706
vt 0.208960 0.650293
vt 0.206211 0.655764
vt 0.205394 0.645862
vt 0.037828 0.604909
vt 0.043829 0.601199
vt 0.611032 0.689506
vt 0.608293 0.693595
vt 0.611396 0.678769
vt 0.064335 0.126581
vt 0.064565 0.118955
vt 0.068540 0.101828
vt 0.360681 0.692083
vt 0.360383 0.686419
vt 0.363786 0.692722
vt 0.056241 0.646548
vt 0.059185 0.649466
vt 0.059985 0.652886
vt 0.607110 0.685483
vt 0.605002 0.687053
vt 0.603980 0.682990
vt 0.834252 0.607174
vt 0.842518 0.609466
vt 0.079339 0.143014
vt 0.059548 0.139675
vt 0.843345 0.631334
vt 0.201742 0.647533
vt 0.203240 0.634267
vt 0.205271 0.655737
vt 0.072279 0.096508
vt 0.078427 0.103029
vt 0.087650 0.111603
vt 0.090643 0.139508
vt 0.085226 0.134714
vt 0.318408 0.681786
vt 0.322008 0.678668
vt 0.320850 0.684435
vt 0.034293 0.649198
vt 0.033235 0.648595
vt 0.034605 0.620643
vt 0.050804 0.095981
vt 0.053547 0.093401
vt 0.048338 0.107446
vt 0.367061 0.691742
vt 0.364628 0.693161
vt 0.049939 0.614462
vt 0.052161 0.615107
vt 0.047490 0.135570
vt 0.046199 0.141642
vt 0.063756 0.571178
vt 0.065602 0.560895
vt 0.071844 0.558400
vt 0.053478 0.588946
vt 0.054608 0.612938
vt 0.052000 0.608371
vt 0.370640 0.621824
vt 0.368460 0.632662
vt 0.368460 0.617209
vt 0.041530 0.617274
vt 0.041484 0.658398
vt 0.037320 0.662915
vt 0.037767 0.655266
vt 0.063473 0.639252
vt 0.066101 0.611545
vt 0.068580 0.621359
vt 0.211819 0.628249
vt 0.205235 0.633206
vt 0.205113 0.624278
vt 0.056458 0.637485
vt 0.034791 0.660156
vt 0.077846 0.201284
vt 0.038767 0.174542
vt 0.399406 0.312046
vt 0.396425 0.282076
vt 0.436356 0.302444
vt 0.371460 0.610195
vt 0.374628 0.611360
vt 0.370813 0.615573
vt 0.096324 0.163627
vt 0.092718 0.170183
vt 0.094239 0.158526
vt 0.033266 0.575519
vt 0.039045 0.590172
vt 0.033235 0.593869
vt 0.085405 0.186353
vt 0.091124 0.153792
vt 0.200691 0.637358
vt 0.285077 0.607503
vt 0.282627 0.608108
vt 0.282942 0.577954
vt 0.079820 0.600088
vt 0.294784 0.614401
vt 0.292085 0.615542
vt 0.292856 0.609075
vt 0.292777 0.601359
vt 0.287458 0.598410
vt 0.291958 0.581763
vt 0.844328 0.576266
vt 0.844588 0.611236
vt 0.844578 0.644700
vt 0.042721 0.151253
vt 0.286221 0.569416
vt 0.290050 0.560565
vt 0.051493 0.222126
vt 0.277843 0.564674
vt 0.280445 0.587362
vt 0.275628 0.574057
vt 0.112875 0.690027
vt 0.114648 0.691368
vt 0.053615 0.629437
vt 0.282954 0.557914
vt 0.040625 0.661869
vt 0.527325 0.283557
vt 0.506688 0.298637
vt 0.515974 0.196877
vt 0.465239 0.023424
vt 0.490293 0.018629
vt 0.385126 0.575772
vt 0.375919 0.552247
vt 0.505424 0.021248
vt 0.514946 0.000000
vt 0.729131 0.955891
vt 0.444012 0.030470
vt 0.734946 0.981649
vt 0.757088 0.980609
vt 0.754281 1.000000
vt 0.521749 0.049373
vt 0.501072 0.088781
vt 0.485745 0.057264
vt 0.718482 0.727082
vt 0.733511 0.711216
vt 0.709296 0.865219
vt 0.697024 0.901239
vt 0.698767 0.834126
vt 0.391427 0.152366
vt 0.411869 0.111486
vt 0.720448 0.817116
vt 0.687986 0.852983
vt 0.759082 0.826829
vt 0.742289 0.821197
vt 0.708266 0.775570
vt 0.695071 0.770502
vt 0.731445 0.848043
vt 0.732801 0.931642
vt 0.712673 0.913303
vt 0.722037 0.891165
vt 0.200871 0.196604
vt 0.193048 0.139077
vt 0.210555 0.132255
vt 0.125248 0.684626
vt 0.112875 0.673007
vt 0.125248 0.652400
vt 0.063714 0.362355
vt 0.076032 0.385664
vt 0.076919 0.413883
vt 0.456194 0.532994
vt 0.475905 0.557826
vt 0.457833 0.567298
vt 0.775901 0.981985
vt 0.767718 0.999281
vt 0.785210 0.768331
vt 0.774787 0.948757
vt 0.793694 0.932465
vt 0.798070 0.946200
vt 0.778775 0.907181
vt 0.765949 0.913522
vt 0.772156 0.861040
vt 0.744920 0.912192
vt 0.759338 0.881395
vt 0.090625 0.454756
vt 0.508254 0.130208
vt 0.460555 0.284667
vt 0.483170 0.265320
vt 0.430133 0.213527
vt 0.744012 0.608259
vt 0.744713 0.648049
vt 0.040409 0.314394
vt 0.054845 0.406733
vt 0.108001 0.124032
vt 0.077264 0.137778
vt 0.109036 0.099719
vt 0.499334 0.606997
vt 0.500666 0.602588
vt 0.493271 0.602342
vt 0.085030 0.081778
vt 0.108898 0.053623
vt 0.483923 0.501115
vt 0.483825 0.505783
vt 0.480307 0.504212
vt 0.501827 0.651867
vt 0.498941 0.652686
vt 0.503170 0.641436
vt 0.433658 0.475797
vt 0.433481 0.440300
vt 0.457023 0.483057
vt 0.774409 0.727893
vt 0.786111 0.670885
vt 0.317916 0.621439
vt 0.340330 0.580592
vt 0.335770 0.609648
vt 0.091620 0.194869
vt 0.098876 0.145264
vt 0.124617 0.162117
vt 0.052707 0.577867
vt 0.051819 0.564541
vt 0.093124 0.387935
vt 0.080064 0.342616
vt 0.085291 0.374626
vt 0.146655 0.476405
vt 0.134361 0.481777
vt 0.085566 0.483419
vt 0.094666 0.516829
vt 0.077670 0.484650
vt 0.452624 0.524444
vt 0.439050 0.521672
vt 0.144987 0.538027
vt 0.128808 0.543612
vt 0.115799 0.518129
vt 0.527650 0.702233
vt 0.511573 0.707967
vt 0.504608 0.675455
vt 0.523298 0.496705
vt 0.520568 0.490902
vt 0.535889 0.491867
vt 0.520982 0.487099
vt 0.513651 0.486675
vt 0.520063 0.502259
vt 0.519552 0.505106
vt 0.513093 0.504673
vt 0.498754 0.484657
vt 0.497874 0.478183
vt 0.505199 0.481380
vt 0.475013 0.463062
vt 0.455667 0.405472
vt 0.469291 0.486542
vt 0.506116 0.485791
vt 0.505010 0.489494
vt 0.505971 0.495555
vt 0.509862 0.491194
vt 0.519757 0.483325
vt 0.484587 0.481598
vt 0.484805 0.488192
vt 0.480648 0.485923
vt 0.483737 0.491871
vt 0.490852 0.493415
vt 0.494656 0.489143
vt 0.498394 0.492408
vt 0.517851 0.347190
vt 0.504229 0.393667
vt 0.495028 0.343861
vt 0.489871 0.309316
vt 0.466677 0.350160
vt 0.429032 0.404144
vt 0.444620 0.348385
vt 0.424033 0.345230
vt 0.483144 0.399409
vt 0.722129 0.693130
vt 0.695928 0.713559
vt 0.710058 0.673241
vt 0.708789 0.637186
vt 0.722628 0.644235
vt 0.730391 0.679894
vt 0.683797 0.656386
vt 0.681459 0.633861
vt 0.725629 0.549205
vt 0.733491 0.552133
vt 0.488965 0.431491
vt 0.505835 0.504154
vt 0.505522 0.506324
vt 0.498566 0.503380
vt 0.495030 0.630866
vt 0.495734 0.626631
vt 0.494997 0.616127
vt 0.492718 0.616803
vt 0.492756 0.623274
vt 0.207141 0.067192
vt 0.182555 0.090654
vt 0.172673 0.063199
vt 0.116045 0.080113
vt 0.180476 0.134224
vt 0.550690 0.605633
vt 0.551479 0.607792
vt 0.547372 0.615210
vt 0.190118 0.184840
vt 0.513893 0.626864
vt 0.515614 0.629410
vt 0.515906 0.620764
vt 0.514911 0.618174
vt 0.525874 0.677947
vt 0.529206 0.626724
vt 0.530096 0.607704
vt 0.554306 0.602382
vt 0.553126 0.604010
vt 0.551109 0.602200
vt 0.179844 0.020471
vt 0.210481 0.035323
vt 0.679221 0.512366
vt 0.679680 0.516421
vt 0.679915 0.525401
vt 0.679325 0.510296
vt 0.679655 0.509857
vt 0.652199 0.657382
vt 0.652360 0.656007
vt 0.652377 0.659247
vt 0.652609 0.657308
vt 0.652755 0.653039
vt 0.513211 0.628113
vt 0.513302 0.628075
vt 0.533279 0.649989
vt 0.515282 0.608241
vt 0.517212 0.605516
vt 0.514998 0.613542
vt 0.214731 0.000000
vt 0.207921 0.009043
vt 0.209569 0.000371
vt 0.516548 0.604341
vt 0.514527 0.605076
vt 0.514261 0.603780
vt 0.512186 0.631306
vt 0.511120 0.633543
vt 0.512230 0.633153
vt 0.519010 0.615989
vt 0.520920 0.619903
vt 0.517867 0.622761
vt 0.652291 0.659129
vt 0.652755 0.663113
vt 0.164380 0.028102
vt 0.541021 0.601307
vt 0.126342 0.661451
vt 0.125826 0.662719
vt 0.126818 0.652400
vt 0.515555 0.606392
vt 0.151657 0.021264
vt 0.160837 0.014726
vt 0.131509 0.042364
vt 0.164572 0.196638
vt 0.128095 0.207868
vt 0.417415 0.595762
vt 0.407872 0.598511
vt 0.430014 0.600145
vt 0.418283 0.617852
vt 0.507216 0.608316
vt 0.508902 0.602896
vt 0.507640 0.602918
vt 0.406122 0.617971
vt 0.382077 0.601770
vt 0.428335 0.584128
vt 0.449527 0.587433
vt 0.448306 0.604779
vt 0.764450 0.737010
vt 0.812414 0.785100
vt 0.527902 0.599151
vt 0.741187 0.870641
vt 0.512919 0.623154
vt 0.507938 0.612577
vt 0.679405 0.508783
vt 0.679544 0.508176
vt 0.679455 0.509121
vt 0.514012 0.621478
vt 0.513725 0.621101
vt 0.514028 0.620529
vt 0.513821 0.624115
vt 0.511845 0.617121
vt 0.511968 0.617435
vt 0.507623 0.615135
vt 0.513022 0.617464
vt 0.513496 0.617719
vt 0.513210 0.618611
vt 0.513987 0.619912
vt 0.513692 0.619593
vt 0.513056 0.619503
vt 0.513767 0.620178
vt 0.514397 0.614528
vt 0.513878 0.613207
vt 0.126336 0.675059
vt 0.126076 0.676538
vt 0.125585 0.676119
vt 0.125893 0.678806
vt 0.511522 0.615722
vt 0.514541 0.613076
vt 0.513219 0.612790
vt 0.509877 0.616381
vt 0.508723 0.615264
vt 0.126708 0.676342
vt 0.127572 0.673778
vt 0.126618 0.673123
vt 0.127190 0.672991
vt 0.126682 0.672054
vt 0.125490 0.671481
vt 0.125832 0.670245
vt 0.513615 0.613708
vt 0.509230 0.618661
vt 0.510388 0.613576
vt 0.513488 0.615207
vt 0.512333 0.602176
vt 0.512169 0.603534
vt 0.510974 0.610582
vt 0.514596 0.608184
vt 0.513262 0.605659
vt 0.511845 0.608911
vt 0.510483 0.607079
vt 0.510513 0.610486
vt 0.510697 0.611105
vt 0.512654 0.611216
vt 0.511432 0.611711
vt 0.679736 0.508292
vt 0.679865 0.507458
vt 0.510485 0.612024
vt 0.513018 0.614714
vt 0.513474 0.616607
vt 0.513382 0.614385
vt 0.126189 0.671132
vt 0.512138 0.617507
vt 0.127127 0.676712
vt 0.508946 0.609763
vt 0.512410 0.618407
vt 0.509432 0.612269
vt 0.509616 0.611565
vt 0.679915 0.507728
vt 0.512300 0.620011
vt 0.126093 0.669567
vt 0.126101 0.667387
vt 0.679062 0.515584
vt 0.679073 0.514016
vt 0.511888 0.614220
vt 0.514074 0.619431
vt 0.514465 0.618460
vt 0.513990 0.621576
vt 0.514133 0.617495
vt 0.513008 0.625552
vt 0.509928 0.612880
vt 0.511061 0.616729
vt 0.508721 0.612920
vt 0.511570 0.613970
vt 0.510712 0.616104
vt 0.514026 0.622043
vt 0.513743 0.625772
vt 0.513693 0.627334
vt 0.513834 0.616515
vt 0.509277 0.610960
vt 0.508473 0.606142
vt 0.434683 0.286992
vt 0.019050 0.475232
vt 0.059564 0.469381
vt 0.045006 0.485218
vt 0.053152 0.481070
vt 0.800920 0.906223
vt 0.809992 0.918411
vt 0.804105 0.920123
vt 0.810962 0.903154
vt 0.164240 0.628806
vt 0.161355 0.626045
vt 0.164947 0.621142
vt 0.218089 0.683491
vt 0.221261 0.684791
vt 0.215232 0.697130
vt 0.259257 0.627245
vt 0.254937 0.633833
vt 0.252668 0.625836
vt 0.228591 0.628078
vt 0.234519 0.636997
vt 0.229948 0.642732
vt 0.214882 0.690651
vt 0.212853 0.687433
vt 0.214196 0.680968
vt 0.155863 0.639475
vt 0.155895 0.628134
vt 0.157992 0.638470
vt 0.167130 0.627904
vt 0.667985 0.683245
vt 0.670925 0.681091
vt 0.669900 0.691604
vt 0.157070 0.615663
vt 0.152079 0.623098
vt 0.107698 0.689395
vt 0.102220 0.692250
vt 0.104461 0.686916
vt 0.679924 0.607183
vt 0.679189 0.612700
vt 0.679189 0.605563
vt 0.105790 0.683454
vt 0.102161 0.682796
vt 0.170167 0.630141
vt 0.164870 0.638432
vt 0.154680 0.633823
vt 0.161559 0.645136
vt 0.106168 0.691987
vt 0.160859 0.613896
vt 0.046406 0.415780
vt 0.006100 0.427026
vt 0.029486 0.378748
vt 0.256512 0.696182
vt 0.254569 0.691483
vt 0.256368 0.692992
vt 0.156561 0.645793
vt 0.159415 0.647068
vt 0.157891 0.647215
vt 0.102161 0.689293
vt 0.018044 0.359029
vt 0.023382 0.377805
vt 0.014504 0.370242
vt 0.046112 0.455512
vt 0.034823 0.367516
vt 0.033493 0.368934
vt 0.024381 0.379551
vt 0.003412 0.383393
vt 0.047075 0.384684
vt 0.258227 0.694439
vt 0.358081 0.679741
vt 0.360383 0.682790
vt 0.350284 0.676543
vt 0.242687 0.673759
vt 0.242687 0.682275
vt 0.240600 0.678658
vt 0.350284 0.683312
vt 0.359500 0.687001
vt 0.358976 0.684868
vt 0.010041 0.365846
vt 0.598064 0.677139
vt 0.597434 0.679385
vt 0.597434 0.675594
vt 0.161554 0.636565
vt 0.109648 0.686987
vt 0.259265 0.646811
vt 0.253311 0.650662
vt 0.260080 0.637281
vt 0.153608 0.628572
vt 0.036349 0.367654
vt 0.038485 0.369621
vt 0.258227 0.685767
vt 0.641912 0.685922
vt 0.641912 0.690419
vt 0.640041 0.688353
vt 0.139527 0.631150
vt 0.138716 0.628929
vt 0.146783 0.623947
vt 0.359619 0.677141
vt 0.129297 0.613536
vt 0.132121 0.602527
vt 0.289341 0.679811
vt 0.288629 0.679111
vt 0.289341 0.672947
vt 0.142584 0.629456
vt 0.144612 0.630532
vt 0.141705 0.639482
vt 0.143752 0.642191
vt 0.138553 0.636237
vt 0.142074 0.646744
vt 0.128276 0.602230
vt 0.212740 0.613993
vt 0.212740 0.635330
vt 0.211819 0.620033
vt 0.253028 0.635610
vt 0.264323 0.635363
vt 0.261350 0.643959
vt 0.132695 0.631174
vt 0.132461 0.640063
vt 0.006668 0.360380
vt 0.212853 0.675089
vt 0.217410 0.673753
vt 0.155852 0.600494
vt 0.164540 0.598389
vt 0.163418 0.682665
vt 0.162966 0.688815
vt 0.161140 0.683873
vt 0.158979 0.686219
vt 0.220142 0.680714
vt 0.000000 0.402165
vt 0.146499 0.556424
vt 0.156023 0.543773
vt 0.153860 0.556472
vt 0.145913 0.545151
vt 0.076271 0.454708
vt 0.090765 0.438065
vt 0.221140 0.549436
vt 0.233416 0.551914
vt 0.227712 0.552724
vt 0.230447 0.546030
vt 0.219486 0.543773
vt 0.325731 0.673534
vt 0.322661 0.664590
vt 0.325731 0.648865
vt 0.094969 0.171356
vt 0.201983 0.654906
vt 0.206341 0.661343
vt 0.611909 0.667691
vt 0.611909 0.687039
vt 0.073040 0.640191
vt 0.069042 0.642075
vt 0.066280 0.636663
vt 0.086463 0.107644
vt 0.082758 0.107816
vt 0.087625 0.098345
vt 0.292103 0.624757
vt 0.289107 0.629771
vt 0.082077 0.122146
vt 0.079714 0.132732
vt 0.287740 0.662274
vt 0.285802 0.667392
vt 0.286690 0.645609
vt 0.079405 0.636274
vt 0.076157 0.655998
vt 0.609531 0.680274
vt 0.608489 0.688907
vt 0.283125 0.670478
vt 0.284169 0.650388
vt 0.323390 0.684150
vt 0.323390 0.681204
vt 0.058000 0.103263
vt 0.061118 0.128270
vt 0.060461 0.129013
vt 0.274057 0.690204
vt 0.275574 0.685767
vt 0.275574 0.690386
vt 0.344124 0.615907
vt 0.340330 0.611170
vt 0.354839 0.611057
vt 0.375700 0.602527
vt 0.370813 0.594831
vt 0.372339 0.594230
vt 0.078749 0.100466
vt 0.200870 0.632538
vt 0.211819 0.645377
vt 0.040051 0.642007
vt 0.063220 0.124732
vt 0.043236 0.631842
vt 0.048125 0.620408
vt 0.044215 0.635553
vt 0.205437 0.614910
vt 0.209533 0.613993
vt 0.516945 0.603163
vt 0.510294 0.602872
vt 0.531740 0.019386
vt 0.530696 0.001119
vt 0.496047 0.443269
vt 0.526786 0.402060
vt 0.529164 0.451517
vt 0.529324 0.505349
vt 0.524921 0.501589
vt 0.534003 0.506020
vt 0.467963 0.593255
vt 0.514145 0.602319
vt 0.514781 0.602794
vt 0.510229 0.602873
vt 0.509838 0.602880
vt 0.542399 0.087788
vt 0.541893 0.347565
vt 0.271711 0.563377
vt 0.252099 0.559229
vt 0.257170 0.551959
vt 0.053883 0.428016
vt 0.051308 0.422403
vt 0.063747 0.412745
vt 0.073562 0.432471
vt 0.059080 0.461492
vt 0.060999 0.447586
vt 0.069943 0.462765
vt 0.248493 0.599665
vt 0.246909 0.605032
vt 0.233759 0.606774
vt 0.241715 0.565519
vt 0.251089 0.574633
vt 0.247235 0.578991
vt 0.170890 0.578810
vt 0.166763 0.583723
vt 0.161954 0.569093
vt 0.212853 0.571471
vt 0.218620 0.574677
vt 0.215211 0.585227
vt 0.014983 0.469280
vt 0.011720 0.459096
vt 0.677856 0.646520
vt 0.677856 0.651832
vt 0.676590 0.651140
vt 0.229826 0.592233
vt 0.237585 0.596545
vt 0.224776 0.600465
vt 0.139667 0.607702
vt 0.671388 0.600580
vt 0.679189 0.608992
vt 0.671388 0.625186
vt 0.375211 0.609633
vt 0.074042 0.201889
vt 0.746194 0.692304
vt 0.176499 0.198281
vt 0.363761 0.686653
vt 0.360383 0.676543
vt 0.098120 0.201422
vt 0.801088 0.714551
vt 0.801069 0.687762
vt 0.350433 0.603858
vt 0.346960 0.580592
vt 0.363906 0.600631
vt 0.086700 0.269508
vt 0.061394 0.272903
vt 0.081527 0.260104
vt 0.340330 0.633956
vt 0.066548 0.288312
vt 0.060862 0.306597
vt 0.048276 0.279358
vt 0.052907 0.270393
vt 0.106842 0.214799
vt 0.108425 0.237024
vt 0.065438 0.225898
vt 0.067879 0.633929
vt 0.089455 0.318073
vt 0.134602 0.228757
vt 0.123928 0.266012
vt 0.116808 0.249996
vt 0.202195 0.624273
vt 0.204482 0.616635
vt 0.097233 0.253362
vt 0.109142 0.265061
vt 0.114270 0.693750
vt 0.081482 0.110608
vt 0.077263 0.635031
vt 0.072830 0.633871
vt 0.084032 0.603136
vt 0.602277 0.665610
vt 0.603783 0.668431
vt 0.600597 0.666446
vt 0.062975 0.647356
vt 0.640041 0.690981
vt 0.638643 0.691363
vt 0.638643 0.688587
vt 0.454580 0.315423
vt 0.714301 0.615170
vt 0.721997 0.588303
vt 0.700427 0.623044
vt 0.686699 0.587273
vt 0.375919 0.334267
vt 0.406559 0.346494
vt 0.708756 0.558106
vt 0.696141 0.565981
vt 0.505191 0.501019
vt 0.076399 0.658626
vt 0.073967 0.659530
vt 0.093259 0.139993
vt 0.092902 0.148421
vt 0.284785 0.672947
vt 0.090586 0.101698
vt 0.293855 0.624499
vt 0.514420 0.493907
vt 0.511863 0.499939
vt 0.491863 0.481061
vt 0.530995 0.475082
vt 0.513078 0.480676
vt 0.500498 0.470621
vt 0.410183 0.415348
vt 0.412361 0.368337
vt 0.286810 0.670130
vt 0.639771 0.685922
vt 0.067213 0.634638
vt 0.224268 0.672782
vt 0.222038 0.678074
vt 0.223933 0.670924
vt 0.607216 0.672961
vt 0.290787 0.632699
vt 0.587396 0.117208
vt 0.617165 0.163639
vt 0.577283 0.185783
vt 0.560670 0.289675
vt 0.585722 0.289433
vt 0.563474 0.137520
vt 0.652775 0.208678
vt 0.616144 0.200123
vt 0.427974 0.651344
vt 0.420543 0.688675
vt 0.412727 0.660020
vt 0.403720 0.673875
vt 0.405553 0.634265
vt 0.384668 0.643261
vt 0.414892 0.641211
vt 0.293061 0.227302
vt 0.276393 0.209550
vt 0.304873 0.213948
vt 0.508974 0.586863
vt 0.507591 0.587151
vt 0.508702 0.585813
vt 0.508009 0.588341
vt 0.679407 0.628085
vt 0.680031 0.628584
vt 0.679904 0.629000
vt 0.510568 0.595286
vt 0.511884 0.595713
vt 0.510811 0.598381
vt 0.513449 0.594018
vt 0.514346 0.592879
vt 0.514664 0.594839
vt 0.513379 0.593600
vt 0.513879 0.592751
vt 0.513542 0.590331
vt 0.513064 0.590291
vt 0.513669 0.589377
vt 0.513936 0.587262
vt 0.513793 0.587608
vt 0.513755 0.586619
vt 0.511587 0.593329
vt 0.510906 0.592960
vt 0.511191 0.592172
vt 0.510831 0.586301
vt 0.510234 0.585786
vt 0.510298 0.584823
vt 0.511361 0.586453
vt 0.512126 0.586516
vt 0.511797 0.587357
vt 0.511592 0.591974
vt 0.511782 0.591483
vt 0.512003 0.592203
vt 0.512629 0.592333
vt 0.512452 0.593261
vt 0.512750 0.594482
vt 0.512507 0.593777
vt 0.511474 0.588441
vt 0.510670 0.587059
vt 0.511498 0.587823
vt 0.509269 0.581679
vt 0.507199 0.580553
vt 0.509657 0.579013
vt 0.509384 0.575618
vt 0.512635 0.589824
vt 0.512067 0.589902
vt 0.512022 0.588788
vt 0.513295 0.597199
vt 0.513620 0.595422
vt 0.511887 0.594268
vt 0.512166 0.594805
vt 0.511416 0.594328
vt 0.509862 0.589501
vt 0.510963 0.589182
vt 0.510792 0.590174
vt 0.269799 0.434025
vt 0.220091 0.481101
vt 0.281122 0.403887
vt 0.498879 0.575863
vt 0.503760 0.562705
vt 0.502456 0.576557
vt 0.512747 0.591346
vt 0.646314 0.439090
vt 0.634259 0.466201
vt 0.631368 0.443770
vt 0.641192 0.411422
vt 0.847241 0.021506
vt 0.829695 0.042350
vt 0.845297 0.012864
vt 0.500555 0.598119
vt 0.512566 0.575470
vt 0.513518 0.577760
vt 0.513041 0.580324
vt 0.322660 0.659331
vt 0.322173 0.656424
vt 0.322260 0.656322
vt 0.642484 0.088070
vt 0.621713 0.083594
vt 0.621010 0.065196
vt 0.502523 0.592920
vt 0.505740 0.594185
vt 0.375919 0.546589
vt 0.375917 0.546561
vt 0.375917 0.546521
vt 0.375917 0.546106
vt 0.505529 0.598784
vt 0.448313 0.651995
vt 0.439083 0.678289
vt 0.778684 0.324036
vt 0.763275 0.292080
vt 0.782086 0.286532
vt 0.776434 0.263254
vt 0.498981 0.593120
vt 0.498679 0.584520
vt 0.501371 0.586243
vt 0.514511 0.601904
vt 0.514522 0.600589
vt 0.513243 0.599907
vt 0.509309 0.586052
vt 0.509759 0.587234
vt 0.505808 0.576544
vt 0.509198 0.589126
vt 0.510279 0.588377
vt 0.511399 0.575538
vt 0.512199 0.575910
vt 0.511869 0.578855
vt 0.510793 0.579843
vt 0.510027 0.582083
vt 0.508674 0.595737
vt 0.508346 0.590454
vt 0.507591 0.590753
vt 0.506894 0.590548
vt 0.690154 0.144672
vt 0.681209 0.144991
vt 0.682884 0.136357
vt 0.633005 0.583555
vt 0.631095 0.582153
vt 0.640934 0.579124
vt 0.642046 0.593725
vt 0.640049 0.586942
vt 0.644736 0.589981
vt 0.348886 0.147272
vt 0.346853 0.160783
vt 0.345548 0.145026
vt 0.358646 0.113238
vt 0.361565 0.114027
vt 0.356058 0.115420
vt 0.636550 0.678988
vt 0.633533 0.676259
vt 0.636235 0.669895
vt 0.243057 0.663249
vt 0.244897 0.658102
vt 0.243166 0.674305
vt 0.641119 0.679441
vt 0.640676 0.672523
vt 0.641066 0.657927
vt 0.353442 0.128517
vt 0.360262 0.158477
vt 0.364402 0.193724
vt 0.146107 0.687469
vt 0.145964 0.692845
vt 0.143313 0.693706
vt 0.639964 0.682984
vt 0.249286 0.681789
vt 0.247463 0.680167
vt 0.248972 0.675856
vt 0.600597 0.680917
vt 0.598064 0.675879
vt 0.600597 0.674335
vt 0.375895 0.565466
vt 0.375895 0.568971
vt 0.375637 0.566790
vt 0.635606 0.656455
vt 0.637681 0.657813
vt 0.637760 0.680519
vt 0.630971 0.687151
vt 0.633987 0.690358
vt 0.630971 0.691700
vt 0.636301 0.586799
vt 0.249286 0.666094
vt 0.249790 0.654376
vt 0.249790 0.690497
vt 0.630522 0.609426
vt 0.623417 0.613672
vt 0.649077 0.628240
vt 0.646185 0.626849
vt 0.649796 0.605886
vt 0.629440 0.639896
vt 0.628457 0.652891
vt 0.679997 0.539836
vt 0.679062 0.537221
vt 0.679997 0.525401
vt 0.647354 0.575858
vt 0.647816 0.635216
vt 0.637547 0.648509
vt 0.680904 0.137200
vt 0.683858 0.118269
vt 0.143124 0.685805
vt 0.141263 0.693650
vt 0.138400 0.687466
vt 0.759442 0.273632
vt 0.771265 0.251280
vt 0.616605 0.277431
vt 0.639280 0.267019
vt 0.629318 0.299882
vt 0.603526 0.308522
vt 0.373363 0.664716
vt 0.369561 0.665275
vt 0.368460 0.659207
vt 0.322686 0.220460
vt 0.349380 0.241647
vt 0.640343 0.660639
vt 0.687843 0.165917
vt 0.682572 0.159838
vt 0.665089 0.555223
vt 0.666840 0.587355
vt 0.663495 0.587498
vt 0.331445 0.244137
vt 0.326194 0.232501
vt 0.692126 0.187991
vt 0.682441 0.179836
vt 0.681875 0.169883
vt 0.658663 0.611927
vt 0.663015 0.622555
vt 0.662931 0.642271
vt 0.623325 0.619823
vt 0.619032 0.607249
vt 0.660575 0.609420
vt 0.655421 0.602703
vt 0.607278 0.534837
vt 0.614213 0.531450
vt 0.616311 0.549965
vt 0.272365 0.688875
vt 0.270598 0.688253
vt 0.272910 0.686286
vt 0.614706 0.605676
vt 0.604123 0.581727
vt 0.608352 0.577771
vt 0.702575 0.188756
vt 0.722847 0.222708
vt 0.630527 0.671728
vt 0.634154 0.588408
vt 0.343829 0.115579
vt 0.341144 0.114236
vt 0.342666 0.112454
vt 0.390282 0.713473
vt 0.381713 0.687296
vt 0.395581 0.697203
vt 0.826604 0.447127
vt 0.847315 0.450793
vt 0.825466 0.476756
vt 0.435884 0.693747
vt 0.555582 0.051174
vt 0.587861 0.068471
vt 0.789089 0.245800
vt 0.813440 0.411749
vt 0.792817 0.395425
vt 0.806865 0.353807
vt 0.823684 0.295491
vt 0.799420 0.268065
vt 0.811692 0.227414
vt 0.804374 0.450806
vt 0.807763 0.477008
vt 0.786925 0.482310
vt 0.783651 0.462375
vt 0.649344 0.108406
vt 0.624860 0.116625
vt 0.606115 0.108965
vt 0.653533 0.292953
vt 0.462584 0.642730
vt 0.467428 0.673963
vt 0.268072 0.526478
vt 0.267184 0.507515
vt 0.291342 0.496511
vt 0.246045 0.474001
vt 0.276159 0.485286
vt 0.233355 0.506423
vt 0.454331 0.689054
vt 0.474461 0.696478
vt 0.489254 0.642978
vt 0.467528 0.622541
vt 0.492683 0.606623
vt 0.750839 0.288229
vt 0.738015 0.340185
vt 0.730278 0.306286
vt 0.746579 0.373127
vt 0.730752 0.408138
vt 0.723646 0.405017
vt 0.760370 0.352318
vt 0.780273 0.367064
vt 0.763957 0.396790
vt 0.755073 0.405171
vt 0.761414 0.458471
vt 0.744345 0.435679
vt 0.764666 0.436746
vt 0.740226 0.415919
vt 0.292834 0.386864
vt 0.302226 0.401137
vt 0.543980 0.214818
vt 0.278870 0.468556
vt 0.233926 0.489626
vt 0.301660 0.355234
vt 0.338508 0.333656
vt 0.322173 0.345578
vt 0.451543 0.631210
vt 0.428707 0.631378
vt 0.437811 0.615054
vt 0.196504 0.501218
vt 0.216929 0.504989
vt 0.207766 0.512057
vt 0.547407 0.170551
vt 0.587711 0.041961
vt 0.555437 0.021354
vt 0.556448 0.002202
vt 0.579141 0.020599
vt 0.507292 0.597754
vt 0.316126 0.166267
vt 0.332349 0.154146
vt 0.325715 0.216940
vt 0.742492 0.277589
vt 0.761531 0.480141
vt 0.295236 0.427659
vt 0.312292 0.427993
vt 0.779497 0.499048
vt 0.235561 0.096972
vt 0.237729 0.068882
vt 0.262242 0.065654
vt 0.524738 0.507458
vt 0.530170 0.530719
vt 0.516482 0.527995
vt 0.532054 0.515438
vt 0.527932 0.510724
vt 0.839762 0.047712
vt 0.820673 0.053221
vt 0.758984 0.245463
vt 0.776766 0.220219
vt 0.790973 0.222038
vt 0.739781 0.242090
vt 0.779710 0.170106
vt 0.743774 0.213457
vt 0.740038 0.192262
vt 0.181905 0.509594
vt 0.741884 0.455116
vt 0.735000 0.470710
vt 0.456108 0.707860
vt 0.438294 0.714843
vt 0.490739 0.674906
vt 0.364087 0.301189
vt 0.356496 0.330174
vt 0.417939 0.709868
vt 0.544793 0.490247
vt 0.544073 0.486491
vt 0.551379 0.485681
vt 0.546616 0.504393
vt 0.546125 0.501513
vt 0.553049 0.503620
vt 0.549246 0.475933
vt 0.567855 0.467791
vt 0.560681 0.445963
vt 0.560365 0.488034
vt 0.558868 0.484400
vt 0.566178 0.482880
vt 0.545165 0.482644
vt 0.580216 0.485762
vt 0.581683 0.489290
vt 0.574630 0.491207
vt 0.567020 0.490592
vt 0.570554 0.487143
vt 0.559604 0.494141
vt 0.835024 0.099041
vt 0.847686 0.102227
vt 0.843988 0.155240
vt 0.627769 0.409292
vt 0.631934 0.352753
vt 0.564085 0.347563
vt 0.542355 0.405389
vt 0.590086 0.336095
vt 0.560057 0.310193
vt 0.606943 0.405788
vt 0.611367 0.338590
vt 0.578481 0.414117
vt 0.594934 0.351506
vt 0.800981 0.108507
vt 0.807847 0.134782
vt 0.801705 0.141563
vt 0.820714 0.199261
vt 0.805161 0.204803
vt 0.812890 0.166262
vt 0.802341 0.166092
vt 0.822443 0.140021
vt 0.826485 0.153290
vt 0.787890 0.073144
vt 0.797317 0.076248
vt 0.790340 0.138296
vt 0.570419 0.437485
vt 0.560602 0.504900
vt 0.560280 0.502719
vt 0.567517 0.501563
vt 0.565987 0.496926
vt 0.573919 0.497119
vt 0.245536 0.030896
vt 0.223380 0.197766
vt 0.226805 0.137835
vt 0.649681 0.147882
vt 0.513862 0.579143
vt 0.515859 0.584914
vt 0.514869 0.587564
vt 0.515544 0.576352
vt 0.511974 0.568643
vt 0.504371 0.532946
vt 0.637208 0.688203
vt 0.638603 0.685922
vt 0.638603 0.690635
vt 0.552934 0.600595
vt 0.548790 0.565053
vt 0.545897 0.569211
vt 0.548847 0.556982
vt 0.375429 0.649785
vt 0.374982 0.653642
vt 0.375683 0.640266
vt 0.375090 0.655817
vt 0.375424 0.656243
vt 0.322500 0.654987
vt 0.322248 0.653088
vt 0.322660 0.648866
vt 0.322094 0.654864
vt 0.513242 0.577911
vt 0.513168 0.577953
vt 0.535175 0.560400
vt 0.515762 0.545574
vt 0.514950 0.592183
vt 0.515306 0.596956
vt 0.515618 0.599121
vt 0.517205 0.599970
vt 0.512112 0.574579
vt 0.512148 0.572736
vt 0.511043 0.572361
vt 0.240600 0.673759
vt 0.240600 0.687920
vt 0.232518 0.680604
vt 0.522663 0.579161
vt 0.518942 0.589428
vt 0.517814 0.582825
vt 0.322180 0.653169
vt 0.678355 0.636953
vt 0.678384 0.641083
vt 0.677865 0.632514
vt 0.290354 0.052655
vt 0.296159 0.060032
vt 0.311507 0.065770
vt 0.298190 0.098614
vt 0.266890 0.027049
vt 0.266098 0.034586
vt 0.258620 0.022017
vt 0.518042 0.570204
vt 0.380917 0.617537
vt 0.507660 0.601891
vt 0.375042 0.647110
vt 0.374855 0.649696
vt 0.374813 0.651418
vt 0.512314 0.584460
vt 0.799475 0.229020
vt 0.673778 0.166713
vt 0.842203 0.409578
vt 0.823965 0.386591
vt 0.833736 0.353405
vt 0.838087 0.314213
vt 0.801742 0.314037
vt 0.839733 0.430098
vt 0.512809 0.582850
vt 0.375311 0.657842
vt 0.375120 0.656930
vt 0.375215 0.656990
vt 0.513993 0.584921
vt 0.513716 0.584582
vt 0.513764 0.581663
vt 0.507786 0.592005
vt 0.513458 0.588103
vt 0.512982 0.588384
vt 0.513192 0.587189
vt 0.513662 0.586155
vt 0.513945 0.585853
vt 0.678847 0.628058
vt 0.678879 0.627397
vt 0.678626 0.628871
vt 0.678223 0.630194
vt 0.678498 0.627222
vt 0.677865 0.627845
vt 0.678423 0.631409
vt 0.678570 0.630235
vt 0.509322 0.591727
vt 0.508533 0.591775
vt 0.509013 0.590733
vt 0.511910 0.590540
vt 0.511485 0.590072
vt 0.511362 0.590662
vt 0.514045 0.592096
vt 0.514355 0.591268
vt 0.509718 0.590603
vt 0.679242 0.629272
vt 0.678958 0.630797
vt 0.679676 0.630926
vt 0.679059 0.631973
vt 0.678335 0.633427
vt 0.678577 0.636567
vt 0.513158 0.592878
vt 0.513556 0.592142
vt 0.509147 0.588039
vt 0.509169 0.587233
vt 0.510152 0.591684
vt 0.510843 0.591065
vt 0.509873 0.592826
vt 0.508740 0.592774
vt 0.513202 0.585416
vt 0.512094 0.585522
vt 0.514229 0.598471
vt 0.514826 0.598098
vt 0.512088 0.593945
vt 0.509512 0.594488
vt 0.510432 0.593800
vt 0.510755 0.594644
vt 0.513064 0.586297
vt 0.375502 0.657715
vt 0.375633 0.658561
vt 0.511984 0.588459
vt 0.510517 0.592365
vt 0.512155 0.591050
vt 0.511350 0.591216
vt 0.513314 0.589305
vt 0.514071 0.588259
vt 0.512871 0.589711
vt 0.512927 0.590480
vt 0.513273 0.590763
vt 0.509304 0.593720
vt 0.375683 0.658313
vt 0.679897 0.629991
vt 0.678908 0.629945
vt 0.678512 0.634357
vt 0.513950 0.584300
vt 0.514325 0.585826
vt 0.514420 0.587354
vt 0.512110 0.588354
vt 0.678578 0.632824
vt 0.680149 0.629586
vt 0.514028 0.586383
vt 0.513709 0.579446
vt 0.507933 0.593223
vt 0.679876 0.628120
vt 0.679456 0.627337
vt 0.512346 0.587426
vt 0.513982 0.583820
vt 0.508513 0.599727
vt 0.815468 0.017964
vt 0.818412 0.023473
vt 0.812669 0.034570
vt 0.356170 0.479207
vt 0.343247 0.497097
vt 0.363767 0.452536
vt 0.292589 0.492957
vt 0.285217 0.481946
vt 0.290628 0.477598
vt 0.722707 0.428129
vt 0.733457 0.428493
vt 0.725311 0.441829
vt 0.304803 0.598670
vt 0.308994 0.588566
vt 0.317143 0.600599
vt 0.094867 0.626671
vt 0.092156 0.629361
vt 0.091063 0.620708
vt 0.099394 0.616637
vt 0.100954 0.601463
vt 0.109871 0.611207
vt 0.090832 0.637825
vt 0.095174 0.646475
vt 0.088859 0.628005
vt 0.099534 0.640804
vt 0.099638 0.646883
vt 0.097814 0.648125
vt 0.166565 0.685453
vt 0.168063 0.682708
vt 0.168516 0.685425
vt 0.344946 0.388664
vt 0.340466 0.388451
vt 0.343323 0.387139
vt 0.672435 0.557522
vt 0.678916 0.553102
vt 0.677788 0.561610
vt 0.659352 0.681091
vt 0.661271 0.682648
vt 0.659352 0.691481
vt 0.634307 0.692100
vt 0.634370 0.686538
vt 0.637128 0.686736
vt 0.321928 0.472483
vt 0.322560 0.659331
vt 0.322560 0.671256
vt 0.322094 0.660368
vt 0.661979 0.690826
vt 0.660034 0.693877
vt 0.100534 0.629116
vt 0.101906 0.634421
vt 0.107614 0.628168
vt 0.103988 0.630781
vt 0.103435 0.626321
vt 0.122863 0.686872
vt 0.123848 0.693171
vt 0.121997 0.692444
vt 0.352506 0.400691
vt 0.354414 0.397629
vt 0.372919 0.428604
vt 0.677727 0.568479
vt 0.158979 0.686133
vt 0.154667 0.695936
vt 0.154532 0.689643
vt 0.679726 0.571730
vt 0.627479 0.690750
vt 0.625686 0.688424
vt 0.627057 0.683986
vt 0.359818 0.379898
vt 0.361925 0.381733
vt 0.356483 0.385604
vt 0.362724 0.388045
vt 0.325595 0.439189
vt 0.329113 0.406855
vt 0.373096 0.408657
vt 0.371142 0.385918
vt 0.122944 0.615609
vt 0.122604 0.631609
vt 0.117095 0.631619
vt 0.676471 0.545404
vt 0.678460 0.543335
vt 0.680284 0.546437
vt 0.662543 0.692649
vt 0.094700 0.637913
vt 0.199315 0.648525
vt 0.198429 0.663643
vt 0.198429 0.643737
vt 0.364631 0.390206
vt 0.127663 0.649955
vt 0.126982 0.652400
vt 0.122888 0.640736
vt 0.374502 0.383335
vt 0.375919 0.385624
vt 0.121816 0.696662
vt 0.334947 0.396447
vt 0.663682 0.685102
vt 0.124487 0.696533
vt 0.125657 0.694072
vt 0.117530 0.635742
vt 0.123570 0.637856
vt 0.313323 0.645649
vt 0.316435 0.644282
vt 0.315362 0.646992
vt 0.250871 0.654376
vt 0.251831 0.656842
vt 0.250011 0.656842
vt 0.163418 0.690366
vt 0.149625 0.690880
vt 0.147944 0.684994
vt 0.151462 0.676769
vt 0.147407 0.689837
vt 0.309469 0.628657
vt 0.307218 0.634857
vt 0.305821 0.614556
vt 0.314796 0.627659
vt 0.313326 0.615014
vt 0.317460 0.626236
vt 0.316800 0.629653
vt 0.127172 0.617829
vt 0.309876 0.638553
vt 0.115009 0.640978
vt 0.113447 0.630174
vt 0.375906 0.640266
vt 0.374813 0.620432
vt 0.375906 0.617209
vt 0.126083 0.642230
vt 0.624195 0.694371
vt 0.127663 0.685156
vt 0.125682 0.687280
vt 0.125682 0.681446
vt 0.096428 0.615122
vt 0.091917 0.597700
vt 0.096901 0.587929
vt 0.109688 0.624222
vt 0.111713 0.631397
vt 0.672783 0.552206
vt 0.156811 0.684171
vt 0.154532 0.682665
vt 0.347801 0.399290
vt 0.322560 0.676164
vt 0.321982 0.674608
vt 0.322560 0.671256
vt 0.115830 0.557649
vt 0.102049 0.543773
vt 0.111753 0.546091
vt 0.103041 0.557369
vt 0.329483 0.501019
vt 0.307517 0.476455
vt 0.623825 0.688808
vt 0.623029 0.680396
vt 0.623825 0.670224
vt 0.637521 0.685922
vt 0.329369 0.152266
vt 0.323586 0.151070
vt 0.328290 0.137712
vt 0.329833 0.135519
vt 0.322988 0.117006
vt 0.170116 0.673433
vt 0.167855 0.665404
vt 0.170849 0.660195
vt 0.665069 0.649303
vt 0.324973 0.161902
vt 0.312469 0.174157
vt 0.313941 0.163718
vt 0.612806 0.623811
vt 0.610159 0.627631
vt 0.607956 0.608696
vt 0.621587 0.665610
vt 0.621204 0.670843
vt 0.245612 0.654376
vt 0.247463 0.658208
vt 0.599649 0.672563
vt 0.599377 0.674534
vt 0.634043 0.640008
vt 0.633143 0.561579
vt 0.627903 0.635216
vt 0.652854 0.543746
vt 0.641903 0.565654
vt 0.319042 0.564832
vt 0.330641 0.555936
vt 0.331684 0.563376
vt 0.634167 0.548255
vt 0.650776 0.634611
vt 0.652854 0.626477
vt 0.647981 0.562525
vt 0.374166 0.672350
vt 0.369282 0.680295
vt 0.363248 0.122294
vt 0.645248 0.605813
vt 0.639392 0.591143
vt 0.630472 0.638359
vt 0.516032 0.602273
vt 0.517219 0.602252
vt 0.375917 0.546023
vt 0.375917 0.545112
vt 0.375919 0.543773
vt 0.540924 0.124940
vt 0.222441 0.009349
vt 0.727339 0.416220
vt 0.299639 0.560440
vt 0.313549 0.571380
vt 0.307590 0.568258
vt 0.308563 0.464237
vt 0.317745 0.460625
vt 0.292930 0.465934
vt 0.299539 0.483967
vt 0.177522 0.610185
vt 0.171151 0.596519
vt 0.185803 0.603479
vt 0.311606 0.497871
vt 0.305800 0.487736
vt 0.652854 0.685650
vt 0.659352 0.681091
vt 0.659352 0.692699
vt 0.199770 0.558589
vt 0.194326 0.570564
vt 0.194212 0.560841
vt 0.350276 0.491647
vt 0.340330 0.690603
vt 0.344120 0.676543
vt 0.350284 0.690603
vt 0.315577 0.110428
vt 0.311939 0.143001
vt 0.320467 0.116698
vt 0.325990 0.113549
vt 0.666548 0.652955
vt 0.663932 0.649481
vt 0.146107 0.676769
vt 0.293823 0.152134
vt 0.309673 0.207808
vt 0.345571 0.294886
vt 0.322808 0.305574
vt 0.339262 0.288289
vt 0.660383 0.580772
vt 0.664105 0.541758
vt 0.301242 0.287592
vt 0.276497 0.260453
vt 0.268407 0.272598
vt 0.268550 0.246525
vt 0.283584 0.276710
vt 0.298300 0.267556
vt 0.613453 0.608120
vt 0.610037 0.607508
vt 0.323186 0.125590
vt 0.614968 0.673704
vt 0.615969 0.677121
vt 0.612920 0.679201
vt 0.617826 0.588772
vt 0.611909 0.691878
vt 0.679189 0.612700
vt 0.679775 0.615043
vt 0.679189 0.617293
vt 0.619476 0.676425
vt 0.618741 0.672483
vt 0.333944 0.117252
vt 0.334200 0.119802
vt 0.646517 0.338766
vt 0.835152 0.241077
vt 0.662706 0.301115
vt 0.680487 0.321693
vt 0.559580 0.499703
vt 0.496671 0.584497
vt 0.574884 0.500251
vt 0.257023 0.183231
vt 0.551048 0.492941
vt 0.555442 0.489992
vt 0.592918 0.459121
vt 0.573916 0.476475
vt 0.566967 0.476299
vt 0.559387 0.479988
vt 0.551660 0.479634
vt 0.573711 0.483724
vt 0.580218 0.479077
vt 0.655498 0.591645
vt 0.661316 0.595240
vt 0.657459 0.596917
vt 0.318332 0.135954
vt 0.315660 0.193277
vt 0.311304 0.184216
vt 0.667752 0.648333
vt 0.665542 0.627653
vt 0.617041 0.605995
vt 0.621652 0.679075
vt 0.619529 0.685347
vt 0.614665 0.690891
vt 0.315070 0.154264
vt 0.017012 0.674320
vt 0.021461 0.672297
vt 0.017631 0.679312
vt 0.567970 0.588380
vt 0.558833 0.587126
vt 0.558833 0.582065
vt 0.556554 0.585812
vt 0.556554 0.583341
vt 0.555600 0.603461
vt 0.555225 0.602215
vt 0.555597 0.600993
vt 0.567970 0.580875
vt 0.025808 0.679712
vt 0.022444 0.680220
vt 0.024885 0.672271
vt 0.093213 0.689107
vt 0.087552 0.686609
vt 0.093213 0.684073
vt 0.416141 0.196598
vt 0.145219 0.517319
vt 0.490402 0.574123
vt 0.680487 0.562072
vt 0.707995 0.526938
vt 0.718546 0.543825
vt 0.713500 0.542388
vt 0.652275 0.655942
vt 0.045344 0.271626
vt 0.743925 0.959867
vt 0.755903 0.951820
vt 0.492683 0.607022
vt 0.036330 0.632352
vt 0.041908 0.625534
vt 0.091121 0.112159
vt 0.273546 0.686768
vt 0.367218 0.668451
vt 0.367266 0.666073
vt 0.368362 0.666912
vt 0.199315 0.663643
vt 0.199315 0.671192
vt 0.198505 0.666509
vt 0.040847 0.650235
vt 0.652693 0.645644
vt 0.652199 0.653039
vt 0.652199 0.635216
vt 0.743819 0.711229
vt 0.042017 0.212622
vt 0.073210 0.572241
vt 0.843119 0.666185
vt 0.840347 0.658519
vt 0.371272 0.631751
vt 0.371129 0.655668
vt 0.075604 0.214836
vt 0.064576 0.246236
vt 0.055193 0.234873
vt 0.699259 0.974882
vt 0.714740 0.980734
vt 0.417406 0.507458
vt 0.411607 0.528676
vt 0.397978 0.519560
vt 0.382870 0.530994
vt 0.727912 0.789486
vt 0.397850 0.224626
vt 0.375919 0.235815
vt 0.389856 0.193048
vt 0.683746 0.811567
vt 0.696338 0.536653
vt 0.802450 0.951720
vt 0.791453 0.982638
vt 0.061487 0.329834
vt 0.795112 0.824274
vt 0.778702 0.812935
vt 0.784591 0.844594
vt 0.808558 0.865345
vt 0.794728 0.895895
vt 0.790258 0.918763
vt 0.488959 0.003104
vt 0.045059 0.395205
vt 0.721711 0.521830
vt 0.018413 0.587262
vt 0.005573 0.588513
vt 0.015046 0.562312
vt 0.681341 0.524761
vt 0.177070 0.522352
vt 0.177267 0.543772
vt 0.088313 0.474765
vt 0.153595 0.507552
vt 0.488653 0.476984
vt 0.419264 0.439235
vt 0.129576 0.047375
vt 0.365715 0.571637
vt 0.361605 0.566202
vt 0.364882 0.563835
vt 0.016251 0.599417
vt 0.010614 0.600673
vt 0.533574 0.664287
vt 0.125490 0.681446
vt 0.142037 0.026300
vt 0.119681 0.041251
vt 0.734694 0.528032
vt 0.740283 0.503006
vt 0.746885 0.508085
vt 0.745960 0.521435
vt 0.379269 0.292341
vt 0.376850 0.173034
vt 0.243153 0.639912
vt 0.246531 0.637328
vt 0.243057 0.654376
vt 0.677072 0.618440
vt 0.048242 0.396152
vt 0.146675 0.609788
vt 0.170890 0.624288
vt 0.147715 0.627250
vt 0.147570 0.625965
vt 0.020897 0.359593
vt 0.213216 0.701211
vt 0.167346 0.613859
vt 0.667050 0.692184
vt 0.667598 0.689301
vt 0.004268 0.359922
vt 0.003407 0.360489
vt 0.211819 0.658091
vt 0.211819 0.635330
vt 0.212679 0.636795
vt 0.797644 0.930501
vt 0.245081 0.561920
vt 0.070056 0.633092
vt 0.041809 0.581757
vt 0.075899 0.095413
vt 0.035119 0.482149
vt 0.809883 0.740204
vt 0.805882 0.749709
vt 0.366009 0.586774
vt 0.370552 0.606412
vt 0.785141 0.690163
vt 0.680487 0.690958
vt 0.094029 0.110235
vt 0.085755 0.608579
vt 0.653248 0.417188
vt 0.609693 0.489603
vt 0.607190 0.481179
vt 0.838463 0.075993
vt 0.816082 0.078504
vt 0.600316 0.027457
vt 0.512266 0.574370
vt 0.679189 0.600716
vt 0.680384 0.600580
vt 0.680384 0.605563
vt 0.680482 0.575520
vt 0.680482 0.599905
vt 0.678598 0.586749
vt 0.693362 0.146961
vt 0.690307 0.157113
vt 0.355700 0.234391
vt 0.675692 0.277826
vt 0.344155 0.119208
vt 0.655909 0.580452
vt 0.662106 0.604794
vt 0.664551 0.600788
vt 0.364522 0.203674
vt 0.626484 0.043114
vt 0.795481 0.340260
vt 0.214785 0.522469
vt 0.213703 0.543772
vt 0.246181 0.525717
vt 0.335880 0.368771
vt 0.717724 0.344215
vt 0.713744 0.309171
vt 0.355387 0.364081
vt 0.791721 0.434291
vt 0.779814 0.129875
vt 0.059984 0.686861
vt 0.059984 0.662915
vt 0.078643 0.670783
vt 0.239784 0.226884
vt 0.762419 0.502271
vt 0.582074 0.498528
vt 0.596721 0.497257
vt 0.582727 0.503154
vt 0.349044 0.266120
vt 0.744532 0.500045
vt 0.679063 0.543335
vt 0.671388 0.518475
vt 0.679063 0.507458
vt 0.592639 0.484501
vt 0.647262 0.359842
vt 0.495673 0.579824
vt 0.494968 0.575818
vt 0.797704 0.026212
vt 0.791908 0.030378
vt 0.795472 0.022491
vt 0.288391 0.686741
vt 0.282318 0.683821
vt 0.285664 0.679643
vt 0.799862 0.041670
vt 0.274549 0.029180
vt 0.219916 0.001038
vt 0.218701 0.001899
vt 0.213242 0.656024
vt 0.228591 0.656898
vt 0.220098 0.670924
vt 0.678952 0.642400
vt 0.774436 0.040910
vt 0.790922 0.057054
vt 0.332204 0.097357
vt 0.238542 0.211867
vt 0.791197 0.169284
vt 0.792536 0.204946
vt 0.375919 0.666137
vt 0.800404 0.500635
vt 0.776335 0.403296
vt 0.513724 0.585477
vt 0.514068 0.583643
vt 0.222991 0.613633
vt 0.228591 0.630885
vt 0.212853 0.640821
vt 0.805682 0.036886
vt 0.317087 0.614076
vt 0.325820 0.425764
vt 0.328214 0.407790
vt 0.085755 0.625643
vt 0.090268 0.612738
vt 0.269348 0.689681
vt 0.265473 0.694050
vt 0.265473 0.685767
vt 0.121816 0.684626
vt 0.627903 0.685922
vt 0.630971 0.692475
vt 0.627903 0.692559
vt 0.624195 0.679462
vt 0.116632 0.607511
vt 0.126936 0.601671
vt 0.107602 0.598826
vt 0.679189 0.617293
vt 0.679695 0.618032
vt 0.679189 0.620909
vt 0.331297 0.127180
vt 0.328796 0.123327
vt 0.245179 0.692548
vt 0.245946 0.673735
vt 0.629958 0.620037
vt 0.626969 0.622527
vt 0.230899 0.682214
vt 0.534428 0.596579
vt 0.547342 0.590865
vt 0.325854 0.649650
vt 0.326145 0.633956
vt 0.326145 0.675400
vt 0.719250 0.263870
vt 0.727111 0.239524
vt 0.727187 0.270684
vt 0.309558 0.174349
vt 0.690860 0.132912
vt 0.726865 0.210064
vt 0.310657 0.276632
vt 0.294773 0.306538
vt 0.269400 0.689801
vt 0.329944 0.124368
vt 0.661709 0.365256
vt 0.843311 0.215553
vt 0.847686 0.175918
vt 0.492703 0.583342
vt 0.578316 0.495106
vt 0.362755 0.617209
vt 0.143794 0.500280
vt 0.468736 0.500131
vt 0.419819 0.046227
vt 0.192704 0.676362
vt 0.199178 0.672871
vt 0.199178 0.689971
vt 0.294784 0.677440
vt 0.289341 0.691675
vt 0.079183 0.563599
vt 0.075334 0.549518
vt 0.275845 0.551962
vt 0.369600 0.616407
vt 0.173887 0.010931
vt 0.006192 0.643819
vt 0.003404 0.656774
vt 0.002038 0.637981
vt 0.705775 0.518894
vt 0.711322 0.516837
vt 0.079571 0.471636
vt 0.075938 0.479984
vt 0.491333 0.544334
vt 0.475038 0.522829
vt 0.073666 0.343263
vt 0.168197 0.498756
vt 0.797631 0.918486
vt 0.161074 0.217320
vt 0.545793 0.641704
vt 0.552337 0.620030
vt 0.554977 0.627551
vt 0.834100 0.717878
vt 0.823213 0.722406
vt 0.092586 0.290526
vt 0.458548 0.509932
vt 0.458953 0.495819
vt 0.005685 0.602971
vt 0.548888 0.640042
vt 0.548967 0.648483
vt 0.354678 0.578988
vt 0.154506 0.016184
vt 0.192809 0.005994
vt 0.005950 0.654277
vt 0.517695 0.631247
vt 0.520016 0.628015
vt 0.537676 0.683682
vt 0.000000 0.584243
vt 0.087425 0.219516
vt 0.093130 0.213539
vt 0.033235 0.543773
vt 0.027025 0.573769
vt 0.243192 0.631866
vt 0.251831 0.638653
vt 0.816076 0.875660
vt 0.807126 0.890934
vt 0.802067 0.883992
vt 0.072782 0.478764
vt 0.252099 0.557252
vt 0.239581 0.549957
vt 0.251897 0.563151
vt 0.093213 0.690647
vt 0.093213 0.680536
vt 0.102161 0.681567
vt 0.080040 0.479313
vt 0.093878 0.208167
vt 0.084091 0.202530
vt 0.652500 0.690099
vt 0.642541 0.676638
vt 0.652500 0.663391
vt 0.224348 0.560898
vt 0.216840 0.560883
vt 0.220379 0.554787
vt 0.066256 0.472557
vt 0.044499 0.423831
vt 0.813983 0.893721
vt 0.249792 0.685767
vt 0.254569 0.690092
vt 0.249792 0.695324
vt 0.100207 0.245548
vt 0.083716 0.245370
vt 0.084025 0.214233
vt 0.089848 0.227834
vt 0.080395 0.197665
vt 0.800153 0.742483
vt 0.788954 0.718174
vt 0.813243 0.713599
vt 0.837177 0.674483
vt 0.593130 0.666705
vt 0.597407 0.674157
vt 0.583774 0.676621
vt 0.370813 0.543772
vt 0.375637 0.565482
vt 0.370813 0.592781
vt 0.084263 0.594277
vt 0.280569 0.543922
vt 0.340330 0.590558
vt 0.069382 0.257920
vt 0.054993 0.253218
vt 0.835280 0.660480
vt 0.295651 0.448663
vt 0.314344 0.437566
vt 0.284976 0.248539
vt 0.504673 0.540934
vt 0.770890 0.028157
vt 0.779123 0.031213
vt 0.808616 0.063288
vt 0.812330 0.045470
vt 0.804812 0.065762
vt 0.317916 0.633956
vt 0.325731 0.633956
vt 0.323790 0.648866
vt 0.634742 0.523865
vt 0.640981 0.516218
vt 0.634596 0.538591
vt 0.332729 0.580454
vt 0.317916 0.580592
vt 0.330137 0.288885
vt 0.678598 0.573897
vt 0.678598 0.600580
vt 0.671388 0.576120
vt 0.618979 0.533802
vt 0.649324 0.533187
vt 0.610541 0.522044
vt 0.345320 0.557639
vt 0.823236 0.496431
vt 0.673809 0.204860
vt 0.810852 0.024867
vt 0.308044 0.358802
vt 0.316687 0.380601
vt 0.288951 0.493516
vt 0.324227 0.429902
vt 0.318963 0.423922
vt 0.261649 0.232515
vt 0.544484 0.551962
vt 0.696763 0.244042
vt 0.707586 0.228665
vt 0.704620 0.248259
vt 0.603908 0.498121
vt 0.820708 0.027732
vt 0.301600 0.053313
vt 0.532780 0.542256
vt 0.538036 0.530757
vt 0.288391 0.674563
vt 0.238475 0.009992
vt 0.243678 0.012952
vt 0.671388 0.625186
vt 0.677865 0.628147
vt 0.671388 0.646520
vt 0.551100 0.593863
vt 0.551465 0.596643
vt 0.249059 0.022366
vt 0.779695 0.015935
vt 0.138400 0.676769
vt 0.133281 0.689301
vt 0.127663 0.676769
vt 0.535746 0.523358
vt 0.791010 0.016932
vt 0.318844 0.215010
vt 0.345957 0.580592
vt 0.808036 0.030615
vt 0.188366 0.549610
vt 0.189723 0.557289
vt 0.171078 0.559878
vt 0.201591 0.588907
vt 0.203872 0.572198
vt 0.205571 0.583899
vt 0.303626 0.495510
vt 0.170890 0.553256
vt 0.189494 0.544909
vt 0.200583 0.678088
vt 0.208457 0.679192
vt 0.199315 0.690906
vt 0.204134 0.544271
vt 0.081111 0.663779
vt 0.078643 0.673715
vt 0.078643 0.662915
vt 0.737278 0.454503
vt 0.737427 0.440003
vt 0.186347 0.578270
vt 0.197870 0.590445
vt 0.316824 0.217597
vt 0.307201 0.221079
vt 0.635249 0.507458
vt 0.617619 0.525399
vt 0.496234 0.645771
vt 0.496936 0.642238
vt 0.279515 0.449181
vt 0.196155 0.550178
vt 0.192380 0.558410
vt 0.203119 0.552684
vt 0.313734 0.447202
vt 0.317568 0.453703
vt 0.205784 0.559474
vt 0.321118 0.439151
vt 0.721061 0.418249
vt 0.298051 0.259131
vt 0.312735 0.258256
vt 0.317349 0.269347
vt 0.602833 0.566994
vt 0.689691 0.213462
vt 0.684661 0.217370
vt 0.683891 0.210295
vt 0.354678 0.564382
vt 0.718546 0.202879
vt 0.337215 0.272801
vt 0.313222 0.677387
vt 0.318408 0.687816
vt 0.313222 0.696194
vt 0.345183 0.548320
vt 0.336148 0.268650
vt 0.327567 0.264873
vt 0.337123 0.258510
vt 0.686549 0.233884
vt 0.716116 0.238631
vt 0.306698 0.240358
vt 0.319722 0.244741
vt 0.307362 0.226521
vt 0.312846 0.231329
vt 0.503018 0.703745
vt 0.500438 0.677859
vt 0.370078 0.691347
vt 0.370296 0.683108
vt 0.373209 0.692972
vt 0.199778 0.637584
vt 0.600826 0.679518
vt 0.372580 0.592781
vt 0.049460 0.106839
vt 0.372574 0.633553
vt 0.372526 0.650695
vt 0.319079 0.677387
vt 0.371240 0.659207
vt 0.050821 0.549653
vt 0.037193 0.570706
vt 0.044271 0.543773
vt 0.089994 0.190979
vt 0.081818 0.204603
vt 0.089282 0.187677
vt 0.117992 0.692706
vt 0.838941 0.643535
vt 0.284842 0.622065
vt 0.288212 0.621162
vt 0.170849 0.679056
vt 0.169424 0.681425
vt 0.168291 0.679513
vt 0.712868 0.511219
vt 0.549528 0.628389
vt 0.551060 0.631925
vt 0.497484 0.638505
vt 0.689636 0.521532
vt 0.834405 0.698410
vt 0.542673 0.671402
vt 0.544279 0.679801
vt 0.082752 0.199815
vt 0.527545 0.713993
vt 0.051588 0.444503
vt 0.275628 0.578073
vt 0.265154 0.583018
vt 0.272134 0.573809
vt 0.240111 0.587531
vt 0.218737 0.587546
vt 0.219420 0.592044
vt 0.812693 0.924917
vt 0.048176 0.416459
vt 0.252099 0.614964
vt 0.262846 0.605880
vt 0.256634 0.619994
vt 0.151493 0.585461
vt 0.137160 0.584568
vt 0.143425 0.581977
vt 0.127663 0.591130
vt 0.102996 0.680536
vt 0.107305 0.692516
vt 0.261514 0.689715
vt 0.258227 0.696852
vt 0.108799 0.682640
vt 0.665159 0.685583
vt 0.355402 0.690196
vt 0.243057 0.641911
vt 0.241828 0.632914
vt 0.243057 0.613633
vt 0.323969 0.687041
vt 0.326075 0.683488
vt 0.323390 0.693660
vt 0.252250 0.633998
vt 0.255687 0.652852
vt 0.252967 0.657450
vt 0.264437 0.617438
vt 0.323390 0.677387
vt 0.150638 0.629156
vt 0.159721 0.587644
vt 0.163418 0.695335
vt 0.275443 0.562528
vt 0.162924 0.674368
vt 0.167855 0.682665
vt 0.160500 0.681756
vt 0.818909 0.891494
vt 0.820821 0.909247
vt 0.815564 0.906409
vt 0.244121 0.591396
vt 0.233523 0.558657
vt 0.231193 0.561611
vt 0.212853 0.545122
vt 0.237837 0.556011
vt 0.141353 0.556682
vt 0.264806 0.594903
vt 0.080333 0.111130
vt 0.080081 0.109423
vt 0.597966 0.680917
vt 0.600597 0.690228
vt 0.597966 0.691461
vt 0.224268 0.679986
vt 0.168878 0.675480
vt 0.170849 0.675362
vt 0.249286 0.682124
vt 0.247589 0.686910
vt 0.247589 0.681789
vt 0.368460 0.692972
vt 0.818482 0.912697
vt 0.815681 0.925675
vt 0.139330 0.572347
vt 0.246915 0.588419
vt 0.052766 0.436591
vt 0.227487 0.573624
vt 0.233882 0.580928
vt 0.225326 0.580453
vt 0.810501 0.939020
vt 0.805079 0.934673
vt 0.809202 0.930504
vt 0.256309 0.582788
vt 0.262384 0.573903
vt 0.826037 0.903156
vt 0.241929 0.662199
vt 0.234524 0.657917
vt 0.240399 0.613176
vt 0.816631 0.938375
vt 0.296009 0.686758
vt 0.294784 0.681248
vt 0.302604 0.682319
vt 0.253346 0.568946
vt 0.253508 0.587905
vt 0.154532 0.665914
vt 0.162416 0.660211
vt 0.155445 0.671576
vt 0.048218 0.434087
vt 0.157988 0.657168
vt 0.090186 0.097663
vt 0.077134 0.229197
vt 0.836906 0.688035
vt 0.842409 0.690891
vt 0.291428 0.543773
vt 0.641912 0.667858
vt 0.809474 0.678163
vt 0.294784 0.568559
vt 0.583109 0.688950
vt 0.583109 0.661645
vt 0.046136 0.221490
vt 0.169923 0.673433
vt 0.092913 0.102360
vt 0.241489 0.686105
vt 0.242784 0.685978
vt 0.242337 0.688364
vt 0.498552 0.539995
vt 0.312189 0.206040
vt 0.315819 0.210509
vt 0.273546 0.689932
vt 0.599076 0.680473
vt 0.616257 0.629372
vt 0.617418 0.614513
vt 0.634306 0.685922
vt 0.627903 0.661244
vt 0.639797 0.656602
vt 0.651793 0.566560
vt 0.375864 0.684640
vt 0.374606 0.685135
vt 0.373775 0.683999
vt 0.309253 0.185452
vt 0.669388 0.542755
vt 0.319699 0.227797
vt 0.680487 0.134525
vt 0.685495 0.197312
vt 0.363083 0.168862
vt 0.657407 0.564558
vt 0.269348 0.685767
vt 0.666855 0.629263
vt 0.664645 0.532107
vt 0.657415 0.538952
vt 0.652854 0.539330
vt 0.655567 0.522069
vt 0.695682 0.179391
vt 0.338248 0.543773
vt 0.281758 0.493471
vt 0.549459 0.576382
vt 0.549885 0.579712
vt 0.550983 0.572942
vt 0.497392 0.568026
vt 0.496834 0.564400
vt 0.545994 0.506530
vt 0.519950 0.577537
vt 0.542213 0.537619
vt 0.544105 0.541629
vt 0.195011 0.598464
vt 0.304716 0.577276
vt 0.183258 0.567334
vt 0.730626 0.443695
vt 0.112949 0.589347
vt 0.370369 0.445543
vt 0.372886 0.434231
vt 0.333540 0.648850
vt 0.333775 0.640425
vt 0.338448 0.642466
vt 0.119405 0.585482
vt 0.119398 0.572811
vt 0.126513 0.589283
vt 0.335794 0.656798
vt 0.340330 0.660459
vt 0.336573 0.675295
vt 0.301821 0.586726
vt 0.375637 0.555266
vt 0.375914 0.558720
vt 0.375637 0.565466
vt 0.680284 0.573897
vt 0.109326 0.627728
vt 0.081141 0.681384
vt 0.078643 0.679043
vt 0.081141 0.673715
vt 0.109648 0.684550
vt 0.112872 0.680536
vt 0.112872 0.692320
vt 0.636823 0.690109
vt 0.321331 0.447308
vt 0.154532 0.683152
vt 0.154532 0.693777
vt 0.664945 0.686769
vt 0.305586 0.605589
vt 0.127663 0.608840
vt 0.170140 0.682983
vt 0.637208 0.685922
vt 0.671388 0.554931
vt 0.328684 0.443025
vt 0.294784 0.557710
vt 0.296110 0.572048
vt 0.114785 0.574463
vt 0.210383 0.663635
vt 0.211065 0.670706
vt 0.199315 0.661343
vt 0.644357 0.652991
vt 0.648626 0.660128
vt 0.641912 0.663391
vt 0.327870 0.633956
vt 0.328325 0.647547
vt 0.317916 0.556070
vt 0.312423 0.548041
vt 0.317862 0.543772
vt 0.212853 0.543773
vt 0.317847 0.502903
vt 0.340330 0.641444
vt 0.107100 0.585444
vt 0.109296 0.560160
vt 0.146364 0.676769
vt 0.147407 0.678908
vt 0.146364 0.679890
vt 0.679739 0.540791
vt 0.679063 0.543115
vt 0.679063 0.539836
vt 0.167855 0.647215
vt 0.318268 0.123802
vt 0.326339 0.117646
vt 0.222474 0.679986
vt 0.224268 0.686250
vt 0.222474 0.687680
vt 0.597471 0.670432
vt 0.597471 0.661645
vt 0.598064 0.665372
vt 0.249286 0.654376
vt 0.642713 0.608177
vt 0.680376 0.692462
vt 0.678856 0.689264
vt 0.680376 0.681091
vt 0.186109 0.608799
vt 0.720083 0.449697
vt 0.716636 0.436511
vt 0.722930 0.448918
vt 0.298416 0.554337
vt 0.298538 0.546573
vt 0.180282 0.576312
vt 0.187855 0.569503
vt 0.719078 0.431174
vt 0.713784 0.432487
vt 0.328698 0.674314
vt 0.191712 0.590416
vt 0.327453 0.687695
vt 0.321465 0.451680
vt 0.722736 0.455242
vt 0.623825 0.667421
vt 0.627479 0.665610
vt 0.627479 0.679462
vt 0.182563 0.593382
vt 0.315534 0.589228
vt 0.212838 0.676784
vt 0.211065 0.675755
vt 0.212838 0.661343
vt 0.323321 0.452739
vt 0.717239 0.398857
vt 0.676122 0.681091
vt 0.676122 0.693376
vt 0.670925 0.684434
vt 0.650156 0.644174
vt 0.641912 0.639212
vt 0.645404 0.635216
vt 0.614267 0.631338
vt 0.671388 0.552395
vt 0.671388 0.533167
vt 0.659591 0.507458
vt 0.619997 0.608520
vt 0.269348 0.692649
vt 0.370431 0.683108
vt 0.626267 0.625428
vt 0.067435 0.688217
vt 0.065898 0.690926
vt 0.065898 0.686861
vt 0.600597 0.580609
vt 0.490690 0.504806
vt 0.491165 0.502458
vt 0.494204 0.506260
vt 0.512345 0.631433
vt 0.199315 0.631684
vt 0.362659 0.681225
vt 0.364273 0.684415
vt 0.167911 0.676139
vt 0.059507 0.120162
vt 0.070620 0.657259
vt 0.062049 0.123476
vt 0.841267 0.592858
vt 0.293801 0.585239
vt 0.035539 0.546387
vt 0.832222 0.649010
vt 0.287481 0.610909
vt 0.037717 0.195952
vt 0.282339 0.616997
vt 0.843853 0.682376
vt 0.367939 0.687144
vt 0.045768 0.620817
vt 0.243057 0.624070
vt 0.245756 0.630026
vt 0.247825 0.628771
vt 0.243617 0.613633
vt 0.571427 0.623504
vt 0.574759 0.622325
vt 0.579132 0.627857
vt 0.579205 0.635314
vt 0.572941 0.616336
vt 0.562323 0.609671
vt 0.578865 0.621463
vt 0.561219 0.595281
vt 0.559129 0.597431
vt 0.563853 0.598979
vt 0.570650 0.588675
vt 0.497921 0.507458
vt 0.509748 0.507385
vt 0.483794 0.495143
vt 0.487433 0.497501
vt 0.494772 0.498750
vt 0.498415 0.497766
vt 0.556554 0.604867
vt 0.587620 0.649553
vt 0.591847 0.652921
vt 0.592452 0.656700
vt 0.582948 0.652162
vt 0.265473 0.691010
vt 0.261514 0.694812
vt 0.261514 0.689880
vt 0.263695 0.685767
vt 0.595015 0.653335
vt 0.600597 0.660393
vt 0.018185 0.639332
vt 0.018444 0.647322
vt 0.014669 0.646017
vt 0.012695 0.640851
vt 0.012102 0.649825
vt 0.017250 0.654665
vt 0.594034 0.661131
vt 0.590686 0.661645
vt 0.370813 0.560736
vt 0.365581 0.557984
vt 0.366072 0.551775
vt 0.368444 0.550896
vt 0.359876 0.555983
vt 0.363744 0.547245
vt 0.355691 0.568892
vt 0.018117 0.617914
vt 0.014813 0.619625
vt 0.011797 0.616660
vt 0.015592 0.612688
vt 0.014881 0.623527
vt 0.020768 0.625033
vt 0.007686 0.622382
vt 0.002718 0.627632
vt 0.001705 0.624948
vt 0.003057 0.618424
vt 0.514119 0.622193
vt 0.006675 0.633144
vt 0.003565 0.632621
vt 0.163669 0.012770
vt 0.168775 0.010473
vt 0.549093 0.670932
vt 0.547275 0.680752
vt 0.354678 0.544678
vt 0.361326 0.543773
vt 0.019672 0.632688
vt 0.016124 0.628555
vt 0.013438 0.631116
vt 0.145156 0.022791
vt 0.149090 0.018678
vt 0.006291 0.612024
vt 0.003828 0.612918
vt 0.002397 0.609224
vt 0.010731 0.608359
vt 0.009367 0.612205
vt 0.573427 0.633224
vt 0.569596 0.625796
vt 0.552310 0.639476
vt 0.553253 0.643987
vt 0.552215 0.651580
vt 0.565350 0.621459
vt 0.000844 0.606354
vt 0.552833 0.612022
vt 0.580847 0.643797
vt 0.584660 0.645441
vt 0.020643 0.614610
vt 0.022805 0.616154
vt 0.020158 0.610401
vt 0.575029 0.641469
vt 0.576495 0.640172
vt 0.551155 0.658661
vt 0.548849 0.659907
vt 0.567461 0.601767
vt 0.569197 0.607283
vt 0.569296 0.599067
vt 0.572895 0.606620
vt 0.010799 0.634819
vt 0.009880 0.654515
vt 0.012265 0.659495
vt 0.545995 0.659636
vt 0.012421 0.605500
vt 0.015913 0.606814
vt 0.573058 0.612136
vt 0.020925 0.648628
vt 0.021221 0.653647
vt 0.576478 0.613602
vt 0.679284 0.518844
vt 0.555799 0.615180
vt 0.553839 0.615885
vt 0.513978 0.620010
vt 0.514365 0.620025
vt 0.679310 0.509727
vt 0.013416 0.667944
vt 0.015021 0.663557
vt 0.018765 0.662235
vt 0.544590 0.690093
vt 0.540019 0.698484
vt 0.538162 0.696364
vt 0.711719 0.502271
vt 0.714524 0.505646
vt 0.551076 0.637022
vt 0.012389 0.671499
vt 0.085755 0.680894
vt 0.087716 0.680536
vt 0.009227 0.672261
vt 0.163295 0.647215
vt 0.166403 0.647804
vt 0.167855 0.660727
vt 0.222784 0.592915
vt 0.257704 0.594361
vt 0.121816 0.696763
vt 0.117992 0.689260
vt 0.121816 0.684626
vt 0.236719 0.620900
vt 0.237689 0.626008
vt 0.230906 0.622950
vt 0.252627 0.607440
vt 0.169749 0.593013
vt 0.241667 0.667900
vt 0.241966 0.673759
vt 0.022591 0.364096
vt 0.597441 0.675594
vt 0.597441 0.670432
vt 0.598064 0.674318
vt 0.221970 0.683159
vt 0.001193 0.391342
vt 0.214962 0.670924
vt 0.014227 0.367563
vt 0.016176 0.365639
vt 0.325633 0.677051
vt 0.322661 0.677051
vt 0.324359 0.673534
vt 0.664945 0.681091
vt 0.375902 0.543773
vt 0.375902 0.555266
vt 0.375637 0.550534
vt 0.180276 0.699798
vt 0.171851 0.688911
vt 0.179292 0.686426
vt 0.234383 0.573096
vt 0.228540 0.563139
vt 0.252310 0.549353
vt 0.252529 0.543772
vt 0.228591 0.684527
vt 0.230089 0.682687
vt 0.069625 0.097582
vt 0.609987 0.679094
vt 0.092466 0.099404
vt 0.241160 0.682275
vt 0.242784 0.682484
vt 0.056764 0.094686
vt 0.374813 0.624923
vt 0.372222 0.630068
vt 0.319891 0.695630
vt 0.368362 0.676362
vt 0.013873 0.677459
vt 0.008863 0.678159
vt 0.008018 0.674090
vt 0.007776 0.678183
vt 0.007038 0.673082
vt 0.234392 0.613633
vt 0.240624 0.580053
vt 0.243666 0.583263
vt 0.042046 0.436397
vt 0.375756 0.664980
vt 0.374166 0.672394
vt 0.374166 0.659207
vt 0.170890 0.673609
vt 0.180276 0.672871
vt 0.267310 0.552358
vt 0.271933 0.551004
vt 0.303245 0.677387
vt 0.303245 0.691429
vt 0.007970 0.448934
vt 0.003603 0.429523
vt 0.000171 0.409687
vt 0.828480 0.653390
vt 0.609368 0.694477
vt 0.058042 0.249357
vt 0.842235 0.703405
vt 0.368339 0.683691
vt 0.240600 0.683617
vt 0.602425 0.685256
vt 0.203616 0.658993
vt 0.496760 0.622241
vt 0.491184 0.499701
vt 0.491164 0.486747
vt 0.318646 0.559980
vt 0.332622 0.546351
vt 0.496123 0.560994
vt 0.498865 0.553845
vt 0.575518 0.502570
vt 0.572089 0.504207
vt 0.513152 0.591733
vt 0.513116 0.592166
vt 0.513097 0.575253
vt 0.655390 0.560158
vt 0.062777 0.686861
vt 0.063899 0.690112
vt 0.061732 0.690112
vt 0.676122 0.689451
vt 0.643750 0.597287
vt 0.641912 0.652105
vt 0.678906 0.573897
vt 0.632800 0.601256
vt 0.645341 0.632959
vt 0.680506 0.122797
vt 0.643154 0.604184
vt 0.640711 0.608717
vt 0.362092 0.221212
vt 0.248848 0.018933
vt 0.248801 0.015859
vt 0.253866 0.016083
vt 0.139356 0.692648
vt 0.338766 0.112339
vt 0.640278 0.592784
vt 0.014541 0.711126
vt 0.011895 0.717442
vt 0.009258 0.712671
vt 0.009029 0.707474
vt 0.804532 0.030952
vt 0.806084 0.024740
vt 0.081806 0.678609
vt 0.084214 0.679197
vt 0.085755 0.686401
vt 0.081161 0.689604
vt 0.084982 0.672717
vt 0.081161 0.662915
vt 0.579132 0.541462
vt 0.574759 0.546934
vt 0.571427 0.545705
vt 0.579205 0.533951
vt 0.578865 0.547916
vt 0.572941 0.552936
vt 0.562323 0.559495
vt 0.559129 0.571741
vt 0.561219 0.573948
vt 0.563853 0.570285
vt 0.570650 0.580684
vt 0.554911 0.577422
vt 0.568443 0.505599
vt 0.550070 0.582916
vt 0.552291 0.584576
vt 0.550433 0.588426
vt 0.556583 0.506150
vt 0.494768 0.590379
vt 0.492683 0.589755
vt 0.581827 0.492560
vt 0.551410 0.598682
vt 0.556548 0.599810
vt 0.592452 0.512562
vt 0.591847 0.516395
vt 0.587620 0.519724
vt 0.582948 0.516951
vt 0.595015 0.516079
vt 0.600597 0.509017
vt 0.187239 0.678392
vt 0.187046 0.672871
vt 0.190832 0.675852
vt 0.192704 0.680413
vt 0.027230 0.712251
vt 0.021546 0.712203
vt 0.022207 0.706778
vt 0.025555 0.704646
vt 0.018812 0.703920
vt 0.022639 0.698107
vt 0.590686 0.507458
vt 0.594034 0.508073
vt 0.803141 0.017371
vt 0.796978 0.016648
vt 0.798803 0.010523
vt 0.802682 0.007265
vt 0.796850 0.008521
vt 0.802309 0.031399
vt 0.181073 0.679737
vt 0.180276 0.676183
vt 0.183011 0.673751
vt 0.021174 0.731114
vt 0.027870 0.728240
vt 0.028727 0.731796
vt 0.026504 0.735220
vt 0.032338 0.732550
vt 0.033235 0.725531
vt 0.267770 0.022357
vt 0.263803 0.019221
vt 0.017596 0.735625
vt 0.015158 0.731171
vt 0.015060 0.727118
vt 0.272471 0.023783
vt 0.014692 0.722316
vt 0.017597 0.721191
vt 0.259054 0.016289
vt 0.226826 0.004647
vt 0.548916 0.535847
vt 0.543377 0.532402
vt 0.544079 0.527406
vt 0.547073 0.526709
vt 0.813013 0.002297
vt 0.808098 0.008344
vt 0.806219 0.004926
vt 0.808086 -0.000000
vt 0.027852 0.723103
vt 0.030298 0.718346
vt 0.024627 0.721318
vt 0.277546 0.026953
vt 0.280873 0.031533
vt 0.022273 0.740857
vt 0.019660 0.740543
vt 0.184109 0.691304
vt 0.180276 0.687963
vt 0.181074 0.685512
vt 0.189074 0.689645
vt 0.183200 0.683201
vt 0.188238 0.684013
vt 0.025202 0.739859
vt 0.008927 0.702180
vt 0.002820 0.686790
vt 0.009135 0.690299
vt 0.011783 0.701302
vt 0.569596 0.543360
vt 0.573427 0.535924
vt 0.565350 0.547650
vt 0.568658 0.538725
vt 0.283465 0.035410
vt 0.277596 0.687440
vt 0.275628 0.685270
vt 0.517621 0.574450
vt 0.552807 0.592472
vt 0.584660 0.523822
vt 0.580847 0.525394
vt 0.671388 0.651862
vt 0.671388 0.646520
vt 0.675173 0.648337
vt 0.676590 0.652041
vt 0.584700 0.526859
vt 0.576495 0.528963
vt 0.575029 0.527597
vt 0.548700 0.546141
vt 0.551009 0.547556
vt 0.552088 0.554371
vt 0.569197 0.562013
vt 0.567461 0.567541
vt 0.572895 0.562804
vt 0.569296 0.570323
vt 0.021179 0.718494
vt 0.016643 0.694785
vt 0.015534 0.700099
vt 0.679684 0.651851
vt 0.545846 0.546285
vt 0.192358 0.684053
vt 0.281802 0.676623
vt 0.281661 0.672947
vt 0.278856 0.677538
vt 0.573058 0.557171
vt 0.576478 0.555784
vt 0.553803 0.588681
vt 0.555765 0.589514
vt 0.678095 0.625186
vt 0.513403 0.591308
vt 0.513934 0.585763
vt 0.022301 0.690734
vt 0.018340 0.690309
vt 0.015736 0.686645
vt 0.809425 0.016191
vt 0.808741 0.021167
vt 0.550985 0.567994
vt 0.552213 0.565736
vt 0.013885 0.683562
vt 0.010643 0.683676
vt 0.087716 0.692703
vt 0.085755 0.692408
vt 0.179213 0.580682
vt 0.110831 0.637261
vt 0.113009 0.646328
vt 0.181062 0.563689
vt 0.095000 0.569801
vt 0.228591 0.682428
vt 0.224268 0.683511
vt 0.224268 0.670924
vt 0.652199 0.647812
vt 0.212710 0.684900
vt 0.211065 0.678298
vt 0.212710 0.676784
vt 0.327165 0.669551
vt 0.317916 0.606288
vt 0.108456 0.628918
vt 0.637208 0.691471
vt 0.316974 0.649199
vt 0.679649 0.562247
vt 0.117753 0.644172
vt 0.374673 0.420724
vt 0.715513 0.414134
vt 0.173751 0.586075
vt 0.181632 0.613993
vt 0.610992 0.632284
vt 0.375328 0.688619
vt 0.373775 0.689162
vt 0.368460 0.682490
vt 0.059984 0.691017
vt 0.059984 0.686861
vt 0.061732 0.689746
vt 0.081159 0.685596
vt 0.078643 0.685419
vt 0.079199 0.683423
vt 0.081159 0.681384
vt 0.368294 0.653326
vt 0.367218 0.666073
vt 0.367218 0.646935
vt 0.599550 0.661645
vt 0.211065 0.684900
vt 0.212729 0.685977
vt 0.211065 0.689520
vt 0.652422 0.602084
vt 0.336041 0.112719
vt 0.247463 0.669704
vt 0.009030 0.682249
vt 0.008313 0.683363
vt 0.728971 0.452789
vt 0.328867 0.455958
vt 0.326145 0.656200
vt 0.227596 0.698274
vt 0.375864 0.672394
vt 0.375864 0.683999
vt 0.374166 0.678407
vt 0.725087 0.462883
vt 0.728762 0.458866
vt 0.709213 0.427749
vt 0.718749 0.463319
vt 0.810378 0.011243
vt 0.170890 0.573572
vt 0.313222 0.677387
vt 0.309753 0.688499
vt 0.303245 0.677387
vt 0.087052 0.578428
vt 0.117393 0.554825
vt 0.322023 0.113092
vt 0.538565 0.521473
vt 0.541462 0.524270
vt 0.813652 0.009547
vt 0.320753 0.212856
vt 0.313620 0.233183
vt 0.629615 0.624732
vt 0.667562 0.523971
vt 0.078886 0.687604
vt 0.551878 0.498320
s 0
f 1/1/1 16/2/1 15/3/1
f 2/4/2 18/5/2 24/6/2
f 1/1/3 15/3/3 30/7/3
f 1/1/4 30/7/4 36/8/4
f 1/1/5 36/8/5 25/9/5
f 2/4/6 24/6/6 45/10/6
f 3/11/7 21/12/7 51/13/7
f 4/14/8 33/15/8 57/16/8
f 5/17/9 39/18/9 63/19/9
f 6/20/10 42/21/10 69/22/10
f 2/4/11 45/10/11 52/23/11
f 3/11/12 51/13/12 58/24/12
f 4/14/13 57/16/13 64/25/13
f 5/17/14 63/19/14 70/26/14
f 6/27/15 69/28/15 46/29/15
f 7/30/16 75/31/16 90/32/16
f 8/33/17 78/34/17 96/35/17
f 9/36/18 81/37/18 99/38/18
f 10/39/19 84/40/19 102/41/19
f 11/42/20 87/43/20 91/44/20
f 93/45/21 100/46/21 12/47/21
f 92/48/22 103/49/22 93/45/22
f 91/50/23 104/51/23 92/48/23
f 93/45/24 103/49/24 100/46/24
f 103/49/25 101/52/25 100/46/25
f 92/48/26 104/51/26 103/49/26
f 104/51/27 105/53/27 103/49/27
f 103/49/28 105/53/28 101/52/28
f 105/53/29 102/54/29 101/52/29
f 91/44/30 87/43/30 104/55/30
f 87/43/31 86/56/31 104/55/31
f 104/55/32 86/56/32 105/57/32
f 86/58/33 85/59/33 105/60/33
f 105/60/34 85/59/34 102/41/34
f 85/59/35 10/39/35 102/41/35
f 100/46/36 97/61/36 12/47/36
f 101/52/37 106/62/37 100/46/37
f 102/41/38 107/63/38 101/64/38
f 100/46/39 106/62/39 97/61/39
f 106/62/40 98/65/40 97/61/40
f 101/52/41 107/66/41 106/62/41
f 107/66/42 108/67/42 106/62/42
f 106/62/43 108/67/43 98/65/43
f 108/67/44 99/68/44 98/65/44
f 102/41/45 84/40/45 107/63/45
f 84/40/46 83/69/46 107/63/46
f 107/63/47 83/69/47 108/70/47
f 83/69/48 82/71/48 108/70/48
f 108/70/49 82/71/49 99/72/49
f 82/71/50 9/73/50 99/72/50
f 97/61/51 94/74/51 12/47/51
f 98/65/52 109/75/52 97/61/52
f 99/68/53 110/76/53 98/65/53
f 97/61/54 109/75/54 94/74/54
f 109/75/55 95/77/55 94/74/55
f 98/65/56 110/76/56 109/75/56
f 110/76/57 111/78/57 109/75/57
f 109/75/58 111/78/58 95/77/58
f 111/78/59 96/79/59 95/77/59
f 99/38/60 81/37/60 110/80/60
f 81/37/61 80/81/61 110/80/61
f 110/80/62 80/81/62 111/82/62
f 80/81/63 79/83/63 111/82/63
f 111/82/64 79/83/64 96/35/64
f 79/83/65 8/33/65 96/35/65
f 94/74/66 88/84/66 12/47/66
f 95/77/67 112/85/67 94/74/67
f 96/79/68 113/86/68 95/77/68
f 94/74/69 112/85/69 88/84/69
f 112/85/70 89/87/70 88/84/70
f 95/77/71 113/86/71 112/85/71
f 113/86/72 114/88/72 112/85/72
f 112/85/73 114/88/73 89/87/73
f 114/88/74 90/89/74 89/87/74
f 96/79/75 78/90/75 113/86/75
f 78/91/76 77/92/76 113/93/76
f 113/93/77 77/92/77 114/94/77
f 77/92/78 76/95/78 114/94/78
f 114/94/79 76/95/79 90/32/79
f 76/95/80 7/30/80 90/32/80
f 88/84/81 93/45/81 12/47/81
f 89/87/82 115/96/82 88/84/82
f 90/89/83 116/97/83 89/87/83
f 88/84/84 115/96/84 93/45/84
f 115/96/85 92/48/85 93/45/85
f 89/87/86 116/97/86 115/96/86
f 116/97/87 117/98/87 115/96/87
f 115/96/88 117/98/88 92/48/88
f 117/98/89 91/50/89 92/48/89
f 90/32/90 75/31/90 116/99/90
f 75/31/91 74/100/91 116/99/91
f 116/97/92 74/101/92 117/98/92
f 74/102/93 73/103/93 117/104/93
f 117/104/94 73/103/94 91/44/94
f 73/103/95 11/42/95 91/44/95
f 48/105/96 87/43/96 11/42/96
f 47/106/97 118/107/97 48/105/97
f 46/29/98 119/108/98 47/106/98
f 48/105/99 118/107/99 87/43/99
f 118/107/100 86/56/100 87/43/100
f 47/106/101 119/108/101 118/107/101
f 119/108/102 120/109/102 118/107/102
f 118/107/103 120/109/103 86/56/103
f 120/110/104 85/59/104 86/58/104
f 46/29/105 69/28/105 119/108/105
f 69/28/106 68/111/106 119/108/106
f 119/108/107 68/111/107 120/109/107
f 68/112/108 67/113/108 120/110/108
f 120/110/109 67/113/109 85/59/109
f 67/113/110 10/39/110 85/59/110
f 72/114/111 84/40/111 10/39/111
f 71/115/112 121/116/112 72/114/112
f 70/26/113 122/117/113 71/115/113
f 72/114/114 121/116/114 84/40/114
f 121/116/115 83/69/115 84/40/115
f 71/115/116 122/117/116 121/116/116
f 122/117/117 123/118/117 121/116/117
f 121/116/118 123/118/118 83/69/118
f 123/118/119 82/71/119 83/69/119
f 70/26/120 63/19/120 122/117/120
f 63/19/121 62/119/121 122/117/121
f 122/117/122 62/119/122 123/118/122
f 62/119/123 61/120/123 123/118/123
f 123/118/124 61/120/124 82/71/124
f 61/120/125 9/73/125 82/71/125
f 66/121/126 81/37/126 9/36/126
f 65/122/127 124/123/127 66/121/127
f 64/25/128 125/124/128 65/122/128
f 66/121/129 124/123/129 81/37/129
f 124/123/130 80/81/130 81/37/130
f 65/122/131 125/124/131 124/123/131
f 125/124/132 126/125/132 124/123/132
f 124/123/133 126/125/133 80/81/133
f 126/125/134 79/83/134 80/81/134
f 64/25/135 57/16/135 125/124/135
f 57/16/136 56/126/136 125/124/136
f 125/124/137 56/126/137 126/125/137
f 56/126/138 55/127/138 126/125/138
f 126/125/139 55/127/139 79/83/139
f 55/127/140 8/33/140 79/83/140
f 60/128/141 78/34/141 8/33/141
f 59/129/142 127/130/142 60/131/142
f 58/24/143 128/132/143 59/129/143
f 60/131/144 127/130/144 78/91/144
f 127/130/145 77/92/145 78/91/145
f 59/129/146 128/132/146 127/130/146
f 128/132/147 129/133/147 127/130/147
f 127/130/148 129/133/148 77/92/148
f 129/133/149 76/95/149 77/92/149
f 58/24/150 51/13/150 128/132/150
f 51/13/151 50/134/151 128/132/151
f 128/132/152 50/134/152 129/133/152
f 50/134/153 49/135/153 129/133/153
f 129/133/154 49/135/154 76/95/154
f 49/135/155 7/30/155 76/95/155
f 54/136/156 75/31/156 7/30/156
f 53/137/157 130/138/157 54/136/157
f 52/23/158 131/139/158 53/140/158
f 54/136/159 130/138/159 75/31/159
f 130/138/160 74/100/160 75/31/160
f 53/137/161 131/141/161 130/138/161
f 131/139/162 132/142/162 130/143/162
f 130/143/163 132/142/163 74/102/163
f 132/142/164 73/103/164 74/102/164
f 52/23/165 45/10/165 131/139/165
f 45/10/166 44/144/166 131/139/166
f 131/139/167 44/144/167 132/142/167
f 44/144/168 43/145/168 132/142/168
f 132/142/169 43/145/169 73/103/169
f 43/145/170 11/42/170 73/103/170
f 67/113/171 72/114/171 10/39/171
f 68/112/172 133/146/172 67/113/172
f 69/22/173 134/147/173 68/112/173
f 67/113/174 133/146/174 72/114/174
f 133/146/175 71/115/175 72/114/175
f 68/112/176 134/147/176 133/146/176
f 134/147/177 135/148/177 133/146/177
f 133/146/178 135/148/178 71/115/178
f 135/148/179 70/26/179 71/115/179
f 69/22/180 42/21/180 134/147/180
f 42/21/181 41/149/181 134/147/181
f 134/147/182 41/149/182 135/148/182
f 41/149/183 40/150/183 135/148/183
f 135/148/184 40/150/184 70/26/184
f 40/150/185 5/17/185 70/26/185
f 61/151/186 66/121/186 9/36/186
f 62/119/187 136/152/187 61/120/187
f 63/19/188 137/153/188 62/119/188
f 61/151/189 136/154/189 66/121/189
f 136/154/190 65/122/190 66/121/190
f 62/119/191 137/153/191 136/152/191
f 137/155/192 138/156/192 136/154/192
f 136/154/193 138/156/193 65/122/193
f 138/156/194 64/25/194 65/122/194
f 63/19/195 39/18/195 137/153/195
f 39/18/196 38/157/196 137/153/196
f 137/155/197 38/158/197 138/156/197
f 38/158/198 37/159/198 138/156/198
f 138/156/199 37/159/199 64/25/199
f 37/159/200 4/14/200 64/25/200
f 55/127/201 60/128/201 8/33/201
f 56/126/202 139/160/202 55/127/202
f 57/16/203 140/161/203 56/126/203
f 55/127/204 139/160/204 60/128/204
f 139/160/205 59/162/205 60/128/205
f 56/126/206 140/161/206 139/160/206
f 140/161/207 141/163/207 139/160/207
f 139/160/208 141/163/208 59/162/208
f 141/164/209 58/24/209 59/129/209
f 57/16/210 33/15/210 140/161/210
f 33/15/211 32/165/211 140/161/211
f 140/161/212 32/165/212 141/163/212
f 32/165/213 31/166/213 141/163/213
f 141/164/214 31/167/214 58/24/214
f 31/167/215 3/11/215 58/24/215
f 49/135/216 54/136/216 7/30/216
f 50/134/217 142/168/217 49/135/217
f 51/13/218 143/169/218 50/134/218
f 49/135/219 142/168/219 54/136/219
f 142/168/220 53/137/220 54/136/220
f 50/134/221 143/169/221 142/168/221
f 143/169/222 144/170/222 142/168/222
f 142/168/223 144/170/223 53/137/223
f 144/170/224 52/171/224 53/137/224
f 51/13/225 21/12/225 143/169/225
f 21/12/226 20/172/226 143/169/226
f 143/169/227 20/172/227 144/170/227
f 20/172/228 19/173/228 144/170/228
f 144/170/229 19/173/229 52/171/229
f 19/174/230 2/4/230 52/23/230
f 43/145/231 48/105/231 11/42/231
f 44/144/232 145/175/232 43/145/232
f 45/10/233 146/176/233 44/144/233
f 43/145/234 145/175/234 48/105/234
f 145/175/235 47/106/235 48/105/235
f 44/144/236 146/176/236 145/175/236
f 146/176/237 147/177/237 145/175/237
f 145/175/238 147/177/238 47/106/238
f 147/177/239 46/29/239 47/106/239
f 45/10/240 24/6/240 146/176/240
f 24/6/241 23/178/241 146/176/241
f 146/176/242 23/178/242 147/177/242
f 23/178/243 22/179/243 147/177/243
f 147/177/244 22/179/244 46/29/244
f 22/179/245 6/27/245 46/29/245
f 27/180/246 42/181/246 6/27/246
f 26/182/247 148/183/247 27/184/247
f 25/9/248 149/185/248 26/182/248
f 27/184/249 148/183/249 42/186/249
f 148/187/250 41/149/250 42/21/250
f 26/182/251 149/185/251 148/183/251
f 149/185/252 150/188/252 148/183/252
f 148/187/253 150/189/253 41/149/253
f 150/189/254 40/150/254 41/149/254
f 25/9/255 36/8/255 149/185/255
f 36/8/256 35/190/256 149/185/256
f 149/185/257 35/190/257 150/188/257
f 35/190/258 34/191/258 150/188/258
f 150/189/259 34/192/259 40/150/259
f 34/192/260 5/17/260 40/150/260
f 34/192/261 39/18/261 5/17/261
f 35/190/262 151/193/262 34/191/262
f 36/8/263 152/194/263 35/190/263
f 34/192/264 151/195/264 39/18/264
f 151/193/265 38/196/265 39/197/265
f 35/190/266 152/194/266 151/193/266
f 152/194/267 153/198/267 151/193/267
f 151/193/268 153/198/268 38/196/268
f 153/199/269 37/159/269 38/158/269
f 36/8/270 30/7/270 152/194/270
f 30/7/271 29/200/271 152/194/271
f 152/194/272 29/200/272 153/198/272
f 29/200/273 28/201/273 153/198/273
f 153/199/274 28/202/274 37/159/274
f 28/202/275 4/14/275 37/159/275
f 28/202/276 33/15/276 4/14/276
f 29/200/277 154/203/277 28/201/277
f 30/7/278 155/204/278 29/200/278
f 28/202/279 154/205/279 33/15/279
f 154/205/280 32/165/280 33/15/280
f 29/200/281 155/204/281 154/203/281
f 155/204/282 156/206/282 154/203/282
f 154/203/283 156/206/283 32/207/283
f 156/206/284 31/208/284 32/207/284
f 30/7/285 15/3/285 155/204/285
f 15/3/286 14/209/286 155/204/286
f 155/204/287 14/209/287 156/206/287
f 14/209/288 13/210/288 156/206/288
f 156/206/289 13/210/289 31/208/289
f 13/210/290 3/211/290 31/208/290
f 22/179/291 27/180/291 6/27/291
f 23/178/292 157/212/292 22/179/292
f 24/6/293 158/213/293 23/178/293
f 22/179/294 157/212/294 27/180/294
f 157/214/295 26/182/295 27/184/295
f 23/178/296 158/213/296 157/212/296
f 158/215/297 159/216/297 157/214/297
f 157/214/298 159/216/298 26/182/298
f 159/216/299 25/9/299 26/182/299
f 24/6/300 18/5/300 158/213/300
f 18/217/301 17/218/301 158/215/301
f 158/215/302 17/218/302 159/216/302
f 17/218/303 16/2/303 159/216/303
f 159/216/304 16/2/304 25/9/304
f 16/2/305 1/1/305 25/9/305
f 13/219/306 21/12/306 3/11/306
f 14/209/307 160/220/307 13/210/307
f 15/3/308 161/221/308 14/209/308
f 13/210/309 160/220/309 21/222/309
f 160/223/310 20/172/310 21/12/310
f 14/209/311 161/221/311 160/220/311
f 161/221/312 162/224/312 160/220/312
f 160/220/313 162/224/313 20/225/313
f 162/224/314 19/226/314 20/225/314
f 15/3/315 16/2/315 161/221/315
f 16/2/316 17/218/316 161/221/316
f 161/221/317 17/218/317 162/224/317
f 17/218/318 18/217/318 162/224/318
f 162/224/319 18/217/319 19/226/319
f 18/5/320 2/4/320 19/174/320
f 163/227/321 177/228/321 178/229/321
f 164/230/322 186/231/322 180/232/322
f 163/227/323 192/233/323 177/228/323
f 163/227/324 198/234/324 192/233/324
f 163/227/325 187/235/325 198/234/325
f 164/230/326 207/236/326 186/231/326
f 165/237/327 213/238/327 183/239/327
f 166/240/328 219/241/328 195/242/328
f 167/243/329 225/244/329 201/245/329
f 168/246/330 231/247/330 204/248/330
f 164/230/331 214/249/331 207/236/331
f 165/237/332 220/250/332 213/238/332
f 166/240/333 226/251/333 219/241/333
f 167/243/334 232/252/334 225/244/334
f 168/253/335 208/254/335 231/255/335
f 169/256/336 252/257/336 237/258/336
f 170/259/337 258/260/337 240/261/337
f 171/262/338 261/263/338 243/264/338
f 172/265/339 264/266/339 246/267/339
f 173/268/340 253/269/340 249/270/340
f 255/271/341 174/272/341 262/273/341
f 254/274/342 255/271/342 265/275/342
f 253/276/343 254/274/343 266/277/343
f 255/271/344 262/273/344 265/275/344
f 265/275/345 262/273/345 263/278/345
f 254/274/346 265/275/346 266/277/346
f 266/277/347 265/275/347 267/279/347
f 265/275/348 263/278/348 267/279/348
f 267/279/349 263/278/349 264/280/349
f 253/269/350 266/281/350 249/270/350
f 249/270/351 266/281/351 248/282/351
f 266/277/352 267/279/352 248/283/352
f 248/284/353 267/285/353 247/286/353
f 267/285/354 264/266/354 247/286/354
f 247/286/355 264/266/355 172/265/355
f 262/273/356 174/272/356 259/287/356
f 263/278/357 262/273/357 268/288/357
f 264/266/358 263/289/358 269/290/358
f 262/273/359 259/287/359 268/288/359
f 268/288/360 259/287/360 260/291/360
f 263/278/361 268/288/361 269/292/361
f 269/292/362 268/288/362 270/293/362
f 268/288/363 260/291/363 270/293/363
f 270/293/364 260/291/364 261/294/364
f 264/266/365 269/290/365 246/267/365
f 246/267/366 269/290/366 245/295/366
f 269/290/367 270/296/367 245/295/367
f 245/295/368 270/296/368 244/297/368
f 270/296/369 261/298/369 244/297/369
f 244/299/370 261/263/370 171/262/370
f 259/287/371 174/272/371 256/300/371
f 260/291/372 259/287/372 271/301/372
f 261/294/373 260/291/373 272/302/373
f 259/287/374 256/300/374 271/301/374
f 271/301/375 256/300/375 257/303/375
f 260/291/376 271/301/376 272/302/376
f 272/302/377 271/301/377 273/304/377
f 271/301/378 257/303/378 273/304/378
f 273/304/379 257/303/379 258/305/379
f 261/263/380 272/306/380 243/264/380
f 243/264/381 272/306/381 242/307/381
f 272/306/382 273/308/382 242/307/382
f 242/307/383 273/308/383 241/309/383
f 273/308/384 258/310/384 241/309/384
f 241/309/385 258/310/385 170/311/385
f 256/300/386 174/272/386 250/312/386
f 257/303/387 256/300/387 274/313/387
f 258/305/388 257/303/388 275/314/388
f 256/300/389 250/312/389 274/313/389
f 274/313/390 250/312/390 251/315/390
f 257/303/391 274/313/391 275/314/391
f 275/314/392 274/313/392 276/316/392
f 274/313/393 251/315/393 276/316/393
f 276/316/394 251/315/394 252/317/394
f 258/260/395 275/318/395 240/261/395
f 240/261/396 275/318/396 239/319/396
f 275/318/397 276/320/397 239/319/397
f 239/319/398 276/320/398 238/321/398
f 276/320/399 252/257/399 238/321/399
f 238/321/400 252/257/400 169/256/400
f 250/312/401 174/272/401 255/271/401
f 251/315/402 250/312/402 277/322/402
f 252/317/403 251/315/403 278/323/403
f 250/312/404 255/271/404 277/322/404
f 277/322/405 255/271/405 254/274/405
f 251/315/406 277/322/406 278/323/406
f 278/323/407 277/322/407 279/324/407
f 277/322/408 254/274/408 279/324/408
f 279/324/409 254/274/409 253/276/409
f 252/257/410 278/325/410 237/258/410
f 237/258/411 278/325/411 236/326/411
f 278/323/412 279/324/412 236/327/412
f 236/328/413 279/329/413 235/330/413
f 279/329/414 253/269/414 235/330/414
f 235/330/415 253/269/415 173/268/415
f 210/331/416 173/268/416 249/270/416
f 209/332/417 210/331/417 280/333/417
f 208/254/418 209/332/418 281/334/418
f 210/331/419 249/270/419 280/333/419
f 280/333/420 249/270/420 248/282/420
f 209/332/421 280/333/421 281/334/421
f 281/334/422 280/333/422 282/335/422
f 280/333/423 248/282/423 282/335/423
f 282/336/424 248/284/424 247/286/424
f 208/254/425 281/334/425 231/255/425
f 231/247/426 281/337/426 230/338/426
f 281/337/427 282/336/427 230/338/427
f 230/338/428 282/336/428 229/339/428
f 282/336/429 247/286/429 229/339/429
f 229/339/430 247/286/430 172/265/430
f 234/340/431 172/265/431 246/267/431
f 233/341/432 234/340/432 283/342/432
f 232/252/433 233/341/433 284/343/433
f 234/340/434 246/267/434 283/342/434
f 283/342/435 246/267/435 245/295/435
f 233/341/436 283/342/436 284/343/436
f 284/343/437 283/342/437 285/344/437
f 283/342/438 245/295/438 285/344/438
f 285/344/439 245/295/439 244/297/439
f 232/252/440 284/343/440 225/244/440
f 225/244/441 284/343/441 224/345/441
f 284/343/442 285/344/442 224/345/442
f 224/345/443 285/344/443 223/346/443
f 285/344/444 244/297/444 223/346/444
f 223/347/445 244/299/445 171/262/445
f 228/348/446 171/262/446 243/264/446
f 227/349/447 228/348/447 286/350/447
f 226/251/448 227/349/448 287/351/448
f 228/348/449 243/264/449 286/350/449
f 286/350/450 243/264/450 242/307/450
f 227/349/451 286/350/451 287/351/451
f 287/351/452 286/350/452 288/352/452
f 286/350/453 242/307/453 288/352/453
f 288/352/454 242/307/454 241/309/454
f 226/251/455 287/351/455 219/241/455
f 219/241/456 287/351/456 218/353/456
f 287/351/457 288/352/457 218/353/457
f 218/353/458 288/352/458 217/354/458
f 288/352/459 241/309/459 217/354/459
f 217/354/460 241/309/460 170/311/460
f 222/355/461 170/259/461 240/261/461
f 221/356/462 222/355/462 289/357/462
f 220/250/463 221/356/463 290/358/463
f 222/355/464 240/261/464 289/357/464
f 289/357/465 240/261/465 239/319/465
f 221/356/466 289/357/466 290/358/466
f 290/358/467 289/357/467 291/359/467
f 289/357/468 239/319/468 291/359/468
f 291/359/469 239/319/469 238/321/469
f 220/250/470 290/358/470 213/238/470
f 213/238/471 290/358/471 212/360/471
f 290/358/472 291/359/472 212/360/472
f 212/360/473 291/359/473 211/361/473
f 291/359/474 238/321/474 211/361/474
f 211/361/475 238/321/475 169/256/475
f 216/362/476 169/256/476 237/258/476
f 215/363/477 216/362/477 292/364/477
f 214/249/478 215/365/478 293/366/478
f 216/362/479 237/258/479 292/364/479
f 292/367/480 237/368/480 236/328/480
f 215/365/481 292/367/481 293/366/481
f 293/366/482 292/367/482 294/369/482
f 292/367/483 236/328/483 294/369/483
f 294/369/484 236/328/484 235/330/484
f 214/249/485 293/366/485 207/236/485
f 207/236/486 293/366/486 206/370/486
f 293/366/487 294/369/487 206/370/487
f 206/370/488 294/369/488 205/371/488
f 294/369/489 235/330/489 205/371/489
f 205/371/490 235/330/490 173/268/490
f 229/339/491 172/265/491 234/340/491
f 230/338/492 229/339/492 295/372/492
f 231/247/493 230/338/493 296/373/493
f 229/339/494 234/340/494 295/372/494
f 295/372/495 234/340/495 233/341/495
f 230/338/496 295/372/496 296/373/496
f 296/373/497 295/372/497 297/374/497
f 295/372/498 233/341/498 297/374/498
f 297/374/499 233/341/499 232/252/499
f 231/247/500 296/373/500 204/248/500
f 204/248/501 296/373/501 203/375/501
f 296/373/502 297/374/502 203/375/502
f 203/375/503 297/374/503 202/376/503
f 297/374/504 232/252/504 202/376/504
f 202/376/505 232/252/505 167/243/505
f 223/347/506 171/262/506 228/348/506
f 224/377/507 223/347/507 298/378/507
f 225/244/508 224/345/508 299/379/508
f 223/347/509 228/348/509 298/378/509
f 298/378/510 228/348/510 227/349/510
f 224/377/511 298/378/511 299/380/511
f 299/380/512 298/378/512 300/381/512
f 298/378/513 227/349/513 300/381/513
f 300/381/514 227/349/514 226/251/514
f 225/244/515 299/379/515 201/245/515
f 201/245/516 299/379/516 200/382/516
f 299/380/517 300/381/517 200/383/517
f 200/383/518 300/381/518 199/384/518
f 300/381/519 226/251/519 199/384/519
f 199/384/520 226/251/520 166/240/520
f 217/354/521 170/311/521 222/385/521
f 218/353/522 217/354/522 301/386/522
f 219/241/523 218/353/523 302/387/523
f 217/354/524 222/385/524 301/386/524
f 301/388/525 222/355/525 221/356/525
f 218/353/526 301/386/526 302/387/526
f 302/387/527 301/386/527 303/389/527
f 301/386/528 221/390/528 303/389/528
f 303/391/529 221/356/529 220/250/529
f 219/241/530 302/387/530 195/242/530
f 195/242/531 302/387/531 194/392/531
f 302/387/532 303/389/532 194/392/532
f 194/392/533 303/389/533 193/393/533
f 303/391/534 220/250/534 193/394/534
f 193/394/535 220/250/535 165/237/535
f 211/361/536 169/256/536 216/362/536
f 212/360/537 211/361/537 304/395/537
f 213/238/538 212/360/538 305/396/538
f 211/361/539 216/362/539 304/395/539
f 304/395/540 216/362/540 215/363/540
f 212/360/541 304/395/541 305/396/541
f 305/396/542 304/395/542 306/397/542
f 304/395/543 215/363/543 306/397/543
f 306/397/544 215/363/544 214/398/544
f 213/238/545 305/396/545 183/239/545
f 183/239/546 305/396/546 182/399/546
f 305/396/547 306/397/547 182/399/547
f 182/399/548 306/397/548 181/400/548
f 306/397/549 214/398/549 181/400/549
f 181/401/550 214/249/550 164/230/550
f 205/371/551 173/268/551 210/331/551
f 206/370/552 205/371/552 307/402/552
f 207/236/553 206/370/553 308/403/553
f 205/371/554 210/331/554 307/402/554
f 307/402/555 210/331/555 209/332/555
f 206/370/556 307/402/556 308/403/556
f 308/403/557 307/402/557 309/404/557
f 307/402/558 209/332/558 309/404/558
f 309/404/559 209/332/559 208/254/559
f 207/236/560 308/403/560 186/231/560
f 186/231/561 308/403/561 185/405/561
f 308/403/562 309/404/562 185/405/562
f 185/405/563 309/404/563 184/406/563
f 309/404/564 208/254/564 184/406/564
f 184/406/565 208/254/565 168/253/565
f 189/407/566 168/246/566 204/248/566
f 188/408/567 189/409/567 310/410/567
f 187/235/568 188/408/568 311/411/568
f 189/409/569 204/412/569 310/410/569
f 310/413/570 204/248/570 203/375/570
f 188/408/571 310/410/571 311/411/571
f 311/411/572 310/410/572 312/414/572
f 310/413/573 203/375/573 312/415/573
f 312/415/574 203/375/574 202/376/574
f 187/235/575 311/411/575 198/234/575
f 198/234/576 311/411/576 197/416/576
f 311/411/577 312/414/577 197/416/577
f 197/416/578 312/414/578 196/417/578
f 312/415/579 202/376/579 196/418/579
f 196/418/580 202/376/580 167/243/580
f 196/418/581 167/243/581 201/245/581
f 197/416/582 196/417/582 313/419/582
f 198/234/583 197/416/583 314/420/583
f 196/418/584 201/245/584 313/421/584
f 313/419/585 201/422/585 200/423/585
f 197/416/586 313/419/586 314/420/586
f 314/420/587 313/419/587 315/424/587
f 313/419/588 200/423/588 315/424/588
f 315/425/589 200/383/589 199/384/589
f 198/234/590 314/420/590 192/233/590
f 192/233/591 314/420/591 191/426/591
f 314/420/592 315/424/592 191/426/592
f 191/426/593 315/424/593 190/427/593
f 315/425/594 199/384/594 190/428/594
f 190/428/595 199/384/595 166/240/595
f 190/428/596 166/240/596 195/242/596
f 191/426/597 190/427/597 316/429/597
f 192/233/598 191/426/598 317/430/598
f 190/428/599 195/242/599 316/431/599
f 316/431/600 195/242/600 194/392/600
f 191/426/601 316/429/601 317/430/601
f 317/430/602 316/429/602 318/432/602
f 316/429/603 194/433/603 318/432/603
f 318/432/604 194/433/604 193/434/604
f 192/233/605 317/430/605 177/228/605
f 177/228/606 317/430/606 176/435/606
f 317/430/607 318/432/607 176/435/607
f 176/435/608 318/432/608 175/436/608
f 318/432/609 193/434/609 175/436/609
f 175/437/610 193/394/610 165/237/610
f 184/406/611 168/253/611 189/438/611
f 185/405/612 184/406/612 319/439/612
f 186/231/613 185/405/613 320/440/613
f 184/406/614 189/438/614 319/439/614
f 319/441/615 189/409/615 188/408/615
f 185/405/616 319/439/616 320/440/616
f 320/442/617 319/441/617 321/443/617
f 319/441/618 188/408/618 321/443/618
f 321/443/619 188/408/619 187/235/619
f 186/231/620 320/440/620 180/232/620
f 180/444/621 320/442/621 179/445/621
f 320/442/622 321/443/622 179/445/622
f 179/445/623 321/443/623 178/229/623
f 321/443/624 187/235/624 178/229/624
f 178/229/625 187/235/625 163/227/625
f 175/437/626 165/237/626 183/239/626
f 176/435/627 175/436/627 322/446/627
f 177/228/628 176/435/628 323/447/628
f 175/436/629 183/448/629 322/446/629
f 322/446/630 183/448/630 182/449/630
f 176/435/631 322/446/631 323/447/631
f 323/447/632 322/446/632 324/450/632
f 322/446/633 182/449/633 324/450/633
f 324/450/634 182/449/634 181/451/634
f 177/228/635 323/447/635 178/229/635
f 178/229/636 323/447/636 179/445/636
f 323/447/637 324/450/637 179/445/637
f 179/445/638 324/450/638 180/444/638
f 324/450/639 181/451/639 180/444/639
f 180/232/640 181/401/640 164/230/640
f 341/452/641 944/453/641 945/454/641
f 945/454/642 946/455/642 948/456/642
f 946/455/643 942/457/643 948/456/643
f 1053/458/644 1061/459/644 956/460/644
f 1051/461/645 1060/462/645 1061/459/645
f 1055/463/646 1061/459/646 1053/458/646
f 1002/464/647 1009/465/647 1012/466/647
f 1097/467/648 1188/468/648 1191/469/648
f 1120/470/649 376/471/649 1088/472/649
f 1157/473/650 1160/474/650 344/475/650
f 1160/474/651 1157/473/651 374/476/651
f 1152/477/652 1159/478/652 375/479/652
f 1189/480/653 1090/481/653 1181/482/653
f 1186/483/654 1102/484/654 1167/485/654
f 1009/465/655 1089/486/655 887/487/655
f 1125/488/656 1175/489/656 365/490/656
f 1166/491/657 1028/492/657 450/493/657
f 1180/494/658 1125/488/658 1163/495/658
f 1095/496/659 1091/497/659 363/498/659
f 1106/499/660 1104/500/660 1161/501/660
f 365/490/661 1182/502/661 1187/503/661
f 1182/502/662 365/490/662 1114/504/662
f 1104/500/663 1087/505/663 1161/501/663
f 1119/506/664 1087/505/664 363/498/664
f 887/487/665 1022/507/665 419/508/665
f 1139/509/666 1135/510/666 1144/511/666
f 1103/512/667 1021/513/667 438/514/667
f 1099/515/668 1118/516/668 1130/517/668
f 1181/482/669 1122/518/669 1092/519/669
f 1151/520/670 1118/516/670 1099/515/670
f 1143/521/671 1001/522/671 364/523/671
f 1092/519/672 1010/524/672 362/525/672
f 1127/526/673 1174/527/673 380/528/673
f 914/529/674 878/530/674 921/531/674
f 1065/532/675 881/533/675 882/534/675
f 422/535/676 1065/532/676 423/536/676
f 419/508/677 888/537/677 887/487/677
f 887/487/678 888/537/678 1004/538/678
f 1133/539/679 1182/502/679 1097/540/679
f 1146/541/680 1007/542/680 423/536/680
f 953/543/681 339/544/681 954/545/681
f 954/546/682 977/547/682 958/548/682
f 961/549/683 954/545/683 952/550/683
f 356/551/684 1221/552/684 784/553/684
f 1009/465/685 1004/538/685 1014/554/685
f 1011/555/686 1089/486/686 1009/465/686
f 999/556/687 1034/557/687 896/558/687
f 992/559/688 1083/560/688 467/561/688
f 912/562/689 1053/458/689 445/563/689
f 929/564/690 996/565/690 969/566/690
f 328/567/691 969/566/691 327/568/691
f 1004/538/692 869/569/692 418/570/692
f 869/569/693 883/571/693 420/572/693
f 1014/554/694 1004/538/694 1000/573/694
f 888/537/695 883/571/695 1004/538/695
f 1011/555/696 1022/507/696 1089/486/696
f 1120/470/697 1119/506/697 1091/497/697
f 419/508/698 1017/574/698 1016/575/698
f 1015/576/699 1017/574/699 440/577/699
f 1167/485/700 1010/524/700 1126/578/700
f 1022/507/701 1017/574/701 419/508/701
f 440/577/702 1017/574/702 1020/579/702
f 1176/580/703 1112/581/703 1173/582/703
f 1103/512/704 1009/465/704 1038/583/704
f 1009/465/705 1103/512/705 1011/555/705
f 418/570/706 1029/584/706 671/585/706
f 1232/586/707 400/587/707 1217/588/707
f 540/589/708 1292/590/708 1195/591/708
f 540/592/709 1257/593/709 1292/594/709
f 1254/595/710 1294/596/710 1304/597/710
f 1254/598/711 1293/599/711 1250/600/711
f 1195/591/712 1232/601/712 536/602/712
f 1313/603/713 1327/604/713 522/605/713
f 1251/606/714 1263/607/714 349/608/714
f 1273/609/715 1272/610/715 1306/611/715
f 1294/612/716 1295/613/716 1304/614/716
f 517/615/717 1259/616/717 1301/617/717
f 1249/618/718 1264/619/718 1232/586/718
f 1251/606/719 537/620/719 1258/621/719
f 1238/622/720 1217/588/720 400/587/720
f 336/623/721 1256/624/721 1250/600/721
f 336/623/722 1250/600/722 1272/625/722
f 1252/626/723 520/627/723 349/608/723
f 1210/628/724 1316/629/724 527/630/724
f 540/631/725 1279/632/725 1257/633/725
f 1278/634/726 1274/635/726 543/636/726
f 1329/637/727 401/638/727 1274/639/727
f 1306/611/728 1327/640/728 1255/641/728
f 1330/642/729 1195/591/729 1280/643/729
f 1258/621/730 543/644/730 401/638/730
f 1268/645/731 543/644/731 1258/621/731
f 1288/646/732 1267/647/732 390/648/732
f 1291/649/733 1276/650/733 1277/651/733
f 1284/652/734 542/653/734 539/654/734
f 1195/591/735 1249/655/735 1232/601/735
f 1253/656/736 401/657/736 1275/658/736
f 1296/659/737 1286/660/737 1318/661/737
f 1276/650/738 1286/660/738 1296/659/738
f 1266/662/739 546/663/739 1265/664/739
f 1296/659/740 1270/665/740 1276/650/740
f 1232/586/741 1264/619/741 400/587/741
f 1275/658/742 1329/666/742 1278/634/742
f 537/620/743 817/667/743 397/668/743
f 397/668/744 1268/645/744 1258/621/744
f 852/669/745 962/670/745 850/671/745
f 1302/672/746 1229/673/746 529/674/746
f 399/675/747 1319/676/747 1326/677/747
f 1223/678/748 1269/679/748 1217/680/748
f 395/681/749 817/667/749 1308/682/749
f 1277/651/750 1280/643/750 1195/591/750
f 547/683/751 1256/624/751 336/623/751
f 1291/649/752 1286/660/752 1276/650/752
f 1226/684/753 398/685/753 1233/686/753
f 1288/646/754 1224/687/754 1286/660/754
f 1326/688/755 1219/689/755 399/690/755
f 1231/691/756 1237/692/756 393/693/756
f 1264/619/757 1278/694/757 1268/695/757
f 400/587/758 397/696/758 1238/622/758
f 397/668/759 400/697/759 1268/645/759
f 1224/687/760 1318/661/760 1286/660/760
f 393/693/761 1222/698/761 1244/699/761
f 397/668/762 817/667/762 388/700/762
f 1243/701/763 1196/702/763 390/703/763
f 1248/704/764 1304/597/764 1259/705/764
f 1270/665/765 1266/706/765 1276/650/765
f 1233/686/766 1243/701/766 1215/707/766
f 401/657/767 1253/656/767 535/708/767
f 1341/709/768 845/710/768 941/711/768
f 444/712/769 950/713/769 952/550/769
f 1060/462/770 949/714/770 444/715/770
f 957/716/771 950/713/771 1339/717/771
f 977/547/772 342/718/772 958/548/772
f 952/550/773 955/719/773 444/712/773
f 951/720/774 994/721/774 448/722/774
f 1683/723/775 959/724/775 960/725/775
f 989/726/776 426/727/776 969/566/776
f 967/728/777 339/729/777 968/730/777
f 966/731/778 463/732/778 341/452/778
f 971/733/779 967/728/779 968/730/779
f 966/734/780 968/730/780 339/729/780
f 345/735/781 337/736/781 996/565/781
f 1082/737/782 968/730/782 963/738/782
f 964/739/783 967/728/783 971/733/783
f 972/740/784 977/547/784 974/741/784
f 978/742/785 339/729/785 967/728/785
f 944/453/786 463/732/786 953/543/786
f 1510/743/787 1049/744/787 981/745/787
f 930/746/788 934/747/788 329/748/788
f 329/749/789 1081/750/789 935/751/789
f 920/752/790 911/753/790 449/754/790
f 994/721/791 1077/755/791 919/756/791
f 328/567/792 926/757/792 929/564/792
f 932/758/793 936/759/793 937/760/793
f 464/761/794 1080/762/794 335/763/794
f 1080/762/795 973/764/795 995/765/795
f 878/530/796 914/529/796 1355/766/796
f 942/457/797 946/455/797 1332/767/797
f 946/455/798 945/454/798 944/453/798
f 849/768/799 948/456/799 947/769/799
f 947/769/800 948/456/800 942/457/800
f 948/456/801 943/770/801 945/454/801
f 950/713/802 960/725/802 952/550/802
f 960/725/803 950/713/803 957/716/803
f 467/561/804 361/771/804 408/772/804
f 925/773/805 329/749/805 928/774/805
f 816/775/806 361/776/806 405/777/806
f 673/778/807 1723/779/807 999/556/807
f 673/778/808 671/585/808 1720/780/808
f 671/585/809 673/778/809 418/570/809
f 991/781/810 402/782/810 361/776/810
f 424/783/811 885/784/811 882/785/811
f 1066/786/812 885/787/812 1006/788/812
f 891/789/813 452/790/813 1068/791/813
f 821/792/814 408/772/814 822/793/814
f 673/778/815 999/556/815 418/570/815
f 822/793/816 408/772/816 361/771/816
f 821/794/817 1064/795/817 413/796/817
f 1204/797/818 820/798/818 1193/799/818
f 816/775/819 820/798/819 361/776/819
f 1288/646/820 1287/800/820 385/801/820
f 1081/750/821 1076/802/821 935/751/821
f 875/803/822 1076/802/822 876/804/822
f 878/530/823 410/805/823 940/806/823
f 533/807/824 1078/808/824 534/809/824
f 919/810/825 920/752/825 448/811/825
f 449/754/826 912/562/826 920/752/826
f 1077/755/827 994/721/827 932/758/827
f 879/812/828 911/813/828 922/814/828
f 935/751/829 928/774/829 329/749/829
f 797/815/830 894/816/830 892/817/830
f 455/818/831 825/819/831 766/820/831
f 1069/821/832 825/819/832 429/822/832
f 828/823/833 1070/824/833 456/825/833
f 432/826/834 830/827/834 836/828/834
f 443/829/835 452/790/835 846/830/835
f 874/831/836 1068/791/836 443/829/836
f 835/832/837 1072/833/837 432/826/837
f 428/834/838 1072/833/838 827/835/838
f 838/836/839 1069/821/839 429/822/839
f 441/837/840 841/838/840 839/839/840
f 1073/840/841 841/838/841 430/841/841
f 840/842/842 1074/843/842 430/841/842
f 1074/843/843 1072/833/843 428/834/843
f 1352/844/844 843/845/844 853/846/844
f 468/847/845 853/846/845 1075/848/845
f 846/830/846 865/849/846 847/850/846
f 847/850/847 842/851/847 850/671/847
f 844/852/848 846/830/848 1075/848/848
f 857/853/849 858/854/849 859/855/849
f 860/856/850 425/857/850 993/858/850
f 860/856/851 427/859/851 856/860/851
f 809/861/852 991/862/852 1083/560/852
f 834/863/853 846/830/853 844/852/853
f 866/864/854 1067/865/854 421/866/854
f 420/572/855 1067/867/855 870/868/855
f 418/570/856 868/869/856 1029/584/856
f 1070/870/857 868/869/857 456/871/857
f 617/872/858 1047/873/858 1048/874/858
f 617/872/859 981/745/859 1047/873/859
f 403/875/860 1047/873/860 386/876/860
f 1353/877/861 982/878/861 1019/879/861
f 1049/744/862 1510/743/862 1050/880/862
f 1153/881/863 796/882/863 423/536/863
f 804/883/864 1153/881/864 1027/884/864
f 797/815/865 892/817/865 798/885/865
f 1019/879/866 785/886/866 1354/887/866
f 1347/888/867 1042/889/867 763/890/867
f 1048/874/868 909/891/868 1348/892/868
f 1142/893/869 1116/894/869 423/895/869
f 1116/894/870 1179/896/870 381/897/870
f 433/898/871 1033/899/871 1018/900/871
f 880/901/872 1033/899/872 440/902/872
f 1116/903/873 1030/904/873 423/536/873
f 895/905/874 422/535/874 785/886/874
f 1027/884/875 1023/906/875 377/907/875
f 344/475/876 1023/906/876 1111/908/876
f 1346/909/877 980/910/877 1134/911/877
f 1333/912/878 1169/913/878 343/914/878
f 880/915/879 1146/541/879 423/536/879
f 1005/916/880 1024/917/880 423/536/880
f 794/918/881 802/919/881 406/920/881
f 1354/887/882 794/918/882 377/907/882
f 1024/921/883 1018/900/883 423/922/883
f 785/886/884 1019/879/884 895/905/884
f 423/536/885 1006/788/885 1005/916/885
f 909/891/886 1048/874/886 1039/923/886
f 1354/887/887 2025/924/887 1019/879/887
f 1030/925/888 1153/926/888 423/927/888
f 377/907/889 1023/906/889 1137/928/889
f 405/777/890 403/875/890 386/876/890
f 402/782/891 405/777/891 361/776/891
f 459/929/892 1184/930/892 787/931/892
f 812/932/893 813/933/893 386/876/893
f 1051/461/894 1056/934/894 1054/935/894
f 1056/934/895 409/936/895 1746/937/895
f 1000/573/896 1035/938/896 1014/554/896
f 1113/939/897 1034/557/897 675/940/897
f 1742/941/898 1339/942/898 1054/935/898
f 1051/461/899 1054/935/899 1339/942/899
f 1051/461/900 1055/463/900 1056/934/900
f 1020/579/901 1011/555/901 1103/512/901
f 794/918/902 1027/884/902 377/907/902
f 1059/943/903 913/944/903 1331/945/903
f 1055/463/904 1053/458/904 1059/943/904
f 986/946/905 821/792/905 926/757/905
f 926/757/906 821/792/906 925/947/906
f 468/847/907 947/769/907 845/710/907
f 849/768/908 947/769/908 468/847/908
f 1350/948/909 1354/887/909 377/907/909
f 953/543/910 961/549/910 944/453/910
f 338/949/911 964/739/911 337/736/911
f 968/730/912 1082/737/912 971/733/912
f 973/764/913 972/740/913 978/742/913
f 977/547/914 339/729/914 974/741/914
f 954/546/915 339/729/915 977/547/915
f 1020/579/916 1085/950/916 440/577/916
f 439/951/917 1014/554/917 1035/938/917
f 372/952/918 1147/953/918 1178/954/918
f 1101/955/919 1145/956/919 372/957/919
f 1145/956/920 1101/955/920 1142/958/920
f 1087/505/921 382/959/921 1192/960/921
f 1014/554/922 1001/522/922 435/961/922
f 1094/962/923 1086/963/923 997/964/923
f 1147/965/924 1150/966/924 450/493/924
f 368/967/925 1150/966/925 1124/968/925
f 373/969/926 1100/970/926 374/476/926
f 373/971/927 1131/972/927 1159/478/927
f 1111/973/928 1131/972/928 344/974/928
f 369/975/929 362/525/929 382/959/929
f 1131/976/930 1157/473/930 344/475/930
f 1100/970/931 1109/977/931 1160/474/931
f 1099/515/932 1093/978/932 1156/979/932
f 1156/979/933 1093/978/933 1088/472/933
f 1100/980/934 1144/511/934 1188/468/934
f 373/971/935 1144/511/935 1100/980/935
f 1102/981/936 1168/982/936 1185/983/936
f 1185/983/937 1168/982/937 370/984/937
f 1027/985/938 1154/986/938 375/479/938
f 1109/977/939 1100/970/939 1188/987/939
f 1002/464/940 1162/988/940 1038/583/940
f 1128/989/941 1163/495/941 1189/480/941
f 1186/483/942 1135/990/942 1102/484/942
f 1038/583/943 1162/988/943 1091/497/943
f 1817/991/944 343/914/944 1351/992/944
f 380/528/945 379/993/945 1127/526/945
f 1117/994/946 1112/581/946 1107/995/946
f 1107/995/947 437/996/947 1170/997/947
f 1171/998/948 437/996/948 379/993/948
f 378/999/949 379/993/949 380/528/949
f 1171/998/950 379/993/950 378/999/950
f 1175/489/951 1174/527/951 1127/526/951
f 1037/1000/952 1173/582/952 1160/474/952
f 1174/527/953 1172/1001/953 380/528/953
f 1175/489/954 1172/1001/954 1174/527/954
f 1172/1001/955 1175/489/955 1125/488/955
f 1176/580/956 1127/526/956 437/996/956
f 1175/489/957 1037/1000/957 1114/504/957
f 1127/526/958 1037/1000/958 1175/489/958
f 450/493/959 1150/966/959 997/964/959
f 997/964/960 1150/966/960 368/967/960
f 1178/954/961 1177/1002/961 381/897/961
f 1177/1002/962 1147/953/962 450/1003/962
f 1125/488/963 1180/494/963 1003/1004/963
f 1186/483/964 1122/518/964 460/1005/964
f 1122/518/965 1186/483/965 1126/578/965
f 1144/511/966 373/971/966 1139/509/966
f 1094/962/967 1165/1006/967 1086/963/967
f 1165/1006/968 1094/962/968 1010/524/968
f 1135/990/969 460/1005/969 1191/1007/969
f 1168/982/970 1152/477/970 1158/1008/970
f 1010/524/971 1025/1009/971 362/525/971
f 1097/467/972 1109/1010/972 1188/468/972
f 1001/522/973 439/951/973 364/523/973
f 1036/1011/974 439/951/974 1035/938/974
f 1123/1012/975 1025/1009/975 1094/962/975
f 1003/1004/976 1129/1013/976 366/1014/976
f 1118/516/977 1128/989/977 1189/480/977
f 1177/1002/978 1096/1015/978 381/897/978
f 1102/981/979 1139/509/979 1168/982/979
f 1099/515/980 1156/979/980 1151/520/980
f 1127/526/981 1173/582/981 1037/1000/981
f 1109/977/982 1114/504/982 1160/474/982
f 997/964/983 1123/1012/983 1094/962/983
f 1124/968/984 1141/1016/984 368/967/984
f 375/479/985 1154/986/985 1152/477/985
f 1155/1017/986 1154/986/986 1138/1018/986
f 1086/963/987 1165/1006/987 1166/491/987
f 460/1005/988 1133/539/988 1097/540/988
f 371/1019/989 1110/1020/989 1142/893/989
f 368/967/990 1141/1016/990 1106/499/990
f 1133/539/991 1148/1021/991 1187/503/991
f 1095/496/992 1021/513/992 1103/512/992
f 1104/500/993 1095/496/993 363/498/993
f 1096/1022/994 1158/1023/994 381/1024/994
f 1158/1023/995 1096/1022/995 370/1025/995
f 440/577/996 1085/950/996 1098/1026/996
f 381/897/997 1179/896/997 1178/954/997
f 1128/989/998 1151/520/998 367/1027/998
f 1118/516/999 1151/520/999 1128/989/999
f 382/959/1000 1183/1028/1000 369/975/1000
f 1108/1029/1001 364/523/1001 439/951/1001
f 364/523/1002 1108/1029/1002 1143/521/1002
f 1108/1029/1003 1129/1013/1003 1151/520/1003
f 1129/1013/1004 1108/1029/1004 366/1014/1004
f 1148/1021/1005 1190/1030/1005 1187/503/1005
f 1181/482/1006 1148/1021/1006 1122/518/1006
f 997/964/1007 1106/499/1007 1123/1012/1007
f 368/967/1008 1106/499/1008 997/964/1008
f 1099/515/1009 1105/1031/1009 1093/978/1009
f 1171/998/1010 1036/1011/1010 1170/997/1010
f 1096/1022/1011 1028/492/1011 370/1025/1011
f 1101/955/1012 1179/1032/1012 1142/958/1012
f 1098/1026/1013 1110/1033/1013 371/1034/1013
f 1117/994/1014 1023/906/1014 344/475/1014
f 1021/513/1015 1141/1016/1015 438/514/1015
f 1123/1012/1016 1106/499/1016 1161/501/1016
f 1091/497/1017 1162/988/1017 1120/470/1017
f 1120/470/1018 1162/988/1018 376/471/1018
f 1165/1006/1019 1185/1035/1019 370/1025/1019
f 439/951/1020 1121/1036/1020 1108/1029/1020
f 1121/1036/1021 439/951/1021 1036/1011/1021
f 1170/997/1022 1036/1011/1022 1032/1037/1022
f 1123/1012/1023 1161/501/1023 1025/1009/1023
f 849/768/1024 851/1038/1024 943/770/1024
f 1395/1039/1025 1369/1040/1025 1397/1041/1025
f 1369/1040/1026 479/1042/1026 1397/1041/1026
f 1394/1043/1027 1406/1044/1027 1385/1045/1027
f 1372/1046/1028 1406/1044/1028 1394/1043/1028
f 1443/1047/1029 1463/1048/1029 512/1049/1029
f 501/1050/1030 1439/1051/1030 1433/1052/1030
f 1458/1053/1031 1459/1054/1031 1447/1055/1031
f 480/1056/1032 1418/1057/1032 1468/1058/1032
f 496/1059/1033 2170/1060/1033 1438/1061/1033
f 493/1062/1034 1445/1063/1034 1448/1064/1034
f 499/1065/1035 1443/1047/1035 512/1049/1035
f 532/1066/1036 496/1067/1036 1432/1068/1036
f 1469/1069/1037 1445/1063/1037 1436/1070/1037
f 1438/1061/1038 501/1050/1038 496/1059/1038
f 502/1071/1039 492/1072/1039 1466/1073/1039
f 1444/1074/1040 1450/1075/1040 506/1076/1040
f 498/1077/1041 1466/1073/1041 1427/1078/1041
f 489/1079/1042 1441/1080/1042 499/1065/1042
f 497/1081/1043 1445/1063/1043 493/1062/1043
f 1441/1080/1044 500/1082/1044 1443/1047/1044
f 492/1072/1045 502/1071/1045 494/1083/1045
f 1463/1048/1046 1445/1063/1046 1419/1084/1046
f 1445/1063/1047 1469/1069/1047 1419/1084/1047
f 1415/1085/1048 1423/1086/1048 1470/1087/1048
f 1449/1088/1049 1454/1089/1049 504/1090/1049
f 1411/1091/1050 1448/1064/1050 1431/1092/1050
f 1448/1064/1051 1411/1091/1051 493/1062/1051
f 1424/1093/1052 1411/1091/1052 1431/1092/1052
f 492/1072/1053 513/1094/1053 1466/1073/1053
f 1433/1052/1054 496/1059/1054 501/1050/1054
f 1430/1095/1055 1439/1096/1055 1429/1097/1055
f 1423/1086/1056 1415/1085/1056 1382/1098/1056
f 1424/1099/1057 1470/1087/1057 1411/1100/1057
f 492/1101/1058 1462/1102/1058 1439/1096/1058
f 489/1103/1059 1470/1087/1059 1424/1099/1059
f 1450/1104/1060 1449/1088/1060 504/1090/1060
f 503/1105/1061 1437/1106/1061 1442/1107/1061
f 503/1108/1062 1434/1109/1062 1446/1110/1062
f 1437/1106/1063 1453/1111/1063 1442/1107/1063
f 1444/1112/1064 506/1113/1064 1437/1106/1064
f 1462/1102/1065 1444/1114/1065 1429/1097/1065
f 1429/1097/1066 1439/1096/1066 1462/1102/1066
f 1440/1115/1067 1427/1116/1067 1425/1117/1067
f 1445/1063/1068 495/1118/1068 1448/1064/1068
f 1466/1073/1069 497/1119/1069 502/1071/1069
f 1460/1120/1070 505/1121/1070 509/1122/1070
f 1436/1070/1071 1445/1063/1071 1422/1123/1071
f 1424/1099/1072 1431/1124/1072 500/1125/1072
f 1450/1104/1073 504/1090/1073 506/1126/1073
f 503/1127/1074 1446/1128/1074 1437/1129/1074
f 1451/1130/1075 1428/1131/1075 1464/1132/1075
f 532/1133/1076 503/1105/1076 1442/1107/1076
f 1428/1131/1077 1455/1134/1077 1456/1135/1077
f 1449/1136/1078 511/1137/1078 505/1138/1078
f 1465/1139/1079 1435/1140/1079 1461/1141/1079
f 1435/1140/1080 2170/1142/1080 1461/1141/1080
f 1442/1143/1081 1461/1141/1081 532/1144/1081
f 1456/1135/1082 1455/1134/1082 507/1145/1082
f 511/1146/1083 1457/1147/1083 505/1148/1083
f 1447/1055/1084 1459/1054/1084 1457/1149/1084
f 510/1150/1085 1453/1151/1085 1458/1053/1085
f 1457/1149/1086 1459/1054/1086 505/1121/1086
f 510/1152/1087 1451/1130/1087 1453/1153/1087
f 1450/1154/1088 1444/1114/1088 1462/1102/1088
f 1431/1092/1089 1448/1064/1089 495/1118/1089
f 1435/1155/1090 1427/1156/1090 1438/1061/1090
f 1435/1140/1091 1465/1139/1091 1464/1132/1091
f 1467/1157/1092 1468/1158/1092 1469/1069/1092
f 497/1159/1093 493/1160/1093 502/1161/1093
f 1470/1162/1094 502/1161/1094 493/1160/1094
f 1439/1051/1095 501/1050/1095 513/1163/1095
f 1423/1086/1096 1462/1102/1096 1470/1087/1096
f 1462/1102/1097 1423/1086/1097 487/1164/1097
f 1381/1165/1098 1407/1166/1098 1392/1167/1098
f 1407/1166/1099 1381/1165/1099 476/1168/1099
f 1355/766/1100 1387/1169/1100 1388/1170/1100
f 481/1171/1101 915/1172/1101 447/1173/1101
f 534/1174/1102 915/1172/1102 533/1175/1102
f 1228/1176/1103 515/1177/1103 1321/1178/1103
f 1308/682/1104 537/620/1104 527/630/1104
f 1231/1179/1105 1319/676/1105 399/675/1105
f 349/1180/1106 336/623/1106 1273/1181/1106
f 522/605/1107 1325/1182/1107 520/1183/1107
f 516/1184/1108 1302/1185/1108 529/1186/1108
f 518/1187/1109 1310/1188/1109 391/1189/1109
f 523/1190/1110 515/1191/1110 1219/689/1110
f 1325/1192/1111 1312/1193/1111 520/627/1111
f 1323/1194/1112 1297/1195/1112 1321/1196/1112
f 527/630/1113 537/620/1113 1312/1193/1113
f 516/1184/1114 1322/1197/1114 1317/1198/1114
f 1260/1199/1115 522/605/1115 524/1200/1115
f 1297/1195/1116 1317/1201/1116 1322/1202/1116
f 539/1203/1117 1257/633/1117 545/1204/1117
f 401/638/1118 1281/1205/1118 1258/621/1118
f 541/1206/1119 1251/606/1119 1282/1207/1119
f 1279/1208/1120 1280/1209/1120 1245/1210/1120
f 390/1211/1121 1267/1212/1121 1262/1213/1121
f 1310/1214/1122 1307/1215/1122 1314/1216/1122
f 520/627/1123 1252/626/1123 1313/1217/1123
f 401/638/1124 543/644/1124 1274/639/1124
f 1285/1218/1125 1256/624/1125 547/683/1125
f 1294/1219/1126 1250/600/1126 1266/662/1126
f 1250/600/1127 1294/1219/1127 1254/598/1127
f 1278/634/1128 394/1220/1128 1275/658/1128
f 1330/642/1129 540/589/1129 1195/591/1129
f 546/663/1130 1266/662/1130 1250/600/1130
f 541/1206/1131 544/1221/1131 1251/606/1131
f 1263/607/1132 1251/606/1132 544/1221/1132
f 1282/1207/1133 1251/606/1133 1258/621/1133
f 1283/1222/1134 539/1223/1134 542/1224/1134
f 1245/1225/1135 1280/1226/1135 1265/664/1135
f 1333/912/1136 979/1227/1136 377/907/1136
f 1817/991/1137 1351/992/1137 767/1228/1137
f 1656/1229/1138 1339/717/1138 639/1230/1138
f 957/716/1139 1656/1229/1139 1683/723/1139
f 833/1231/1140 864/1232/1140 983/1233/1140
f 454/1234/1141 1071/1235/1141 1720/1236/1141
f 1331/945/1142 913/944/1142 985/1237/1142
f 1656/1229/1143 957/716/1143 1339/717/1143
f 1780/1238/1144 609/1239/1144 343/914/1144
f 1026/1240/1145 1351/992/1145 565/1241/1145
f 767/1228/1146 1351/992/1146 1026/1240/1146
f 1659/1242/1147 959/724/1147 1683/723/1147
f 1546/1243/1148 864/1232/1148 1352/844/1148
f 1359/1244/1149 1404/1245/1149 1403/1246/1149
f 1384/1247/1150 1409/1248/1150 330/1249/1150
f 1386/1250/1151 1408/1251/1151 1357/1252/1151
f 1408/1251/1152 1386/1250/1152 471/1253/1152
f 500/1082/1153 1431/1092/1153 495/1118/1153
f 476/1254/1154 1365/1255/1154 1362/1256/1154
f 1377/1257/1155 1379/1258/1155 1368/1259/1155
f 1373/1260/1156 480/1261/1156 1374/1262/1156
f 1364/1263/1157 1400/1264/1157 479/1265/1157
f 1395/1039/1158 1402/1266/1158 1404/1267/1158
f 1436/1268/1159 1440/1269/1159 1425/1270/1159
f 330/1249/1160 935/751/1160 1384/1247/1160
f 1388/1170/1161 1386/1250/1161 935/751/1161
f 1399/1271/1162 1383/1272/1162 1370/1273/1162
f 1456/1135/1163 1452/1274/1163 1428/1131/1163
f 1380/1275/1164 1364/1276/1164 1387/1277/1164
f 1310/1214/1165 1298/1278/1165 1307/1215/1165
f 361/776/1166 1204/797/1166 822/1279/1166
f 408/772/1167 414/1280/1167 467/561/1167
f 816/775/1168 405/777/1168 386/876/1168
f 1049/744/1169 815/1281/1169 386/876/1169
f 1297/1195/1170 1322/1202/1170 1321/1196/1170
f 1293/1282/1171 1272/610/1171 1250/1283/1171
f 1193/799/1172 351/1284/1172 1204/797/1172
f 1221/552/1173 1202/1285/1173 1203/1286/1173
f 1271/1287/1174 1203/1288/1174 1290/1289/1174
f 1264/619/1175 1268/695/1175 400/587/1175
f 1286/660/1176 1291/649/1176 1288/646/1176
f 1201/1290/1177 1209/1291/1177 823/1292/1177
f 821/794/1178 413/796/1178 1211/1293/1178
f 1214/1294/1179 924/1295/1179 925/773/1179
f 1209/1291/1180 1199/1296/1180 355/1297/1180
f 1207/1298/1181 813/933/1181 1206/1299/1181
f 350/1300/1182 388/700/1182 817/667/1182
f 1237/692/1183 1233/686/1183 1222/698/1183
f 529/1186/1184 1305/1301/1184 516/1184/1184
f 1214/1294/1185 1201/1290/1185 1208/1302/1185
f 1084/1303/1186 818/1304/1186 987/1305/1186
f 1265/664/1187 1284/1306/1187 545/1307/1187
f 1213/1308/1188 470/1309/1188 1201/1290/1188
f 349/608/1189 537/620/1189 1251/606/1189
f 1248/704/1190 1259/705/1190 517/1310/1190
f 1250/600/1191 1256/624/1191 546/663/1191
f 1294/612/1192 1270/665/1192 1295/613/1192
f 1310/1188/1193 518/1187/1193 521/1311/1193
f 1318/661/1194 1227/1312/1194 1324/1313/1194
f 1227/1312/1195 1318/661/1195 387/1314/1195
f 1305/1315/1196 529/1316/1196 514/1317/1196
f 529/1316/1197 1301/617/1197 514/1317/1197
f 1305/1301/1198 1324/1313/1198 516/1184/1198
f 1295/613/1199 1299/1318/1199 1304/614/1199
f 1305/1319/1200 514/1320/1200 1300/1321/1200
f 847/850/1201 850/671/1201 1075/848/1201
f 850/671/1202 848/1322/1202 1075/848/1202
f 851/1038/1203 849/768/1203 848/1322/1203
f 850/671/1204 851/1038/1204 848/1322/1204
f 992/559/1205 855/1323/1205 854/1324/1205
f 861/1325/1206 856/860/1206 863/1326/1206
f 860/856/1207 859/855/1207 427/859/1207
f 859/1327/1208 852/669/1208 427/1328/1208
f 1083/560/1209 854/1324/1209 809/861/1209
f 469/1329/1210 855/1323/1210 862/1330/1210
f 867/1331/1211 866/864/1211 421/866/1211
f 452/790/1212 443/829/1212 1068/791/1212
f 1193/799/1213 820/798/1213 816/775/1213
f 816/775/1214 386/876/1214 1193/799/1214
f 1317/1198/1215 1309/1332/1215 519/1333/1215
f 1324/1313/1216 1227/1312/1216 516/1184/1216
f 526/1334/1217 1303/1335/1217 1316/629/1217
f 1317/1201/1218 1297/1195/1218 1309/1336/1218
f 1210/628/1219 518/1187/1219 1328/1337/1219
f 1303/1338/1220 523/1190/1220 1326/688/1220
f 826/1339/1221 825/819/1221 455/818/1221
f 827/835/1222 826/1339/1222 428/834/1222
f 456/825/1223 829/1340/1223 828/823/1223
f 826/1339/1224 829/1340/1224 428/834/1224
f 834/863/1225 833/1231/1225 443/829/1225
f 831/1341/1226 830/827/1226 432/826/1226
f 833/1231/1227 983/1233/1227 431/1342/1227
f 836/828/1228 835/832/1228 432/826/1228
f 429/822/1229 837/1343/1229 838/836/1229
f 431/1342/1230 837/1343/1230 442/1344/1230
f 863/1345/1231 856/1346/1231 865/849/1231
f 856/1346/1232 842/851/1232 865/849/1232
f 844/852/1233 843/845/1233 834/863/1233
f 1075/848/1234 853/846/1234 844/852/1234
f 843/845/1235 844/852/1235 853/846/1235
f 853/846/1236 468/847/1236 1352/844/1236
f 1323/1194/1237 1320/1347/1237 1297/1195/1237
f 1308/682/1238 1319/676/1238 395/681/1238
f 1308/682/1239 817/667/1239 537/620/1239
f 1323/1194/1240 1321/1196/1240 515/1191/1240
f 1300/1321/1241 1324/1348/1241 1305/1319/1241
f 1318/661/1242 514/1349/1242 1296/659/1242
f 1298/1350/1243 1260/1351/1243 1229/1352/1243
f 1229/1353/1244 1260/1199/1244 517/615/1244
f 1227/1312/1245 1322/1197/1245 516/1184/1245
f 1308/682/1246 1316/629/1246 1303/1335/1246
f 523/1190/1247 1303/1338/1247 526/1354/1247
f 1660/1355/1248 1643/1356/1248 1646/1357/1248
f 1688/1358/1249 1646/1357/1249 1548/1359/1249
f 708/1360/1250 1660/1355/1250 1646/1357/1250
f 1643/1356/1251 562/1361/1251 1644/1362/1251
f 1647/1363/1252 566/1364/1252 1749/1365/1252
f 1653/1366/1253 638/1367/1253 1749/1365/1253
f 1653/1366/1254 1648/1368/1254 638/1367/1254
f 638/1367/1255 1748/1369/1255 1749/1365/1255
f 1749/1365/1256 1748/1369/1256 1647/1363/1256
f 1893/1370/1257 1512/1371/1257 1897/1372/1257
f 1796/1373/1258 665/1374/1258 1779/1375/1258
f 665/1374/1259 1796/1373/1259 1707/1376/1259
f 588/1377/1260 1872/1378/1260 1827/1379/1260
f 1861/1380/1261 1866/1381/1261 1862/1382/1261
f 597/1383/1262 1820/1384/1262 564/1385/1262
f 1820/1384/1263 1849/1386/1263 1789/1387/1263
f 1842/1388/1264 1824/1389/1264 1879/1390/1264
f 1718/1391/1265 1814/1392/1265 692/1393/1265
f 1786/1394/1266 1706/1395/1266 1855/1396/1266
f 1790/1397/1267 1792/1398/1267 1798/1399/1267
f 1801/1400/1268 599/1401/1268 1852/1402/1268
f 598/1403/1269 1870/1404/1269 1885/1405/1269
f 1885/1405/1270 1871/1406/1270 1805/1407/1270
f 597/1383/1271 1867/1408/1271 670/1409/1271
f 1799/1410/1272 1729/1411/1272 1811/1412/1272
f 598/1403/1273 1885/1405/1273 1786/1394/1273
f 1704/1413/1274 1784/1414/1274 1783/1415/1274
f 1783/1415/1275 1784/1414/1275 654/1416/1275
f 1880/1417/1276 1785/1418/1276 1800/1419/1276
f 1866/1381/1277 1716/1420/1277 1862/1382/1277
f 564/1385/1278 1808/1421/1278 597/1383/1278
f 611/1422/1279 1793/1423/1279 1865/1424/1279
f 1797/1425/1280 1873/1426/1280 1886/1427/1280
f 2062/1428/1281 641/1429/1281 1578/1430/1281
f 655/1431/1282 1586/1432/1282 1585/1433/1282
f 1885/1405/1283 1882/1434/1283 1871/1406/1283
f 1594/1435/1284 1595/1436/1284 696/1437/1284
f 1594/1435/1285 696/1437/1285 1761/1438/1285
f 1597/1439/1286 697/1440/1286 658/1441/1286
f 1034/557/1287 1723/779/1287 1699/1442/1287
f 1834/1443/1288 602/1444/1288 600/1445/1288
f 674/1446/1289 1709/1447/1289 1722/1448/1289
f 1676/1449/1290 707/1450/1290 1652/1451/1290
f 1698/1452/1291 665/1374/1291 1812/1453/1291
f 665/1374/1292 1698/1452/1292 1784/1414/1292
f 767/1454/1293 1336/1455/1293 1026/1456/1293
f 1026/1456/1293 1336/1455/1293 565/1457/1293
f 1034/557/1294 1699/1442/1294 1728/1458/1294
f 1647/1363/1295 685/1459/1295 679/1460/1295
f 1774/1461/1296 558/1462/1296 1664/1463/1296
f 1664/1463/1297 558/1462/1297 1694/1464/1297
f 653/1465/1298 1698/1452/1298 1699/1442/1298
f 1570/1466/1299 1700/1467/1299 653/1465/1299
f 1784/1414/1300 1700/1467/1300 1585/1433/1300
f 563/1468/1301 1780/1238/1301 1858/1469/1301
f 1863/1470/1302 1780/1238/1302 1817/991/1302
f 1702/1471/1303 1792/1398/1303 699/1472/1303
f 1698/1452/1304 1700/1467/1304 1784/1414/1304
f 1585/1433/1305 1591/1473/1305 1784/1414/1305
f 592/1474/1306 699/1472/1306 591/1475/1306
f 598/1403/1307 1786/1394/1307 1855/1396/1307
f 1710/1476/1308 1709/1477/1308 674/1478/1308
f 674/1478/1309 1714/1479/1309 1710/1476/1309
f 1783/1415/1310 1714/1479/1310 590/1480/1310
f 1726/1481/1311 1861/1380/1311 1862/1382/1311
f 1779/1375/1312 1704/1413/1312 590/1480/1312
f 592/1474/1313 1815/1482/1313 1707/1376/1313
f 1707/1376/1314 1815/1482/1314 668/1483/1314
f 665/1374/1315 1781/1484/1315 1812/1453/1315
f 1779/1375/1316 1798/1399/1316 1702/1471/1316
f 1798/1399/1317 1779/1375/1317 590/1480/1317
f 1716/1420/1318 1863/1470/1318 1862/1382/1318
f 1955/1485/1319 1925/1486/1319 627/1487/1319
f 1932/1488/1320 1974/1489/1320 781/1490/1320
f 1958/1491/1321 1973/1492/1321 623/1493/1321
f 1968/1494/1322 1969/1495/1322 1942/1496/1322
f 1929/1497/1323 1941/1498/1323 1935/1499/1323
f 1938/1500/1324 1985/1501/1324 1949/1502/1324
f 1976/1503/1325 1971/1504/1325 1933/1505/1325
f 575/1506/1326 2014/1507/1326 1936/1508/1326
f 1935/1499/1327 1941/1498/1327 1944/1509/1327
f 1969/1495/1328 776/1510/1328 628/1511/1328
f 1963/1512/1329 1939/1513/1329 1943/1514/1329
f 2014/1507/1330 575/1506/1330 772/1515/1330
f 777/1516/1331 1942/1517/1331 1936/1518/1331
f 781/1490/1332 1973/1492/1332 1932/1488/1332
f 1968/1519/1333 774/1520/1333 782/1521/1333
f 1969/1495/1334 1968/1494/1334 1944/1509/1334
f 1968/1522/1335 1942/1523/1335 777/1524/1335
f 1953/1525/1336 2014/1507/1336 1949/1502/1336
f 2014/1507/1337 1953/1525/1337 780/1526/1337
f 2014/1507/1338 1963/1527/1338 1949/1502/1338
f 1940/1528/1339 1937/1529/1339 1951/1530/1339
f 1961/1531/1340 1932/1488/1340 1973/1492/1340
f 1964/1532/1341 776/1533/1341 1970/1534/1341
f 1974/1489/1342 754/1535/1342 1959/1536/1342
f 1950/1537/1343 775/1538/1343 1472/1539/1343
f 779/1540/1344 1953/1525/1344 773/1541/1344
f 783/1542/1345 776/1543/1345 1964/1544/1345
f 623/1493/1346 1973/1492/1346 1956/1545/1346
f 1950/1537/1347 1929/1546/1347 775/1538/1347
f 1953/1525/1348 1976/1547/1348 780/1526/1348
f 783/1548/1349 1472/1549/1349 627/1487/1349
f 1938/1550/1350 632/1551/1350 757/1552/1350
f 1694/1464/1351 552/1553/1351 1518/1554/1351
f 1689/1555/1352 1690/1556/1352 1551/1557/1352
f 1548/1359/1353 1689/1555/1353 1552/1558/1353
f 1978/1559/1354 1980/1560/1354 755/1561/1354
f 1899/1562/1355 1969/1495/1355 1528/1563/1355
f 780/1526/1356 1948/1564/1356 2014/1507/1356
f 576/1565/1357 1924/1566/1357 1955/1485/1357
f 1923/1567/1358 1916/1568/1358 630/1569/1358
f 1527/1570/1359 626/1571/1359 1528/1563/1359
f 631/1572/1360 1922/1573/1360 628/1574/1360
f 762/1575/1361 1906/1576/1361 1989/1577/1361
f 2001/1578/1362 1981/1579/1362 1959/1536/1362
f 2018/1580/1363 762/1575/1363 761/1581/1363
f 576/1565/1364 628/1574/1364 1924/1566/1364
f 1923/1582/1365 1686/1583/1365 1921/1584/1365
f 1934/1585/1366 1972/1586/1366 1985/1587/1366
f 2007/1588/1367 1913/1589/1367 2002/1590/1367
f 631/1572/1368 1684/1591/1368 1892/1592/1368
f 1985/1501/1369 753/1593/1369 1949/1502/1369
f 1932/1488/1370 1961/1531/1370 779/1594/1370
f 772/1595/1371 629/1596/1371 1939/1597/1371
f 1643/1356/1372 1644/1362/1372 1646/1357/1372
f 1658/1598/1373 1657/1599/1373 1654/1600/1373
f 1674/1601/1374 1652/1602/1374 1658/1603/1374
f 686/1604/1375 566/1364/1375 679/1460/1375
f 679/1460/1376 566/1364/1376 1647/1363/1376
f 1659/1242/1377 1683/723/1377 568/1605/1377
f 1660/1355/1378 1659/1242/1378 1661/1606/1378
f 1664/1463/1379 1694/1464/1379 1662/1607/1379
f 1677/1608/1380 1668/1609/1380 561/1610/1380
f 572/1611/1381 570/1612/1381 1563/1613/1381
f 1675/1614/1382 1674/1601/1382 1650/1615/1382
f 1695/1616/1383 1675/1614/1383 1650/1615/1383
f 1672/1617/1384 1675/1614/1384 1695/1616/1384
f 1676/1449/1385 1678/1618/1385 707/1450/1385
f 569/1619/1386 1679/1620/1386 707/1450/1386
f 1652/1451/1387 707/1450/1387 1661/1606/1387
f 1765/1621/1388 1690/1556/1388 562/1361/1388
f 685/1459/1389 1767/1622/1389 684/1623/1389
f 1617/1624/1390 1611/1625/1390 682/1626/1390
f 1640/1627/1391 1613/1628/1391 1581/1629/1391
f 1615/1630/1392 684/1623/1392 1617/1631/1392
f 1582/1632/1393 689/1633/1393 984/1634/1393
f 553/1635/1394 557/1636/1394 1771/1637/1394
f 1770/1638/1395 556/1639/1395 1620/1640/1395
f 1623/1641/1396 1666/1642/1396 1622/1643/1396
f 1770/1638/1397 1623/1641/1397 1624/1644/1397
f 1627/1645/1398 1772/1646/1398 1628/1647/1398
f 1624/1644/1399 1628/1647/1399 1637/1648/1399
f 1766/1649/1400 1619/1650/1400 1578/1430/1400
f 1645/1651/1401 1646/1357/1401 1688/1358/1401
f 2063/1652/1402 1613/1628/1402 1640/1627/1402
f 1581/1629/1403 642/1653/1403 1640/1627/1403
f 1579/1654/1404 687/1655/1404 688/1656/1404
f 690/1657/1405 1741/1658/1405 1747/1659/1405
f 1741/1658/1406 690/1657/1406 685/1459/1406
f 1580/1660/1407 643/1661/1407 1639/1662/1407
f 1688/1358/1408 1341/709/1408 1645/1651/1408
f 1689/1555/1409 1548/1359/1409 1644/1362/1409
f 1660/1355/1410 1679/1620/1410 1643/1356/1410
f 941/711/1411 1642/1663/1411 1645/1651/1411
f 568/1605/1412 1651/1664/1412 1661/1606/1412
f 640/1665/1413 1648/1666/1413 1649/1667/1413
f 1725/1668/1414 1728/1458/1414 1812/1453/1414
f 1523/1669/1415 587/1670/1415 1520/1671/1415
f 553/1635/1416 1623/1641/1416 557/1636/1416
f 553/1635/1417 1771/1637/1417 1685/1672/1417
f 1637/1648/1418 556/1639/1418 1770/1638/1418
f 1769/1673/1419 1627/1645/1419 1672/1617/1419
f 1628/1647/1420 1772/1646/1420 1637/1648/1420
f 1641/1674/1421 1619/1650/1421 554/1675/1421
f 1695/1616/1422 567/1676/1422 1769/1673/1422
f 1776/1677/1423 618/1678/1423 1738/1679/1423
f 1624/1644/1424 1637/1648/1424 1770/1638/1424
f 1592/1680/1425 1601/1681/1425 1596/1682/1425
f 659/1683/1426 1601/1681/1426 1503/1684/1426
f 1595/1685/1427 1593/1686/1427 697/1440/1427
f 1524/1687/1428 1518/1554/1428 1685/1672/1428
f 1518/1554/1429 1519/1688/1429 648/1689/1429
f 1699/1442/1430 1720/780/1430 653/1465/1430
f 1524/1687/1431 1685/1672/1431 646/1690/1431
f 1741/1658/1432 1748/1369/1432 1746/937/1432
f 1522/1691/1433 645/1692/1433 1520/1693/1433
f 1638/1694/1434 641/1429/1434 1580/1660/1434
f 2062/1428/1435 1640/1627/1435 641/1429/1435
f 689/1633/1436 690/1657/1436 1331/945/1436
f 1581/1629/1437 1613/1628/1437 1611/1625/1437
f 1629/1695/1438 1769/1673/1438 682/1696/1438
f 679/1460/1439 1615/1630/1439 686/1604/1439
f 683/1697/1440 567/1698/1440 686/1604/1440
f 684/1623/1441 1615/1630/1441 685/1459/1441
f 689/1633/1442 1582/1632/1442 1767/1622/1442
f 1768/1699/1443 1617/1631/1443 684/1623/1443
f 684/1623/1444 1582/1632/1444 1768/1699/1444
f 1685/1700/1445 1771/1701/1445 687/1655/1445
f 1654/1600/1446 566/1364/1446 1655/1702/1446
f 1749/1365/1447 566/1364/1447 1653/1366/1447
f 1529/1703/1448 1755/1704/1448 662/1705/1448
f 1756/1706/1449 1532/1707/1449 698/1708/1449
f 1543/1709/1450 431/1342/1450 1537/1710/1450
f 983/1233/1451 1538/1711/1451 431/1342/1451
f 1758/1712/1452 1539/1713/1452 664/1714/1452
f 1755/1704/1453 1542/1715/1453 662/1705/1453
f 1545/1716/1454 1759/1717/1454 663/1718/1454
f 1760/1719/1455 1544/1720/1455 663/1718/1455
f 1758/1712/1456 1760/1719/1456 661/1721/1456
f 711/1722/1457 1761/1723/1457 1559/1724/1457
f 1761/1438/1458 1577/1725/1458 1576/1726/1458
f 1762/1727/1459 1566/1728/1459 1546/1243/1459
f 1554/1729/1460 1762/1727/1460 1549/1730/1460
f 1549/1730/1461 1762/1727/1461 1546/1243/1461
f 1577/1725/1462 678/1731/1462 1576/1726/1462
f 1689/1555/1463 1551/1557/1463 1552/1558/1463
f 1554/1729/1464 1552/1558/1464 1553/1732/1464
f 678/1731/1465 1547/1733/1465 1550/1734/1465
f 1552/1558/1466 1549/1730/1466 1548/1359/1466
f 1555/1735/1467 1556/1736/1467 1558/1737/1467
f 1763/1738/1468 1561/1739/1468 1564/1740/1468
f 1557/1741/1469 1564/1740/1469 1561/1739/1469
f 1565/1742/1470 1560/1743/1470 1564/1740/1470
f 1564/1740/1471 1560/1743/1471 1763/1738/1471
f 1693/1744/1472 1501/1745/1472 1516/1746/1472
f 1547/1733/1473 677/1747/1473 1566/1728/1473
f 1754/1748/1474 1567/1749/1474 656/1750/1474
f 656/1750/1475 1568/1751/1475 1573/1752/1475
f 1760/1719/1476 1568/1751/1476 661/1721/1476
f 981/745/1477 618/1678/1477 1776/1677/1477
f 1738/1679/1478 618/1678/1478 614/1753/1478
f 617/872/1479 618/1678/1479 981/745/1479
f 1511/1754/1480 1510/743/1480 1513/1755/1480
f 1510/743/1481 981/745/1481 1513/1755/1481
f 1678/1618/1482 1670/1756/1482 569/1619/1482
f 1352/844/1483 845/710/1483 1546/1243/1483
f 1846/1757/1484 1492/1758/1484 1717/1759/1484
f 1486/1760/1485 1846/1757/1485 1696/1761/1485
f 658/1762/1486 1592/1680/1486 1596/1682/1486
f 2021/1763/1487 1732/1764/1487 765/1765/1487
f 1732/1766/1488 1347/888/1488 763/890/1488
f 1477/1767/1489 691/1768/1489 705/1769/1489
f 1807/1770/1490 1832/1771/1490 1696/1772/1490
f 1727/1773/1491 1807/1770/1491 1829/1774/1491
f 1832/1771/1492 1807/1770/1492 1727/1773/1492
f 1583/1775/1493 1711/1776/1493 1696/1777/1493
f 666/1778/1494 1711/1776/1494 1722/1448/1494
f 1713/1779/1495 1807/1780/1495 1696/1761/1495
f 1737/1781/1496 1696/1761/1496 1590/1782/1496
f 564/1385/1497 1803/1783/1497 1810/1784/1497
f 563/1468/1498 1859/1785/1498 608/1786/1498
f 1834/1443/1499 1583/1787/1499 1696/1761/1499
f 600/1445/1500 674/1478/1500 1834/1443/1500
f 1715/1788/1501 1703/1789/1501 1696/1761/1501
f 654/1416/1502 1703/1789/1502 1710/1476/1502
f 1484/1790/1503 1350/1791/1503 608/1792/1503
f 701/1793/1504 1484/1794/1504 635/1795/1504
f 1711/1776/1505 1715/1796/1505 1696/1777/1505
f 666/1778/1506 1715/1796/1506 1711/1776/1506
f 1847/1797/1507 1846/1798/1507 1717/1799/1507
f 608/1786/1508 1859/1785/1508 1810/1784/1508
f 1819/1800/1509 1736/1801/1509 1738/1679/1509
f 1736/1801/1510 1735/1802/1510 1525/1803/1510
f 1876/1804/1511 1823/1805/1511 615/1806/1511
f 1738/1679/1512 1525/1803/1512 1776/1677/1512
f 1701/1807/1513 1737/1781/1513 701/1793/1513
f 1339/942/1514 1742/941/1514 639/1808/1514
f 1698/1452/1515 1728/1458/1515 1699/1442/1515
f 1724/1809/1516 1113/939/1516 675/940/1516
f 1832/1771/1517 1845/1810/1517 1696/1772/1517
f 602/1811/1518 1845/1810/1518 1835/1812/1518
f 1712/1813/1519 1714/1479/1519 674/1478/1519
f 1717/1759/1520 1484/1794/1520 608/1786/1520
f 1748/1369/1521 1741/1658/1521 1647/1363/1521
f 685/1459/1522 1647/1363/1522 1741/1658/1522
f 1331/945/1523 1747/1659/1523 409/936/1523
f 570/1612/1524 1662/1607/1524 1562/1814/1524
f 1688/1358/1525 1548/1359/1525 1549/1730/1525
f 1670/1756/1526 1678/1618/1526 1671/1815/1526
f 1678/1816/1527 1669/1817/1527 1671/1818/1527
f 1665/1819/1528 1671/1818/1528 572/1611/1528
f 1562/1814/1529 1563/1613/1529 570/1612/1529
f 570/1612/1530 572/1611/1530 1663/1820/1530
f 1669/1817/1531 1677/1608/1531 561/1610/1531
f 1676/1821/1532 1652/1602/1532 1674/1601/1532
f 1831/1822/1533 1712/1813/1533 674/1478/1533
f 1836/1823/1534 1795/1824/1534 1869/1825/1534
f 1795/1826/1535 1719/1827/1535 1832/1828/1535
f 1813/1829/1536 1781/1484/1536 668/1483/1536
f 1777/1830/1537 1830/1831/1537 1875/1832/1537
f 604/1833/1538 1836/1834/1538 692/1393/1538
f 588/1377/1539 1848/1835/1539 1789/1836/1539
f 605/1837/1540 1844/1838/1540 1820/1839/1540
f 1803/1840/1541 1844/1838/1541 1717/1799/1541
f 1717/1799/1542 1844/1838/1542 1843/1841/1542
f 1878/1842/1543 1844/1838/1543 605/1837/1543
f 1843/1841/1544 1844/1838/1544 1878/1842/1544
f 607/1843/1545 1833/1844/1545 601/1845/1545
f 594/1846/1546 612/1847/1546 1785/1418/1546
f 612/1847/1547 594/1846/1547 693/1848/1547
f 1820/1384/1548 1848/1849/1548 605/1850/1548
f 1797/1425/1549 601/1845/1549 592/1474/1549
f 1794/1851/1550 601/1845/1550 1797/1425/1550
f 606/1852/1551 1848/1835/1551 588/1377/1551
f 1839/1853/1552 1879/1854/1552 1857/1855/1552
f 1847/1797/1553 1851/1856/1553 1826/1857/1553
f 1717/1799/1554 1851/1856/1554 1847/1797/1554
f 1789/1387/1555 1883/1858/1555 588/1859/1555
f 1778/1860/1556 1707/1376/1556 1854/1861/1556
f 1707/1376/1557 1778/1860/1557 592/1474/1557
f 1778/1860/1558 699/1472/1558 592/1474/1558
f 699/1472/1559 1854/1861/1559 1702/1471/1559
f 1855/1396/1560 1818/1862/1560 596/1863/1560
f 607/1843/1561 1802/1864/1561 1833/1844/1561
f 1833/1844/1562 1802/1864/1562 593/1865/1562
f 1837/1866/1563 1787/1867/1563 1712/1813/1563
f 1860/1868/1564 1809/1869/1564 1858/1469/1564
f 1817/991/1565 1780/1238/1565 343/914/1565
f 1716/1420/1566 1860/1868/1566 1863/1470/1566
f 1808/1421/1567 1716/1420/1567 1866/1381/1567
f 611/1422/1568 1864/1870/1568 1793/1423/1568
f 595/1871/1569 652/1872/1569 610/1873/1569
f 1793/1423/1570 1861/1380/1570 610/1873/1570
f 1866/1381/1571 1861/1380/1571 1793/1423/1571
f 1808/1421/1572 1867/1408/1572 597/1383/1572
f 1864/1870/1573 1865/1424/1573 1786/1394/1573
f 611/1422/1574 1865/1424/1574 1864/1870/1574
f 1793/1423/1575 1864/1870/1575 1867/1408/1575
f 1867/1408/1576 1864/1870/1576 670/1409/1576
f 604/1833/1577 1875/1832/1577 603/1874/1577
f 692/1393/1578 1875/1832/1578 604/1833/1578
f 1868/1875/1579 1869/1825/1579 1829/1774/1579
f 1836/1823/1580 1868/1875/1580 692/1876/1580
f 1869/1825/1581 1868/1875/1581 1836/1823/1581
f 573/1877/1582 1800/1419/1582 1799/1410/1582
f 1855/1396/1583 1706/1395/1583 1838/1878/1583
f 652/1872/1584 1706/1395/1584 1865/1424/1584
f 589/1879/1585 1870/1404/1585 594/1846/1585
f 596/1863/1586 1782/1880/1586 1855/1396/1586
f 1879/1390/1587 1881/1881/1587 1857/1882/1587
f 1830/1831/1588 1881/1881/1588 613/1883/1588
f 1884/1884/1589 1874/1885/1589 1882/1434/1589
f 610/1873/1590 652/1872/1590 1865/1424/1590
f 1800/1419/1591 613/1883/1591 1880/1417/1591
f 1800/1419/1592 1873/1426/1592 1799/1410/1592
f 1873/1426/1593 1800/1419/1593 612/1847/1593
f 1805/1407/1594 1786/1394/1594 1885/1405/1594
f 1824/1389/1595 1884/1884/1595 613/1883/1595
f 1726/1481/1596 595/1871/1596 1861/1380/1596
f 601/1845/1597 1815/1482/1597 592/1474/1597
f 652/1872/1598 1816/1886/1598 1802/1864/1598
f 1816/1886/1599 652/1872/1599 595/1871/1599
f 1706/1395/1600 1802/1864/1600 1838/1878/1600
f 1802/1864/1601 1706/1395/1601 652/1872/1601
f 1887/1887/1602 1868/1875/1602 1829/1774/1602
f 1842/1888/1603 1877/1889/1603 606/1852/1603
f 1808/1421/1604 1793/1423/1604 1867/1408/1604
f 670/1409/1605 1849/1386/1605 597/1383/1605
f 1805/1407/1606 1883/1858/1606 670/1409/1606
f 1851/1856/1607 1791/1890/1607 1826/1857/1607
f 1886/1427/1608 693/1848/1608 596/1863/1608
f 1882/1434/1609 1870/1404/1609 589/1879/1609
f 1870/1404/1610 1882/1434/1610 1885/1405/1610
f 1829/1891/1611 1791/1892/1611 1850/1893/1611
f 1801/1400/1612 1790/1397/1612 1787/1867/1612
f 1790/1397/1613 1801/1400/1613 1729/1411/1613
f 1787/1867/1614 1790/1397/1614 1798/1399/1614
f 1888/1894/1615 1811/1412/1615 1852/1402/1615
f 1843/1841/1616 1839/1853/1616 1850/1895/1616
f 1874/1896/1617 1842/1888/1617 1827/1379/1617
f 1887/1897/1618 1850/1893/1618 1857/1882/1618
f 1801/1400/1619 1811/1412/1619 1729/1411/1619
f 1852/1402/1620 1811/1412/1620 1801/1400/1620
f 1712/1813/1621 1831/1822/1621 1719/1827/1621
f 600/1445/1622 1831/1822/1622 674/1478/1622
f 1832/1828/1623 1719/1827/1623 1835/1898/1623
f 607/1843/1624 1838/1878/1624 1802/1864/1624
f 1818/1862/1625 1838/1878/1625 607/1843/1625
f 1813/1829/1626 593/1865/1626 672/1899/1626
f 593/1865/1627 1813/1829/1627 1833/1844/1627
f 1874/1885/1628 1884/1884/1628 1824/1389/1628
f 1788/1900/1629 588/1377/1629 1883/1901/1629
f 1781/1484/1630 1707/1376/1630 668/1483/1630
f 1782/1880/1631 1870/1404/1631 598/1403/1631
f 599/1401/1632 1875/1832/1632 1853/1902/1632
f 1886/1427/1633 1794/1851/1633 1797/1425/1633
f 1718/1391/1634 1887/1897/1634 1857/1882/1634
f 1727/1903/1635 1795/1826/1635 1832/1828/1635
f 1869/1825/1636 1795/1824/1636 1727/1773/1636
f 1810/1784/1637 1809/1869/1637 564/1385/1637
f 1809/1869/1638 1810/1784/1638 1859/1785/1638
f 609/1239/1639 563/1468/1639 608/1786/1639
f 591/1475/1640 1873/1426/1640 1797/1425/1640
f 1801/1400/1641 1787/1867/1641 599/1401/1641
f 668/1483/1642 1815/1482/1642 1813/1829/1642
f 672/1899/1643 595/1871/1643 1726/1481/1643
f 592/1474/1644 591/1475/1644 1797/1425/1644
f 1724/1809/1645 1728/1458/1645 1725/1668/1645
f 1852/1402/1646 1853/1902/1646 1888/1894/1646
f 1794/1851/1647 1886/1427/1647 596/1863/1647
f 1725/1668/1648 1726/1481/1648 1804/1904/1648
f 1726/1481/1649 1725/1668/1649 1812/1453/1649
f 659/1905/1650 1503/1906/1650 1482/1907/1650
f 1644/1362/1651 562/1361/1651 1689/1555/1651
f 2048/1908/1652 2075/1909/1652 2082/1910/1652
f 2054/1911/1653 680/1912/1653 551/1913/1653
f 2059/1914/1654 2029/1915/1654 771/1916/1654
f 2123/1917/1655 2039/1918/1655 2087/1919/1655
f 2089/1920/1656 2102/1921/1656 2112/1922/1656
f 2133/1923/1657 731/1924/1657 2093/1925/1657
f 2098/1926/1658 2102/1921/1658 2116/1927/1658
f 2102/1921/1659 2094/1928/1659 2112/1922/1659
f 2104/1929/1660 2095/1930/1660 734/1931/1660
f 2110/1932/1661 2135/1933/1661 733/1934/1661
f 2095/1935/1662 2116/1936/1662 734/1937/1662
f 2097/1938/1663 2122/1939/1663 751/1940/1663
f 2135/1933/1664 2110/1932/1664 2088/1159/1664
f 751/1941/1665 2101/1942/1665 2106/1943/1665
f 2115/1944/1666 2109/1945/1666 2105/1946/1666
f 2056/1947/1667 2082/1910/1667 2075/1909/1667
f 2096/1948/1668 2098/1949/1668 2068/1950/1668
f 2090/1951/1669 2107/1952/1669 2106/1943/1669
f 2131/1953/1670 750/1954/1670 2104/1929/1670
f 2135/1955/1671 2088/1956/1671 2092/1957/1671
f 743/1958/1672 741/1959/1672 740/1960/1672
f 2105/1961/1673 2097/1962/1673 728/1963/1673
f 2097/1938/1674 751/1940/1674 2091/1964/1674
f 2100/1965/1675 2095/1966/1675 2104/1967/1675
f 751/1940/1676 2106/1968/1676 2091/1964/1676
f 2130/1969/1677 2118/1970/1677 745/1971/1677
f 2107/1972/1678 2108/1973/1678 2097/1962/1678
f 2097/1962/1679 2091/1974/1679 2107/1972/1679
f 2131/1953/1680 2092/1957/1680 2088/1956/1680
f 2130/1975/1681 2097/1962/1681 2108/1973/1681
f 2114/1976/1682 2082/1910/1682 2056/1947/1682
f 2068/1977/1683 728/1963/1683 2082/1910/1683
f 2129/1978/1684 728/1963/1684 740/1979/1684
f 2126/1980/1685 746/1981/1685 2119/1982/1685
f 733/1983/1686 736/1984/1686 2132/1985/1686
f 2107/1952/1687 2090/1951/1687 2108/1986/1687
f 2068/1977/1688 2082/1910/1688 2114/1976/1688
f 2102/1921/1689 2103/1987/1689 2116/1927/1689
f 2120/1988/1690 2128/1989/1690 739/1990/1690
f 740/1979/1691 728/1963/1691 2113/1991/1691
f 742/1992/1692 741/1993/1692 749/1994/1692
f 2130/1975/1693 2113/1991/1693 728/1963/1693
f 740/1979/1694 2111/1995/1694 739/1996/1694
f 741/1959/1695 2111/1997/1695 740/1960/1695
f 2103/1987/1696 2131/1953/1696 2104/1929/1696
f 2098/1998/1697 728/1963/1697 2068/1977/1697
f 2092/1957/1698 2131/1953/1698 2133/1923/1698
f 2090/1951/1699 2106/1943/1699 2101/1942/1699
f 2118/1999/1700 2090/1951/1700 2101/1942/1700
f 739/2000/1701 2111/1997/1701 744/2001/1701
f 749/1994/1702 2127/2002/1702 2121/2003/1702
f 742/2004/1703 2120/2005/1703 744/2006/1703
f 742/2007/1704 744/2008/1704 741/2009/1704
f 2110/1932/1705 733/1934/1705 2109/2010/1705
f 743/2011/1706 745/2012/1706 2127/2013/1706
f 745/2012/1707 743/2011/1707 2113/2014/1707
f 747/2015/1708 2121/2016/1708 2052/2017/1708
f 738/2018/1709 2125/2019/1709 2129/2020/1709
f 2052/2017/1710 2125/2019/1710 747/2015/1710
f 738/2018/1711 2129/2020/1711 2128/2021/1711
f 738/2018/1712 2128/2021/1712 2120/2005/1712
f 2121/2003/1713 746/1981/1713 2052/2022/1713
f 748/2023/1714 2121/2016/1714 747/2015/1714
f 2119/1982/1715 746/1981/1715 2121/2003/1715
f 2121/2003/1716 2127/2002/1716 2119/1982/1716
f 2043/2024/1717 737/2025/1717 2127/2002/1717
f 2120/2005/1718 748/2023/1718 738/2018/1718
f 748/2023/1719 2120/2005/1719 742/2004/1719
f 739/2026/1720 2128/2027/1720 2129/2028/1720
f 740/1979/1721 739/1996/1721 2129/1978/1721
f 2097/1962/1722 2130/1975/1722 728/1963/1722
f 748/2029/1723 742/1992/1723 2121/2003/1723
f 2118/1970/1724 2130/1969/1724 2090/2030/1724
f 2113/2031/1725 2130/2032/1725 745/2033/1725
f 2131/1953/1726 2089/1920/1726 2112/1922/1726
f 2131/1953/1727 2083/2034/1727 2133/1923/1727
f 750/1954/1728 2131/1953/1728 2088/1956/1728
f 719/2035/1729 770/2036/1729 731/1924/1729
f 2092/1957/1730 2133/1923/1730 2134/2037/1730
f 2134/2037/1731 737/2025/1731 2132/2038/1731
f 2109/2039/1732 2122/1939/1732 2097/1938/1732
f 2115/2040/1733 2104/1967/1733 750/2041/1733
f 2100/2042/1734 728/1963/1734 2098/1998/1734
f 2100/2043/1735 735/2044/1735 2105/2045/1735
f 2070/2046/1736 730/2047/1736 714/2048/1736
f 730/2047/1737 2070/2046/1737 2060/2049/1737
f 2056/1947/1738 2047/2050/1738 2041/2051/1738
f 1945/2052/1739 1988/2053/1739 1996/2054/1739
f 1963/1527/1740 2014/1507/1740 1939/2055/1740
f 1991/2056/1741 1994/2057/1741 2016/2058/1741
f 1945/2059/1742 2016/2058/1742 1993/2060/1742
f 1508/2061/1743 1995/2062/1743 2018/2063/1743
f 2012/2064/1744 1989/1577/1744 1906/1576/1744
f 2015/2065/1745 2008/2066/1745 761/2067/1745
f 2015/2065/1746 1994/2057/1746 1991/2056/1746
f 759/2068/1747 2000/2069/1747 1979/2070/1747
f 1991/2056/1748 1969/1495/1748 2015/2065/1748
f 2011/2071/1749 1996/2054/1749 757/2072/1749
f 1971/1504/1750 778/2073/1750 1951/2074/1750
f 1933/2075/1751 1954/2076/1751 774/1520/1751
f 778/2077/1752 1976/1547/1752 1953/1525/1752
f 580/2078/1753 781/1490/1753 1974/1489/1753
f 773/1541/1754 1932/2079/1754 779/1540/1754
f 580/2078/1755 1926/2080/1755 1957/2081/1755
f 624/2082/1756 1966/2083/1756 577/2084/1756
f 580/2078/1757 1921/1584/1757 1930/2085/1757
f 1941/2086/1758 1929/1546/1758 1970/2087/1758
f 1957/2081/1759 1927/2088/1759 1956/1545/1759
f 760/2089/1760 1987/2090/1760 1978/1559/1760
f 776/1510/1761 1944/1509/1761 1970/2091/1761
f 1952/2092/1762 1472/1539/1762 775/1538/1762
f 776/1510/1763 1969/1495/1763 1944/1509/1763
f 1958/1491/1764 1937/2093/1764 1973/1492/1764
f 1961/1531/1765 1973/1492/1765 1937/2093/1765
f 779/1540/1766 778/2077/1766 1953/1525/1766
f 778/2077/1767 779/1540/1767 1946/2094/1767
f 1335/2095/1768 609/1239/1768 608/1786/1768
f 2019/2096/1769 1335/2095/1769 608/1786/1769
f 979/1227/1770 1335/2095/1770 2019/2096/1770
f 1054/935/1771 1746/937/1771 1742/941/1771
f 1336/1455/1293 1338/2097/1293 565/1457/1293
f 565/1457/1293 1338/2097/1293 1113/2098/1293
f 1113/2098/1293 1338/2097/1293 675/2099/1293
f 1659/1242/1772 1332/767/1772 959/724/1772
f 2027/2100/1773 1332/767/1773 1659/1242/1773
f 1642/1663/1774 1332/767/1774 2027/2100/1774
f 1332/767/1775 1642/1663/1775 941/711/1775
f 1566/1728/1776 864/1232/1776 1546/1243/1776
f 1348/892/1777 1680/2101/1777 614/1753/1777
f 609/1239/1778 1780/1238/1778 563/1468/1778
f 1817/991/1779 1026/1240/1779 565/1241/1779
f 2059/1914/1780 1636/2102/1780 2029/1915/1780
f 2031/2103/1781 2034/2104/1781 723/2105/1781
f 2056/1947/1782 2033/2106/1782 2071/2107/1782
f 721/2108/1783 2041/2051/1783 2064/2109/1783
f 2075/1909/1784 2047/2050/1784 2056/1947/1784
f 2116/1927/1785 2103/1987/1785 734/1931/1785
f 2057/2110/1786 714/2111/1786 1633/2112/1786
f 2038/2113/1787 2073/2114/1787 2047/2050/1787
f 2038/2115/1788 2035/2116/1788 2073/2117/1788
f 2053/2118/1789 2050/2119/1789 1634/2120/1789
f 2076/2121/1790 2075/1909/1790 2048/1908/1790
f 2064/2122/1791 2054/2123/1791 551/2124/1791
f 632/1551/1792 1963/1512/1792 1943/1514/1792
f 1978/1559/1793 1987/2090/1793 1980/1560/1793
f 1991/2056/1794 2016/2058/1794 1945/2059/1794
f 1524/1687/1795 646/1690/1795 645/1692/1795
f 634/2125/1796 1752/2126/1796 1525/1803/1796
f 1993/2060/1797 1998/2127/1797 1997/2128/1797
f 2013/2129/1798 1998/2130/1798 2012/2064/1798
f 1963/1512/1799 1938/1550/1799 1949/2131/1799
f 1512/1371/1800 1514/2132/1800 1509/2133/1800
f 582/2134/1801 1896/2135/1801 584/2136/1801
f 1923/1567/1802 1917/2137/1802 583/2138/1802
f 1517/2139/1803 1896/2135/1803 687/1655/1803
f 1911/2140/1804 1507/2141/1804 621/2142/1804
f 712/2143/1805 1473/2144/1805 1517/2139/1805
f 2017/2145/1806 759/2068/1806 1918/2146/1806
f 2016/2058/1807 2006/2147/1807 1993/2060/1807
f 2007/1588/1808 1918/2146/1808 1913/1589/1808
f 756/2148/1809 1982/2149/1809 2001/2150/1809
f 1918/2146/1810 1979/2070/1810 1913/1589/1810
f 1959/1536/1811 1981/1579/1811 2003/2151/1811
f 2001/2150/1812 1982/2149/1812 1981/2152/1812
f 1981/2153/1813 2222/2154/1813 2007/2155/1813
f 1986/2156/1814 1982/2149/1814 1977/2157/1814
f 1945/2059/1815 1996/2158/1815 1992/2159/1815
f 1764/2160/1816 1551/1557/1816 1765/1621/1816
f 1556/1736/1817 1565/1742/1817 1564/1740/1817
f 1564/1740/1818 1557/1741/1818 1556/1736/1818
f 1560/1743/1819 1565/1742/1819 711/1722/1819
f 1559/1724/1820 1560/1743/1820 711/1722/1820
f 571/2161/1821 1563/1613/1821 1763/1738/1821
f 1765/1621/1822 1687/2162/1822 1764/2160/1822
f 1687/2162/1823 1763/2163/1823 1764/2160/1823
f 1533/2164/1824 1567/1749/1824 698/1708/1824
f 1569/2165/1825 1570/1466/1825 653/1465/1825
f 1573/1752/1826 1574/2166/1826 656/1750/1826
f 1514/2132/1827 622/2167/1827 1513/1755/1827
f 1752/2126/1828 1523/1669/1828 1514/2132/1828
f 1529/1703/1829 1530/2168/1829 766/820/1829
f 1530/2168/1830 1531/2169/1830 661/1721/1830
f 677/1747/1831 1547/1733/1831 1757/2170/1831
f 1537/1710/1832 1536/2171/1832 1534/2172/1832
f 1537/1710/1833 1538/1711/1833 677/1747/1833
f 1539/1713/1834 1540/2173/1834 664/1714/1834
f 1537/1710/1835 1540/2173/1835 1541/2174/1835
f 1541/2174/1836 1543/1709/1836 1537/1710/1836
f 1535/2175/1837 1544/1720/1837 664/1714/1837
f 1545/1716/1838 1535/2175/1838 676/2176/1838
f 1547/1733/1839 1566/1728/1839 1762/1727/1839
f 1762/1727/1840 1550/1734/1840 1547/1733/1840
f 1341/709/1841 1688/1358/1841 845/710/1841
f 1989/1577/1842 2012/2064/1842 1998/2130/1842
f 1999/2177/1843 1914/2178/1843 1508/2179/1843
f 1994/2057/1844 2005/2180/1844 2006/2147/1844
f 2015/2065/1845 1969/1495/1845 2009/2181/1845
f 2009/2181/1846 2010/2182/1846 2008/2066/1846
f 2008/2066/1847 2015/2065/1847 2009/2181/1847
f 2000/2183/1848 2012/2064/1848 1984/2184/1848
f 2002/1590/1849 2003/2151/1849 2007/1588/1849
f 2222/2185/1850 2017/2145/1850 2007/1588/1850
f 2004/2186/1851 1978/2187/1851 1986/2156/1851
f 755/2188/1852 1981/2152/1852 1982/2149/1852
f 762/2189/1853 2015/2065/1853 761/2067/1853
f 1345/2190/1854 530/2191/1854 2024/2192/1854
f 1344/2193/1855 531/2194/1855 765/2195/1855
f 531/2194/1856 1342/2196/1856 2021/2197/1856
f 1342/2198/1857 768/2199/1857 2021/2200/1857
f 2021/2197/1856 765/2195/1856 531/2194/1856
f 765/2195/1855 2023/2201/1855 1344/2193/1855
f 2023/2202/1858 764/2203/1858 1344/2204/1858
f 764/2203/1854 2024/2192/1854 530/2191/1854
f 1344/2204/1858 764/2203/1858 530/2191/1858
f 2024/2205/1859 769/2206/1859 1345/2207/1859
f 340/2208/1860 341/452/1860 945/454/1860
f 944/453/1861 341/452/1861 463/732/1861
f 949/714/1862 1060/462/1862 1051/461/1862
f 1056/934/1863 1059/943/1863 409/936/1863
f 1139/509/1864 373/971/1864 1152/477/1864
f 373/971/1865 1159/478/1865 1152/477/1865
f 1189/480/1866 1130/517/1866 1118/516/1866
f 363/498/1867 1091/497/1867 1119/506/1867
f 1119/506/1868 1183/1028/1868 382/959/1868
f 365/490/1869 1175/489/1869 1114/504/1869
f 460/1005/1870 1097/540/1870 1191/1007/1870
f 363/498/1871 1087/505/1871 1104/500/1871
f 1160/474/1872 1114/504/1872 1037/1000/1872
f 382/959/1873 1087/505/1873 1119/506/1873
f 1089/486/1874 1022/507/1874 887/487/1874
f 1102/981/1875 1135/510/1875 1139/509/1875
f 1126/578/1876 1010/524/1876 1092/519/1876
f 1167/485/1877 1165/1006/1877 1010/524/1877
f 344/475/1878 1160/474/1878 1173/582/1878
f 923/2209/1879 922/814/1879 921/531/1879
f 985/1237/1880 879/2210/1880 984/1634/1880
f 420/572/1881 883/571/1881 1006/788/1881
f 1163/495/1882 1125/488/1882 1190/1030/1882
f 1187/503/1883 1182/502/1883 1133/539/1883
f 893/2211/1884 862/1330/1884 863/1326/1884
f 904/2212/1885 792/2213/1885 901/2214/1885
f 1034/557/1886 999/556/1886 1723/779/1886
f 440/902/1887 1033/899/1887 1015/2215/1887
f 433/898/1888 1015/2215/1888 1033/899/1888
f 463/732/1889 339/544/1889 953/543/1889
f 1211/2216/1890 1199/1296/1890 925/773/1890
f 1004/538/1891 1009/465/1891 887/487/1891
f 1083/560/1892 992/559/1892 854/1324/1892
f 425/857/1893 467/561/1893 993/858/1893
f 956/460/1894 448/811/1894 445/563/1894
f 995/765/1895 345/735/1895 335/763/1895
f 996/565/1896 929/564/1896 345/735/1896
f 994/721/1897 976/2217/1897 465/2218/1897
f 418/570/1898 999/556/1898 1000/573/1898
f 1004/538/1899 883/571/1899 869/569/1899
f 418/570/1900 1000/573/1900 1004/538/1900
f 369/975/1901 1183/1028/1901 1105/1031/1901
f 883/571/1902 888/537/1902 1006/788/1902
f 1009/465/1903 1014/554/1903 1012/466/1903
f 435/961/1904 1012/466/1904 1014/554/1904
f 437/996/1905 1107/995/1905 1112/581/1905
f 1038/583/1906 1009/465/1906 1002/464/1906
f 454/2219/1907 1720/780/1907 1029/584/1907
f 671/585/1908 1029/584/1908 1720/780/1908
f 1266/706/1909 1280/643/1909 1276/650/1909
f 538/2220/1910 1247/2221/1910 394/1220/1910
f 545/1204/1911 1257/633/1911 1279/632/1911
f 525/2222/1912 1316/629/1912 1210/628/1912
f 1280/1209/1913 1279/1208/1913 1330/2223/1913
f 545/2224/1914 1279/2225/1914 1245/2226/1914
f 537/620/1915 397/668/1915 1258/621/1915
f 545/2227/1916 1284/2228/1916 539/2229/1916
f 1275/658/1917 394/1220/1917 824/2230/1917
f 1278/634/1918 1329/666/1918 1274/635/1918
f 1269/679/1919 536/602/1919 1232/601/1919
f 1287/800/1920 1288/646/1920 1291/649/1920
f 520/1183/1921 1313/603/1921 522/605/1921
f 336/2231/1922 349/2232/1922 547/2233/1922
f 426/727/1923 819/2234/1923 327/568/1923
f 851/1038/1924 850/671/1924 962/670/1924
f 1236/2235/1925 397/668/1925 388/700/1925
f 1288/646/1926 1196/2236/1926 1224/687/1926
f 396/2237/1927 1240/2238/1927 397/696/1927
f 542/653/1928 1246/2239/1928 1253/2240/1928
f 1226/684/1929 1233/686/1929 1237/692/1929
f 817/667/1930 392/2241/1930 350/1300/1930
f 350/1300/1931 1218/2242/1931 1198/2243/1931
f 943/770/1932 340/2208/1932 945/454/1932
f 955/2244/1933 958/548/1933 347/2245/1933
f 951/2246/1934 448/811/1934 956/460/1934
f 956/460/1935 445/563/1935 1053/458/1935
f 994/721/1936 951/720/1936 976/2217/1936
f 346/2247/1937 347/2248/1937 951/2246/1937
f 346/2247/1938 955/2249/1938 347/2248/1938
f 989/726/1939 969/566/1939 970/2250/1939
f 327/568/1940 969/566/1940 426/727/1940
f 971/733/1941 1082/737/1941 970/2250/1941
f 338/949/1942 345/735/1942 995/765/1942
f 975/2251/1943 963/2252/1943 965/2253/1943
f 965/2254/1944 963/738/1944 968/730/1944
f 972/740/1945 974/741/1945 978/742/1945
f 465/2218/1946 972/740/1946 973/764/1946
f 342/718/1947 977/547/1947 972/740/1947
f 338/949/1948 995/765/1948 973/764/1948
f 946/455/1949 944/453/1949 961/549/1949
f 1683/723/1950 960/725/1950 957/716/1950
f 340/2208/1951 965/2253/1951 341/452/1951
f 965/2253/1952 340/2208/1952 975/2251/1952
f 901/2214/1953 862/1330/1953 453/2255/1953
f 913/944/1954 912/562/1954 449/754/1954
f 534/2256/1955 1078/2257/1955 937/760/1955
f 1077/755/1956 932/758/1956 937/760/1956
f 448/722/1957 994/721/1957 919/756/1957
f 921/531/1958 922/814/1958 914/529/1958
f 985/1237/1959 911/753/1959 879/2210/1959
f 930/2258/1960 925/773/1960 924/1295/1960
f 331/2259/1961 334/2260/1961 926/757/1961
f 334/2260/1962 929/564/1962 926/757/1962
f 925/947/1963 331/2259/1963 926/757/1963
f 333/2261/1964 332/2262/1964 939/2263/1964
f 932/758/1965 464/761/1965 933/2264/1965
f 932/758/1966 465/2218/1966 1080/762/1966
f 1080/762/1967 464/761/1967 932/758/1967
f 1332/767/1968 941/711/1968 942/457/1968
f 1348/892/1969 909/891/1969 980/910/1969
f 969/566/1970 328/567/1970 929/564/1970
f 949/2265/1971 950/713/1971 444/712/1971
f 331/2259/1972 925/947/1972 332/2262/1972
f 332/2266/1973 925/773/1973 928/774/1973
f 929/564/1974 334/2260/1974 345/735/1974
f 933/2264/1975 464/761/1975 939/2263/1975
f 465/2218/1976 932/758/1976 994/721/1976
f 995/765/1977 335/763/1977 1080/762/1977
f 939/2263/1978 464/761/1978 335/763/1978
f 361/771/1979 1083/560/1979 991/862/1979
f 904/2212/1980 806/2267/1980 792/2213/1980
f 998/2268/1981 889/2269/1981 404/2270/1981
f 453/2255/1982 893/2211/1982 891/2271/1982
f 1340/2272/1983 984/2273/1983 879/812/1983
f 914/529/1984 533/807/1984 446/2274/1984
f 912/562/1985 445/563/1985 920/752/1985
f 923/2209/1986 412/2275/1986 1340/2272/1986
f 1340/2272/1987 412/2275/1987 1638/1694/1987
f 328/567/1988 986/946/1988 926/757/1988
f 925/773/1989 930/2258/1989 329/749/1989
f 455/818/1990 1071/1235/1990 828/823/1990
f 442/1344/1991 832/2276/1991 443/829/1991
f 443/829/1992 846/830/1992 834/863/1992
f 856/1346/1993 427/1328/1993 842/851/1993
f 855/1323/1994 469/1329/1994 854/1324/1994
f 855/1323/1995 467/561/1995 425/857/1995
f 860/856/1996 856/860/1996 861/1325/1996
f 993/858/1997 857/853/1997 860/856/1997
f 469/1329/1998 862/1330/1998 901/2214/1998
f 427/1328/1999 852/669/1999 842/851/1999
f 863/1345/2000 865/849/2000 893/2277/2000
f 855/1323/2001 863/1326/2001 862/1330/2001
f 846/830/2002 452/790/2002 865/849/2002
f 787/931/2003 1048/874/2003 1046/2278/2003
f 1047/873/2004 1046/2278/2004 1048/874/2004
f 763/890/2005 1042/889/2005 1353/877/2005
f 768/2199/2006 1342/2198/2006 1347/888/2006
f 998/2279/2007 803/2280/2007 2147/2281/2007
f 889/2269/2008 462/2282/2008 899/2283/2008
f 1142/893/2009 1179/896/2009 1116/894/2009
f 811/2284/2010 422/535/2010 895/905/2010
f 1111/973/2011 1023/2285/2011 1027/985/2011
f 419/508/2012 1016/575/2012 1005/916/2012
f 2155/2286/2013 787/931/2013 1045/2287/2013
f 433/898/2014 1018/900/2014 1024/921/2014
f 1138/1018/2015 1154/986/2015 1030/925/2015
f 404/2288/2016 889/2289/2016 1045/2290/2016
f 404/2288/2017 402/2291/2017 991/862/2017
f 403/875/2018 402/782/2018 1046/2278/2018
f 1184/930/2019 1039/923/2019 787/931/2019
f 1049/744/2020 1050/880/2020 815/1281/2020
f 1055/463/2021 1059/943/2021 1056/934/2021
f 327/568/2022 819/2234/2022 986/946/2022
f 857/853/2023 426/727/2023 989/726/2023
f 989/726/2024 858/854/2024 857/853/2024
f 962/670/2025 852/669/2025 858/2292/2025
f 960/725/2026 959/724/2026 961/549/2026
f 946/455/2027 961/549/2027 959/724/2027
f 858/854/2028 989/726/2028 1082/737/2028
f 968/2293/2029 966/731/2029 965/2253/2029
f 966/731/2030 339/544/2030 463/732/2030
f 1082/737/2031 989/726/2031 970/2250/2031
f 976/2217/2032 951/720/2032 342/718/2032
f 946/455/2033 959/724/2033 1332/767/2033
f 1103/512/2034 438/514/2034 1020/579/2034
f 438/514/2035 1085/950/2035 1020/579/2035
f 439/951/2036 1001/522/2036 1014/554/2036
f 1027/985/2037 375/479/2037 1159/478/2037
f 1151/520/2038 1156/979/2038 1143/521/2038
f 374/476/2039 1100/970/2039 1160/474/2039
f 1012/466/2040 1088/472/2040 376/471/2040
f 1151/520/2041 1143/521/2041 1108/1029/2041
f 1137/928/2042 1023/906/2042 1169/913/2042
f 1117/994/2043 1169/913/2043 1023/906/2043
f 1107/995/2044 1169/913/2044 1117/994/2044
f 437/996/2045 1171/998/2045 1170/997/2045
f 437/996/2046 1112/581/2046 1176/580/2046
f 366/1014/2047 378/999/2047 1003/1004/2047
f 379/993/2048 437/996/2048 1127/526/2048
f 1178/954/2049 1147/953/2049 1177/1002/2049
f 1163/495/2050 1128/989/2050 1180/494/2050
f 1189/480/2051 1163/495/2051 1090/481/2051
f 1190/1030/2052 1090/481/2052 1163/495/2052
f 1144/511/2053 1135/510/2053 1191/469/2053
f 1087/505/2054 1192/960/2054 1025/1009/2054
f 1191/469/2055 1188/468/2055 1144/511/2055
f 1139/509/2056 1152/477/2056 1168/982/2056
f 1025/1009/2057 1010/524/2057 1094/962/2057
f 1126/578/2058 1092/519/2058 1122/518/2058
f 1125/488/2059 1003/1004/2059 1172/1001/2059
f 1036/1011/2060 1171/998/2060 1121/1036/2060
f 1003/1004/2061 367/1027/2061 1129/1013/2061
f 1183/1028/2062 1093/978/2062 1105/1031/2062
f 1176/580/2063 1173/582/2063 1127/526/2063
f 370/1025/2064 1028/492/2064 1166/491/2064
f 1109/977/2065 1182/502/2065 1114/504/2065
f 370/1025/2066 1166/491/2066 1165/1006/2066
f 1181/482/2067 369/975/2067 1189/480/2067
f 372/957/2068 1145/956/2068 1124/968/2068
f 1104/500/2069 1021/513/2069 1095/496/2069
f 1025/1009/2070 1161/501/2070 1087/505/2070
f 1109/977/2071 1097/540/2071 1182/502/2071
f 438/514/2072 1145/956/2072 1085/950/2072
f 1142/958/2073 1110/1033/2073 1145/956/2073
f 1034/557/2074 1035/938/2074 896/558/2074
f 369/975/2075 1105/1031/2075 1189/480/2075
f 1105/1031/2076 1130/517/2076 1189/480/2076
f 370/984/2077 1168/982/2077 1158/1008/2077
f 1186/483/2078 460/1005/2078 1135/990/2078
f 367/1027/2079 1151/520/2079 1129/1013/2079
f 1170/997/2080 1351/992/2080 1107/995/2080
f 1130/517/2081 1105/1031/2081 1099/515/2081
f 343/914/2082 609/1239/2082 1333/912/2082
f 1093/978/2083 1183/1028/2083 1119/506/2083
f 1126/578/2084 1186/483/2084 1167/485/2084
f 435/961/2085 1001/522/2085 1156/979/2085
f 1143/521/2086 1156/979/2086 1001/522/2086
f 366/1014/2087 1108/1029/2087 1121/1036/2087
f 1035/938/2088 1034/557/2088 1032/1037/2088
f 1035/938/2089 1032/1037/2089 1036/1011/2089
f 902/2294/2090 908/2295/2090 904/2296/2090
f 809/861/2091 854/1324/2091 792/2213/2091
f 943/770/2092 975/2251/2092 340/2208/2092
f 975/2251/2093 943/770/2093 851/1038/2093
f 943/770/2094 948/456/2094 849/768/2094
f 1382/1098/2095 1408/1251/2095 1395/1039/2095
f 1369/1040/2096 1395/1039/2096 1408/1251/2096
f 1387/1277/2097 1364/1276/2097 471/2297/2097
f 1415/1085/2098 489/1103/2098 1426/2298/2098
f 1469/1069/2099 1471/2299/2099 1467/1157/2099
f 499/1065/2100 512/1049/2100 490/2300/2100
f 1424/1099/2101 500/1125/2101 489/1103/2101
f 1382/1098/2102 1395/1039/2102 1423/1086/2102
f 489/1103/2103 1415/1085/2103 1470/1087/2103
f 1436/1070/2104 1422/1123/2104 1440/2301/2104
f 1425/2302/2105 1435/1140/2105 1464/1132/2105
f 504/1090/2106 1454/1089/2106 506/1126/2106
f 1439/1096/2107 1430/1095/2107 1432/2303/2107
f 496/1059/2108 1433/1052/2108 1432/2304/2108
f 492/1101/2109 1470/1087/2109 1462/1102/2109
f 512/1049/2110 1419/1084/2110 491/2305/2110
f 489/1079/2111 500/1082/2111 1441/1080/2111
f 1432/1068/2112 1430/2306/2112 1434/2307/2112
f 1449/2308/2113 1450/1154/2113 511/2309/2113
f 1428/1131/2114 510/1152/2114 1455/1134/2114
f 1450/1154/2115 1462/1102/2115 511/2309/2115
f 511/2310/2116 1462/2311/2116 1457/2312/2116
f 1463/1048/2117 1419/1084/2117 512/1049/2117
f 1436/1070/2118 1464/1132/2118 1469/1069/2118
f 475/2313/2119 936/759/2119 933/2264/2119
f 938/2314/2120 1379/1258/2120 1377/1257/2120
f 525/2222/2121 526/1334/2121 1316/629/2121
f 521/1311/2122 518/1187/2122 1325/1192/2122
f 520/627/2123 1312/1193/2123 537/620/2123
f 1324/1313/2124 1300/2315/2124 1318/661/2124
f 1329/666/2125 1275/658/2125 401/657/2125
f 548/2316/2126 536/602/2126 1269/679/2126
f 1313/1217/2127 1252/626/2127 528/2317/2127
f 538/2220/2128 394/1220/2128 1278/634/2128
f 394/1220/2129 1283/1222/2129 542/1224/2129
f 1335/2095/2130 979/1227/2130 1333/912/2130
f 609/1239/2131 1335/2095/2131 1333/912/2131
f 455/818/2132 766/820/2132 1071/1235/2132
f 1341/709/2133 941/711/2133 1645/1651/2133
f 763/890/2134 1353/877/2134 2025/924/2134
f 1370/2318/2135 1395/1039/2135 1397/1041/2135
f 1471/2299/2136 1428/1131/2136 1452/1274/2136
f 1293/1282/2137 1306/611/2137 1272/610/2137
f 1202/1285/2138 355/2319/2138 1199/2320/2138
f 822/2321/2139 1290/1289/2139 1203/1288/2139
f 1204/2322/2140 1290/1289/2140 822/2321/2140
f 1277/651/2141 1276/650/2141 1280/643/2141
f 1208/1302/2142 924/1295/2142 1214/1294/2142
f 1270/665/2143 1294/612/2143 1266/706/2143
f 1277/651/2144 536/602/2144 1291/649/2144
f 822/793/2145 1203/1286/2145 1064/2323/2145
f 1199/1296/2146 1214/1294/2146 925/773/2146
f 1265/664/2147 1280/1226/2147 1266/662/2147
f 1296/659/2148 1295/613/2148 1270/665/2148
f 514/1349/2149 1299/1318/2149 1296/659/2149
f 517/615/2150 1301/617/2150 529/1316/2150
f 1075/848/2151 846/830/2151 847/850/2151
f 850/671/2152 842/851/2152 852/669/2152
f 1075/848/2153 848/1322/2153 468/847/2153
f 861/1325/2154 855/1323/2154 860/856/2154
f 855/1323/2155 992/559/2155 467/561/2155
f 857/853/2156 993/858/2156 426/727/2156
f 852/2324/2157 859/855/2157 858/854/2157
f 863/1326/2158 855/1323/2158 861/1325/2158
f 834/863/2159 843/845/2159 864/1232/2159
f 428/834/2160 829/1340/2160 867/1331/2160
f 813/933/2161 1193/799/2161 386/876/2161
f 441/837/2162 832/2276/2162 831/1341/2162
f 442/1344/2163 837/1343/2163 836/828/2163
f 1323/2325/2164 526/1334/2164 525/2222/2164
f 514/1349/2165 1318/661/2165 1300/2315/2165
f 1227/1312/2166 387/1314/2166 1241/2326/2166
f 1670/1756/2167 1643/1356/2167 569/1619/2167
f 1788/1900/2168 1872/1378/2168 588/1377/2168
f 597/1383/2169 1849/1386/2169 1820/1384/2169
f 605/1837/2170 1877/1889/2170 1878/1842/2170
f 596/1863/2171 693/1848/2171 1782/1880/2171
f 596/1863/2172 1818/1862/2172 1794/1851/2172
f 1704/1413/2173 665/1374/2173 1784/1414/2173
f 1702/1471/2174 1796/1373/2174 1779/1375/2174
f 612/1847/2175 1800/1419/2175 1785/1418/2175
f 1798/1399/2176 1712/1813/2176 1787/1867/2176
f 1879/1390/2177 1824/1389/2177 1881/1881/2177
f 613/1883/2178 1881/1881/2178 1824/1389/2178
f 573/1877/2179 1888/1894/2179 1800/1419/2179
f 654/1416/2180 1784/1414/2180 1591/1473/2180
f 1577/1725/2181 1761/1438/2181 696/1437/2181
f 1761/1438/2182 711/2327/2182 1594/1435/2182
f 1597/2328/2183 695/2329/2183 1595/1436/2183
f 1594/2330/2184 710/2331/2184 1593/1686/2184
f 1722/1448/2185 1709/1447/2185 666/1778/2185
f 1652/1451/2186 1651/1664/2186 1657/2332/2186
f 1685/1700/2187 687/1655/2187 582/2134/2187
f 1863/1470/2188 1860/1868/2188 1858/1469/2188
f 675/940/2189 1034/557/2189 1724/1809/2189
f 1858/1469/2190 1780/1238/2190 1863/1470/2190
f 653/1465/2191 1700/1467/2191 1698/1452/2191
f 612/1847/2192 1886/1427/2192 1873/1426/2192
f 590/1480/2193 1704/1413/2193 1783/1415/2193
f 666/2333/2194 1709/1477/2194 1710/1476/2194
f 613/1883/2195 1884/1884/2195 1880/1417/2195
f 564/1385/2196 1809/1869/2196 1808/1421/2196
f 665/1374/2197 1704/1413/2197 1779/1375/2197
f 1728/1458/2198 1724/1809/2198 1034/557/2198
f 1955/1485/2199 1924/1566/2199 1925/1486/2199
f 778/2334/2200 1940/2335/2200 1951/2336/2200
f 1933/2337/2201 1935/2338/2201 1944/2339/2201
f 1956/2340/2202 1919/2341/2202 1955/1485/2202
f 1974/1489/2203 1932/1488/2203 754/1535/2203
f 1953/1525/2204 1949/1502/2204 773/1541/2204
f 1941/1498/2205 1970/2091/2205 1944/1509/2205
f 1948/1564/2206 1936/1508/2206 2014/1507/2206
f 1912/2342/2207 1969/1495/2207 628/1511/2207
f 1765/1621/2208 571/2343/2208 1687/2162/2208
f 1912/2342/2209 1528/1563/2209 1969/1495/2209
f 1899/1562/2210 2009/2181/2210 1969/1495/2210
f 2003/2151/2211 580/2078/2211 1974/1489/2211
f 575/2344/2212 1969/1495/2212 1992/2159/2212
f 1917/2137/2213 1999/2177/2213 1920/2345/2213
f 1995/2346/2214 1914/2178/2214 1928/2347/2214
f 1922/2348/2215 1912/2342/2215 628/1511/2215
f 1649/1667/2216 1651/1664/2216 640/1665/2216
f 1658/2349/2217 1652/1451/2217 1657/2332/2217
f 1653/1366/2218 1654/1600/2218 1657/1599/2218
f 570/1612/2219 1663/1820/2219 1664/1463/2219
f 1774/1461/2220 1667/2350/2220 1666/1642/2220
f 561/1610/2221 1671/1818/2221 1669/1817/2221
f 1658/1603/2222 1650/1615/2222 1674/1601/2222
f 1678/1816/2223 1677/1608/2223 1669/1817/2223
f 1659/1242/2224 1660/1355/2224 708/1360/2224
f 568/1605/2225 1683/723/2225 1656/1229/2225
f 1616/2351/2226 1582/2352/2226 1340/2272/2226
f 1582/2352/2227 1616/2351/2227 1768/2353/2227
f 1623/1641/2228 1622/1643/2228 1624/1644/2228
f 688/1656/2229 687/1655/2229 1621/2354/2229
f 557/1636/2230 1621/2355/2230 687/2356/2230
f 1771/1701/2231 557/2357/2231 687/1655/2231
f 1620/1640/2232 557/1636/2232 1770/1638/2232
f 1672/1617/2233 1695/1616/2233 1769/1673/2233
f 1623/1641/2234 1774/1461/2234 1666/1642/2234
f 1673/2358/2235 1672/1617/2235 1628/1647/2235
f 1694/1464/2236 1518/1554/2236 1662/1607/2236
f 1646/1357/2237 1644/1362/2237 1548/1359/2237
f 1643/1356/2238 1679/1620/2238 569/1619/2238
f 1702/1471/2239 1798/1399/2239 1792/1398/2239
f 1520/1693/2240 587/2359/2240 1522/1691/2240
f 1523/2360/2241 1752/2361/2241 587/2362/2241
f 1510/743/2242 1511/1754/2242 620/2363/2242
f 1623/1641/2243 1770/1638/2243 557/1636/2243
f 558/1462/2244 1623/1641/2244 553/1635/2244
f 683/2364/2245 1769/1673/2245 567/1676/2245
f 1748/1369/2246 638/1367/2246 1746/937/2246
f 1513/1755/2247 981/745/2247 1776/1677/2247
f 587/1670/2248 1752/2126/2248 634/2125/2248
f 1752/2126/2249 1514/2132/2249 1525/1803/2249
f 657/2365/2250 1584/2366/2250 1588/2367/2250
f 1594/2330/2251 711/1722/2251 710/2331/2251
f 645/1692/2252 1522/1691/2252 1519/1688/2252
f 646/2368/2253 1685/1700/2253 582/2134/2253
f 1579/1654/2254 1766/1649/2254 1578/1430/2254
f 689/1633/2255 1767/1622/2255 690/1657/2255
f 683/2364/2256 1617/2369/2256 682/1696/2256
f 683/1697/2257 1615/1630/2257 1617/1631/2257
f 1638/2370/2258 1639/2371/2258 1616/2372/2258
f 1768/2353/2259 1616/2351/2259 1581/1629/2259
f 558/1462/2260 552/1553/2260 1694/1464/2260
f 1653/1366/2261 566/1364/2261 1654/1600/2261
f 1566/1728/2262 677/1747/2262 1538/1711/2262
f 664/1714/2263 1540/2173/2263 1534/2172/2263
f 678/1731/2264 1757/2170/2264 1547/1733/2264
f 661/1721/2265 1531/2169/2265 1758/1712/2265
f 676/2176/2266 1572/2373/2266 1545/1716/2266
f 1576/1726/2267 1559/2374/2267 1761/1438/2267
f 845/710/2268 1688/1358/2268 1549/1730/2268
f 1549/1730/2269 1546/1243/2269 845/710/2269
f 1550/1734/2270 1576/1726/2270 678/1731/2270
f 1551/1557/2271 1764/2160/2271 1553/1732/2271
f 1552/1558/2272 1554/1729/2272 1549/1730/2272
f 1550/1734/2273 1553/1732/2273 1576/1726/2273
f 1556/1736/2274 1557/1741/2274 1558/1737/2274
f 1763/1738/2275 1563/1613/2275 1561/1739/2275
f 711/1722/2276 1565/1742/2276 1556/1736/2276
f 655/1431/2277 1571/2375/2277 1754/2376/2277
f 1576/1726/2278 1553/1732/2278 1764/2160/2278
f 1525/1803/2279 1735/1802/2279 634/2125/2279
f 1490/2377/2280 1697/2378/2280 2189/2379/2280
f 1499/2380/2281 616/2381/2281 1600/2382/2281
f 1496/2383/2282 1697/2378/2282 1490/2377/2282
f 1823/1805/2283 704/2384/2283 1819/1800/2283
f 1346/909/2284 1822/2385/2284 2193/2386/2284
f 1858/1469/2285 1859/1785/2285 563/1468/2285
f 1834/1443/2286 674/1478/2286 1583/1787/2286
f 1696/1761/2287 1703/1789/2287 1586/1432/2287
f 614/1753/2288 1823/1805/2288 1819/1800/2288
f 1697/2387/2289 1691/2388/2289 1499/2389/2289
f 1826/1857/2290 1713/2390/2290 1847/1797/2290
f 1509/2133/2291 1514/2132/2291 1523/1669/2291
f 1735/2391/2292 633/2392/2292 1693/1744/2292
f 634/2125/2293 1735/1802/2293 1693/2393/2293
f 704/2384/2294 1823/1805/2294 1876/1804/2294
f 1511/1754/2295 1513/1755/2295 1506/2394/2295
f 1812/1453/2296 1728/1458/2296 1698/1452/2296
f 1747/1659/2297 1746/937/2297 409/936/2297
f 1835/1812/2298 1845/1810/2298 1832/1771/2298
f 638/1367/2299 1742/941/2299 1746/937/2299
f 1741/1658/2300 1746/937/2300 1747/1659/2300
f 1331/945/2301 985/1237/2301 689/1633/2301
f 552/1553/2302 1685/1672/2302 1518/1554/2302
f 1685/1672/2303 552/1553/2303 553/1635/2303
f 1515/2395/2304 1557/1741/2304 647/2396/2304
f 1648/1368/2305 1653/1366/2305 1649/2397/2305
f 1660/1355/2306 1661/1606/2306 1679/1620/2306
f 1563/1613/2307 571/2161/2307 572/1611/2307
f 561/1610/2308 1668/1609/2308 1666/1642/2308
f 1774/1461/2309 1663/1820/2309 1667/2350/2309
f 1671/1818/2310 561/1610/2310 572/1611/2310
f 567/1676/2311 1695/1616/2311 1655/2398/2311
f 560/2399/2312 1668/1609/2312 1673/2358/2312
f 1677/1608/2313 1673/2358/2313 1668/1609/2313
f 1678/1816/2314 1674/1601/2314 1677/1608/2314
f 1841/2400/2315 1719/1827/2315 1795/1826/2315
f 603/1874/2316 1837/1866/2316 604/1833/2316
f 1789/1387/2317 1848/1849/2317 1820/1384/2317
f 1883/1858/2318 1789/1387/2318 1849/1386/2318
f 605/1837/2319 1848/1835/2319 606/1852/2319
f 1717/1799/2320 1843/1841/2320 1851/1856/2320
f 1702/1471/2321 1854/1861/2321 1796/1373/2321
f 1838/1878/2322 1818/1862/2322 1855/1396/2322
f 1824/1389/2323 1842/1388/2323 1874/1885/2323
f 1857/1855/2324 1850/1895/2324 1839/1853/2324
f 1859/1785/2325 1858/1469/2325 1809/1869/2325
f 610/1873/2326 1865/1424/2326 1793/1423/2326
f 595/1871/2327 610/1873/2327 1861/1380/2327
f 1786/1394/2328 1865/1424/2328 1706/1395/2328
f 1855/1396/2329 1782/1880/2329 598/1403/2329
f 1882/1434/2330 589/1879/2330 1884/1884/2330
f 605/1837/2331 606/1852/2331 1877/1889/2331
f 1799/1410/2332 1811/1412/2332 573/1877/2332
f 1888/1894/2333 573/1877/2333 1811/1412/2333
f 588/1377/2334 1827/1379/2334 606/1852/2334
f 1839/1853/2335 1842/1888/2335 1879/1854/2335
f 1884/1884/2336 589/1879/2336 594/1846/2336
f 1839/1853/2337 1877/1889/2337 1842/1888/2337
f 1808/1421/2338 1866/1381/2338 1793/1423/2338
f 670/1409/2339 1883/1858/2339 1849/1386/2339
f 1777/1830/2340 1814/1392/2340 1857/1882/2340
f 1718/1391/2341 1857/1882/2341 1814/1392/2341
f 1712/1813/2342 1719/1827/2342 1837/1866/2342
f 612/1847/2343 693/1848/2343 1886/1427/2343
f 1829/1891/2344 1826/2401/2344 1791/1892/2344
f 606/1852/2345 1827/1379/2345 1842/1888/2345
f 1829/1891/2346 1850/1893/2346 1887/1897/2346
f 1707/1376/2347 1796/1373/2347 1854/1861/2347
f 1829/1774/2348 1869/1825/2348 1727/1773/2348
f 1707/1376/2349 1781/1484/2349 665/1374/2349
f 699/1472/2350 1792/1398/2350 1790/1397/2350
f 1802/1864/2351 1816/1886/2351 593/1865/2351
f 603/1874/2352 1875/1832/2352 599/1401/2352
f 1863/1470/2353 1817/991/2353 1862/1382/2353
f 600/1445/2354 602/1444/2354 1835/1898/2354
f 1853/1902/2355 1852/1402/2355 599/1401/2355
f 699/1472/2356 1778/1860/2356 1854/1861/2356
f 1724/1809/2357 1725/1668/2357 1804/1904/2357
f 601/1845/2358 1833/1844/2358 1815/1482/2358
f 1813/1829/2359 1815/1482/2359 1833/1844/2359
f 672/1899/2360 1726/1481/2360 1812/1453/2360
f 1862/1382/2361 1804/1904/2361 1726/1481/2361
f 1491/2402/2362 633/2403/2362 1496/2404/2362
f 1608/2405/2363 1482/1907/2363 1496/2383/2363
f 697/1440/2364 1593/1686/2364 1482/1907/2364
f 708/1360/2365 1642/1663/2365 2027/2100/2365
f 2073/2114/2366 2041/2051/2366 2047/2050/2366
f 2125/2019/2367 2087/1919/2367 2085/2406/2367
f 2068/1977/2368 732/2407/2368 2096/2408/2368
f 2094/1928/2369 2096/2409/2369 2117/2410/2369
f 2119/1982/2370 737/2025/2370 2134/2037/2370
f 2100/1965/2371 2104/1967/2371 2115/2040/2371
f 2105/1961/2372 728/1963/2372 2100/2042/2372
f 2098/1998/2373 2095/1935/2373 2100/2042/2373
f 2109/2411/2374 2115/2412/2374 2110/2413/2374
f 740/1960/2375 2113/2414/2375 743/1958/2375
f 2112/1922/2376 2094/1928/2376 2117/2410/2376
f 2110/2415/2377 2115/2416/2377 750/2417/2377
f 2098/1998/2378 2116/1936/2378 2095/1935/2378
f 2118/1970/2379 2043/2418/2379 745/1971/2379
f 2086/2419/2380 2123/2420/2380 2126/1980/2380
f 738/2018/2381 747/2015/2381 2125/2019/2381
f 737/2025/2382 2043/2024/2382 2132/2038/2382
f 749/1994/2383 2121/2003/2383 742/1992/2383
f 2052/2022/2384 746/1981/2384 2126/1980/2384
f 2112/1922/2385 2083/2034/2385 2131/1953/2385
f 731/1924/2386 2045/2421/2386 2093/1925/2386
f 731/1924/2387 770/2036/2387 2045/2421/2387
f 2093/1925/2388 2119/1982/2388 2134/2037/2388
f 2105/2422/2389 752/2423/2389 2097/2424/2389
f 772/1595/2390 575/2344/2390 629/1596/2390
f 1988/2425/2391 1945/2059/2391 1990/2426/2391
f 772/1515/2392 1939/2055/2392 2014/1507/2392
f 1991/2056/2393 1992/2159/2393 1969/1495/2393
f 1992/2159/2394 1991/2056/2394 1945/2059/2394
f 1927/2088/2395 1957/2081/2395 1926/2080/2395
f 775/2427/2396 1933/1505/2396 1965/2428/2396
f 575/2344/2397 1992/2159/2397 629/1596/2397
f 753/1593/2398 773/1541/2398 1949/1502/2398
f 754/1535/2399 753/2429/2399 1983/2430/2399
f 984/1634/2400 689/1633/2400 985/1237/2400
f 864/1232/2401 1566/1728/2401 983/1233/2401
f 608/1792/2402 1350/1791/2402 2019/2431/2402
f 2028/2432/2403 1743/2433/2403 2025/924/2403
f 767/1228/2404 1026/1240/2404 1817/991/2404
f 1354/887/2405 1350/948/2405 2028/2432/2405
f 1942/2434/2406 1969/2435/2406 575/2436/2406
f 587/2359/2407 1693/1744/2407 1516/1746/2407
f 1522/1691/2408 1516/1746/2408 1515/2395/2408
f 587/2359/2409 1516/1746/2409 1522/1691/2409
f 584/2437/2410 1909/2438/2410 582/2439/2410
f 1522/1691/2411 1515/2395/2411 1519/1688/2411
f 1514/2132/2412 1776/1677/2412 1525/1803/2412
f 634/2125/2413 1693/2393/2413 587/1670/2413
f 1956/1545/2414 1973/1492/2414 781/1490/2414
f 1999/2440/2415 761/2067/2415 2008/2066/2415
f 646/1690/2416 582/2439/2416 1909/2438/2416
f 1955/1485/2417 627/1487/2417 623/2441/2417
f 626/1571/2418 1899/1562/2418 1528/1563/2418
f 645/1692/2419 644/2442/2419 1520/1693/2419
f 1474/2443/2420 1896/2135/2420 1517/2139/2420
f 1579/1654/2421 586/2444/2421 1517/2139/2421
f 1977/2445/2422 1972/1586/2422 1934/1585/2422
f 754/1535/2423 1983/2430/2423 1959/1536/2423
f 1990/2426/2424 1997/2128/2424 760/2446/2424
f 1977/2157/2425 1982/2149/2425 756/2148/2425
f 647/2396/2426 1561/1739/2426 648/1689/2426
f 1563/1613/2427 1562/1814/2427 1561/1739/2427
f 1763/2163/2428 1560/2447/2428 1764/2160/2428
f 571/2161/2429 1763/1738/2429 1687/2448/2429
f 647/2396/2430 1557/1741/2430 1561/1739/2430
f 1559/1724/2431 1764/2449/2431 1560/1743/2431
f 1551/1557/2432 1690/1556/2432 1765/1621/2432
f 1555/1735/2433 1516/1746/2433 1501/1745/2433
f 1556/1736/2434 1555/1735/2434 710/2331/2434
f 661/1721/2435 1568/1751/2435 1533/2164/2435
f 698/2450/2436 1571/2375/2436 1569/2165/2436
f 663/1718/2437 1575/2451/2437 1573/1752/2437
f 696/1437/2438 695/2329/2438 1757/2170/2438
f 1512/1371/2439 622/2167/2439 1514/2132/2439
f 676/2176/2440 1535/2175/2440 1536/2171/2440
f 662/1705/2441 1542/1715/2441 1541/2174/2441
f 1576/1726/2442 1764/2160/2442 1559/2374/2442
f 1959/1536/2443 2003/2151/2443 1974/1489/2443
f 941/711/2444 947/769/2444 942/457/2444
f 1055/463/2445 1051/461/2445 1061/459/2445
f 390/1211/2446 1262/1213/2446 353/2452/2446
f 921/531/2447 878/530/2447 940/806/2447
f 892/817/2448 881/533/2448 1065/532/2448
f 923/2209/2449 411/2453/2449 412/2275/2449
f 882/785/2450 881/2454/2450 424/783/2450
f 893/2211/2451 453/2255/2451 862/1330/2451
f 892/817/2452 422/535/2452 798/885/2452
f 342/718/2453 951/720/2453 958/548/2453
f 954/545/2454 955/719/2454 952/550/2454
f 955/719/2455 954/545/2455 958/2455/2455
f 961/549/2456 953/543/2456 954/545/2456
f 1061/459/2457 1060/462/2457 346/2247/2457
f 419/508/2458 1006/788/2458 888/537/2458
f 353/2456/2459 1205/2457/2459 390/2458/2459
f 1242/1138/2460 1289/2459/2460 385/2460/2460
f 1222/698/2461 1233/686/2461 1215/707/2461
f 1196/2236/2462 1288/646/2462 390/648/2462
f 1288/646/2463 385/801/2463 1267/647/2463
f 1233/2461/2464 1196/2236/2464 1243/2462/2464
f 988/2463/2465 1215/707/2465 1243/701/2465
f 1290/1289/2466 1262/1213/2466 1271/1287/2466
f 1262/1213/2467 1290/1289/2467 351/2464/2467
f 1339/942/2468 949/714/2468 1051/461/2468
f 956/460/2469 1061/459/2469 346/2247/2469
f 956/460/2470 346/2247/2470 951/2246/2470
f 1060/462/2471 444/715/2471 955/2249/2471
f 347/2245/2472 958/548/2472 951/720/2472
f 962/670/2473 963/2252/2473 975/2251/2473
f 337/736/2474 964/739/2474 971/733/2474
f 978/742/2475 964/739/2475 338/949/2475
f 338/949/2476 337/736/2476 345/735/2476
f 465/2218/2477 976/2217/2477 972/740/2477
f 342/718/2478 972/740/2478 976/2217/2478
f 960/725/2479 961/549/2479 952/550/2479
f 907/2465/2480 909/891/2480 1184/930/2480
f 417/2466/2481 415/2467/2481 907/2468/2481
f 795/2469/2482 902/2470/2482 904/2212/2482
f 911/753/2483 985/1237/2483 449/754/2483
f 446/2274/2484 917/2471/2484 1387/1169/2484
f 917/2471/2485 446/2274/2485 488/2472/2485
f 920/752/2486 445/563/2486 448/811/2486
f 1340/2272/2487 879/812/2487 923/2209/2487
f 922/2473/2488 911/753/2488 1078/2474/2488
f 331/2259/2489 333/2261/2489 334/2260/2489
f 333/2261/2490 335/763/2490 334/2260/2490
f 333/2261/2491 331/2259/2491 332/2262/2491
f 933/2264/2492 936/759/2492 932/758/2492
f 934/2475/2493 875/803/2493 876/804/2493
f 412/2275/2494 877/2476/2494 1638/1694/2494
f 921/531/2495 940/806/2495 411/2453/2495
f 446/2274/2496 1355/766/2496 914/529/2496
f 1208/1302/2497 930/2258/2497 924/1295/2497
f 1049/744/2498 1047/873/2498 981/745/2498
f 1059/943/2499 912/562/2499 913/944/2499
f 1080/762/2500 465/2218/2500 973/764/2500
f 410/805/2501 411/2453/2501 940/806/2501
f 877/2476/2502 412/2275/2502 411/2453/2502
f 947/769/2503 941/711/2503 845/710/2503
f 851/1038/2504 962/670/2504 975/2251/2504
f 1339/717/2505 950/713/2505 949/2265/2505
f 345/735/2506 334/2260/2506 335/763/2506
f 335/763/2507 333/2261/2507 939/2263/2507
f 1394/1043/2508 474/2477/2508 933/2264/2508
f 939/2263/2509 1394/1043/2509 933/2264/2509
f 876/804/2510 1081/750/2510 934/2475/2510
f 934/2475/2511 1081/750/2511 329/749/2511
f 1208/1302/2512 875/803/2512 934/2475/2512
f 812/932/2513 814/2478/2513 1084/1303/2513
f 386/876/2514 1047/873/2514 1049/744/2514
f 895/905/2515 786/2479/2515 811/2284/2515
f 1065/532/2516 1006/788/2516 423/536/2516
f 1006/788/2517 1065/532/2517 1066/786/2517
f 1019/879/2518 1040/2480/2518 466/2481/2518
f 452/790/2519 891/789/2519 893/2277/2519
f 821/792/2520 414/1280/2520 408/772/2520
f 356/551/2521 1200/2482/2521 1197/2483/2521
f 1201/1290/2522 470/1309/2522 358/2484/2522
f 877/2476/2523 411/2453/2523 410/805/2523
f 1084/1303/2524 814/2478/2524 818/1304/2524
f 411/2453/2525 923/2209/2525 921/531/2525
f 913/944/2526 449/754/2526 985/1237/2526
f 1078/808/2527 533/807/2527 922/814/2527
f 1387/1169/2528 1355/766/2528 446/2274/2528
f 533/807/2529 914/529/2529 922/814/2529
f 1078/2474/2530 911/753/2530 920/752/2530
f 919/810/2531 1078/2474/2531 920/752/2531
f 919/810/2532 1077/2485/2532 1078/2474/2532
f 1077/755/2533 937/760/2533 1078/2257/2533
f 928/774/2534 935/751/2534 330/1249/2534
f 892/817/2535 1065/532/2535 422/535/2535
f 891/789/2536 1068/791/2536 890/2486/2536
f 890/2486/2537 1068/791/2537 881/2454/2537
f 443/829/2538 832/2276/2538 441/837/2538
f 834/863/2539 864/1232/2539 833/1231/2539
f 830/827/2540 442/1344/2540 836/828/2540
f 843/845/2541 1352/844/2541 864/1232/2541
f 845/710/2542 1352/844/2542 468/847/2542
f 860/856/2543 857/853/2543 859/855/2543
f 452/790/2544 893/2277/2544 865/849/2544
f 847/850/2545 865/849/2545 842/851/2545
f 403/875/2546 405/777/2546 402/782/2546
f 1039/923/2547 1048/874/2547 787/931/2547
f 1045/2287/2548 787/931/2548 402/782/2548
f 341/452/2549 965/2253/2549 966/731/2549
f 617/872/2550 1048/874/2550 1348/892/2550
f 785/886/2551 802/919/2551 1354/887/2551
f 889/2269/2552 899/2283/2552 383/2487/2552
f 786/2479/2553 789/2488/2553 461/2489/2553
f 806/2490/2554 803/2280/2554 998/2279/2554
f 801/2491/2555 1184/930/2555 459/929/2555
f 785/886/2556 422/535/2556 423/536/2556
f 1134/911/2557 980/910/2557 415/2492/2557
f 898/2493/2558 415/2467/2558 417/2466/2558
f 423/536/2559 2156/2494/2559 785/886/2559
f 785/886/2560 2156/2494/2560 805/2495/2560
f 798/885/2561 905/2496/2561 797/815/2561
f 1184/930/2562 909/891/2562 1039/923/2562
f 889/2269/2563 383/2487/2563 1045/2497/2563
f 1005/916/2564 1006/788/2564 419/508/2564
f 998/2268/2565 462/2282/2565 889/2269/2565
f 415/2492/2566 980/910/2566 909/891/2566
f 404/2288/2567 1045/2290/2567 402/2291/2567
f 1046/2278/2568 402/782/2568 787/931/2568
f 1046/2278/2569 1047/873/2569 403/875/2569
f 812/932/2570 815/1281/2570 814/2478/2570
f 1056/934/2571 1746/937/2571 1054/935/2571
f 912/562/2572 1059/943/2572 1053/458/2572
f 409/936/2573 1059/943/2573 1331/945/2573
f 986/946/2574 328/567/2574 327/568/2574
f 809/861/2575 404/2288/2575 991/862/2575
f 819/2234/2576 993/858/2576 414/1280/2576
f 993/858/2577 467/561/2577 414/1280/2577
f 876/804/2578 1076/802/2578 1081/750/2578
f 988/2498/2579 1207/1298/2579 1206/1299/2579
f 988/2498/2580 1205/2499/2580 1207/1298/2580
f 346/2247/2581 1060/462/2581 955/2249/2581
f 970/2250/2582 969/566/2582 996/565/2582
f 858/2292/2583 963/2252/2583 962/670/2583
f 963/738/2584 858/854/2584 1082/737/2584
f 970/2250/2585 337/736/2585 971/733/2585
f 996/565/2586 337/736/2586 970/2250/2586
f 964/739/2587 978/742/2587 967/728/2587
f 978/742/2588 338/949/2588 973/764/2588
f 978/742/2589 974/741/2589 339/729/2589
f 792/2500/2590 806/2501/2590 404/2270/2590
f 792/2213/2591 404/2288/2591 809/861/2591
f 998/2268/2592 404/2270/2592 806/2501/2592
f 902/2294/2593 451/2502/2593 908/2295/2593
f 904/2296/2594 908/2295/2594 806/2503/2594
f 792/2213/2595 854/1324/2595 469/1329/2595
f 904/2212/2596 901/2214/2596 453/2255/2596
f 792/2213/2597 469/1329/2597 901/2214/2597
f 928/2504/2598 1375/2505/2598 927/2506/2598
f 917/2471/2599 1380/2507/2599 1387/1169/2599
f 1375/2505/2600 939/2263/2600 927/2506/2600
f 936/2508/2601 938/2314/2601 937/2509/2601
f 938/2314/2602 936/2508/2602 475/2510/2602
f 935/751/2603 1386/1250/2603 1384/1247/2603
f 1400/2511/2604 1364/2512/2604 1380/2513/2604
f 446/2274/2605 533/807/2605 481/2514/2605
f 475/2313/2606 933/2264/2606 474/2477/2606
f 928/774/2607 330/1249/2607 1409/1248/2607
f 353/2515/2608 1262/2516/2608 351/1284/2608
f 1262/1213/2609 1267/1212/2609 1271/1287/2609
f 1271/2517/2610 1289/2518/2610 1203/2519/2610
f 980/910/2611 1680/2101/2611 1348/892/2611
f 2025/924/2612 1353/877/2612 1019/879/2612
f 878/530/2613 1388/1170/2613 935/751/2613
f 1079/2520/2614 1380/2521/2614 488/2522/2614
f 1380/2521/2615 1079/2520/2615 1400/1264/2615
f 1408/1251/2616 471/1253/2616 1364/2523/2616
f 472/2524/2617 928/774/2617 1409/1248/2617
f 472/2525/2618 1375/2505/2618 928/2504/2618
f 488/2526/2619 1380/2527/2619 917/2528/2619
f 1204/797/2620 361/776/2620 820/798/2620
f 467/561/2621 1083/560/2621 361/771/2621
f 414/1280/2622 986/946/2622 819/2234/2622
f 986/946/2623 414/1280/2623 821/792/2623
f 1064/2323/2624 821/792/2624 822/793/2624
f 1206/1299/2625 987/1305/2625 354/2529/2625
f 1213/1308/2626 1220/2530/2626 354/2529/2626
f 1220/2530/2627 1215/2531/2627 357/2532/2627
f 1205/2499/2628 988/2498/2628 390/2533/2628
f 1202/1285/2629 1211/2534/2629 413/2535/2629
f 1213/1308/2630 987/1305/2630 470/1309/2630
f 352/2536/2631 355/2319/2631 1202/1285/2631
f 784/553/2632 360/2537/2632 356/551/2632
f 987/1305/2633 1213/1308/2633 354/2529/2633
f 1200/2538/2634 1218/2539/2634 1216/2540/2634
f 1201/2541/2635 358/2542/2635 1208/2543/2635
f 352/2536/2636 356/551/2636 1197/2483/2636
f 358/2484/2637 818/1304/2637 1208/1302/2637
f 1196/2236/2638 398/2544/2638 1224/687/2638
f 1215/707/2639 988/2463/2639 357/2545/2639
f 1271/1287/2640 1267/1212/2640 1289/2546/2640
f 1220/2530/2641 823/1292/2641 1218/2242/2641
f 1216/2547/2642 1209/1291/2642 1197/2548/2642
f 1209/1291/2643 1216/2547/2643 823/1292/2643
f 987/1305/2644 818/1304/2644 470/1309/2644
f 353/2515/2645 1207/1298/2645 1205/2499/2645
f 351/1284/2646 1207/1298/2646 353/2515/2646
f 470/1309/2647 818/1304/2647 358/2484/2647
f 360/2537/2648 784/553/2648 1234/2549/2648
f 468/847/2649 848/1322/2649 849/768/2649
f 860/856/2650 855/1323/2650 425/857/2650
f 993/858/2651 819/2234/2651 426/727/2651
f 352/2536/2652 1197/2483/2652 355/2319/2652
f 681/2550/2653 1641/1674/2653 2030/2551/2653
f 1630/2552/2654 1911/2140/2654 621/2142/2654
f 1639/1662/2655 643/1661/2655 1616/2351/2655
f 1582/2352/2656 984/2273/2656 1340/2272/2656
f 1586/1432/2657 1590/1782/2657 1696/1761/2657
f 1590/1782/2658 1586/1432/2658 1753/2553/2658
f 1585/1433/2659 1586/1432/2659 1591/1473/2659
f 1735/2391/2660 1775/2554/2660 1691/2555/2660
f 1493/2556/2661 1485/2557/2661 1593/1686/2661
f 1493/2556/2662 1491/2558/2662 1485/2557/2662
f 1655/2398/2663 1650/1615/2663 1658/1603/2663
f 1661/1606/2664 1651/1664/2664 1652/1451/2664
f 1558/1737/2665 1557/1741/2665 1515/2395/2665
f 1518/1554/2666 648/1689/2666 1662/1607/2666
f 686/1604/2667 567/1698/2667 1655/1702/2667
f 1673/2358/2668 1628/1647/2668 560/2399/2668
f 1898/2559/2669 579/2560/2669 1686/2561/2669
f 1975/2562/2670 1891/2563/2670 1967/2564/2670
f 624/2082/2671 1975/2565/2671 1967/2566/2671
f 584/2136/2672 1896/2135/2672 1900/2567/2672
f 585/2568/2673 1474/2569/2673 2220/2570/2673
f 1686/1583/2674 624/2571/2674 1921/1584/2674
f 1930/2085/2675 1921/1584/2675 624/2571/2675
f 2002/1590/2676 1921/1584/2676 2003/2151/2676
f 1930/2085/2677 1684/2572/2677 1926/2080/2677
f 1686/1583/2678 1923/1582/2678 1890/2573/2678
f 1966/2083/2679 1962/2574/2679 577/2084/2679
f 639/1230/2680 1648/1666/2680 1656/1229/2680
f 1651/1664/2681 1649/1667/2681 1657/2332/2681
f 1655/2398/2682 1658/1603/2682 1654/2575/2682
f 640/1665/2683 568/1605/2683 1656/1229/2683
f 1659/1242/2684 568/1605/2684 1661/1606/2684
f 571/2343/2685 1765/1621/2685 562/1361/2685
f 1665/2576/2686 571/2343/2686 562/1361/2686
f 571/2161/2687 1665/1819/2687 572/1611/2687
f 1666/1642/2688 1668/1609/2688 560/2399/2688
f 1670/1756/2689 1665/2576/2689 562/1361/2689
f 1675/1614/2690 1673/2358/2690 1677/1608/2690
f 1672/1617/2691 1673/2358/2691 1675/1614/2691
f 1674/1601/2692 1678/1816/2692 1676/1821/2692
f 1670/1756/2693 562/1361/2693 1643/1356/2693
f 569/1619/2694 707/1450/2694 1678/1618/2694
f 1493/2556/2695 1593/1686/2695 710/2331/2695
f 1482/1907/2696 1495/2577/2696 659/1905/2696
f 1747/1659/2697 1331/945/2697 690/1657/2697
f 1767/1622/2698 1582/1632/2698 684/1623/2698
f 685/1459/2699 690/1657/2699 1767/1622/2699
f 1631/2578/2700 688/1656/2700 1618/2579/2700
f 688/1656/2701 1631/2578/2701 1579/1654/2701
f 1613/1628/2702 680/1912/2702 729/2580/2702
f 1769/1673/2703 683/2364/2703 682/1696/2703
f 1615/1630/2704 683/1697/2704 686/1604/2704
f 685/1459/2705 1615/1630/2705 679/1460/2705
f 1621/2354/2706 1620/2581/2706 555/2582/2706
f 1623/1641/2707 558/1462/2707 1774/1461/2707
f 1629/1695/2708 1627/1645/2708 1769/1673/2708
f 1627/1645/2709 1628/1647/2709 1672/1617/2709
f 1631/2578/2710 1766/1649/2710 1579/1654/2710
f 1642/1663/2711 708/1360/2711 1646/1357/2711
f 1624/1644/2712 1622/1643/2712 1628/1647/2712
f 1638/1694/2713 1580/1660/2713 1639/1662/2713
f 1511/1754/2714 1506/2394/2714 620/2363/2714
f 614/1753/2715 618/1678/2715 1348/892/2715
f 1666/1642/2716 560/2399/2716 1622/1643/2716
f 641/1429/2717 642/1653/2717 643/1661/2717
f 1645/1651/2718 1642/1663/2718 1646/1357/2718
f 640/1665/2719 1651/1664/2719 568/1605/2719
f 639/1808/2720 638/1367/2720 1648/1368/2720
f 1627/1645/2721 1629/1695/2721 1772/1646/2721
f 1506/2394/2722 1526/2583/2722 620/2363/2722
f 560/2399/2723 1628/1647/2723 1622/1643/2723
f 1513/1755/2724 622/2167/2724 1506/2394/2724
f 705/1769/2725 691/1768/2725 1739/2584/2725
f 1601/1681/2726 1592/1680/2726 1503/1684/2726
f 1485/2557/2727 1491/2558/2727 1496/2383/2727
f 1697/2387/2728 633/2403/2728 1691/2388/2728
f 1691/2555/2729 633/2392/2729 1735/2391/2729
f 1595/1436/2730 695/2329/2730 696/1437/2730
f 1594/2330/2731 1593/1686/2731 1595/1685/2731
f 1515/2395/2732 647/2396/2732 1519/1688/2732
f 2220/2585/2733 1521/2586/2733 585/2587/2733
f 2062/1428/2734 2063/1652/2734 1640/1627/2734
f 1526/2583/2735 1507/2141/2735 620/2363/2735
f 621/2142/2736 1507/2141/2736 1526/2583/2736
f 641/1429/2737 1640/1627/2737 642/1653/2737
f 643/1661/2738 1581/1629/2738 1616/2351/2738
f 642/1653/2739 1581/1629/2739 643/1661/2739
f 680/1912/2740 1613/1628/2740 2063/1652/2740
f 1581/1629/2741 1611/1625/2741 1768/2353/2741
f 1616/2351/2742 1340/2272/2742 1638/1694/2742
f 558/1462/2743 553/1635/2743 552/1553/2743
f 1619/1650/2744 1618/2579/2744 555/2582/2744
f 658/2588/2745 1584/2366/2745 1597/2328/2745
f 686/1604/2746 1655/1702/2746 566/1364/2746
f 1597/2328/2747 1584/2366/2747 695/2329/2747
f 1592/2589/2748 658/1441/2748 697/1440/2748
f 1537/1710/2749 677/1747/2749 1757/2170/2749
f 1757/2170/2750 695/2329/2750 1572/2373/2750
f 983/1233/2751 1566/1728/2751 1538/1711/2751
f 1757/2170/2752 678/1731/2752 1577/1725/2752
f 711/1722/2753 1556/1736/2753 710/2331/2753
f 1584/2366/2754 1572/2373/2754 695/2329/2754
f 1526/2583/2755 1506/2394/2755 1512/1371/2755
f 1738/1679/2756 614/1753/2756 1819/1800/2756
f 1775/2590/2757 1735/1802/2757 1736/1801/2757
f 1737/1781/2758 691/1768/2758 2028/2432/2758
f 1504/2591/2759 1601/1681/2759 637/2592/2759
f 691/1768/2760 1743/2433/2760 2028/2432/2760
f 1499/2380/2761 1600/2382/2761 706/2593/2761
f 1680/2101/2762 2198/2594/2762 1607/2595/2762
f 1504/2591/2763 1596/1682/2763 1601/1681/2763
f 1590/1782/2764 1596/1682/2764 1504/2591/2764
f 2200/2596/2765 1499/2597/2765 1819/2598/2765
f 1743/2433/2766 2202/2599/2766 1681/2600/2766
f 2205/2601/2767 1823/1805/2767 614/1753/2767
f 1499/2602/2768 1691/2555/2768 1775/2554/2768
f 1775/2603/2769 1819/2604/2769 1499/2605/2769
f 1586/1432/2770 1703/1789/2770 654/1416/2770
f 1500/2606/2771 1601/1681/2771 659/1683/2771
f 637/2592/2772 1601/1681/2772 1500/2606/2772
f 618/1678/2773 617/872/2773 1348/892/2773
f 1499/2602/2774 706/2607/2774 1697/2378/2774
f 1737/1781/2775 1590/1782/2775 1504/2591/2775
f 1525/1803/2776 1738/1679/2776 1736/1801/2776
f 1736/1801/2777 1819/1800/2777 1775/2590/2777
f 639/1808/2778 1742/941/2778 638/1367/2778
f 1648/1666/2779 640/1665/2779 1656/1229/2779
f 1501/1745/2780 633/2392/2780 1491/2558/2780
f 1693/1744/2781 633/2392/2781 1501/1745/2781
f 1558/1737/2782 1515/2395/2782 1516/1746/2782
f 1641/1674/2783 2062/1428/2783 1578/1430/2783
f 1509/2133/2784 1962/2608/2784 1897/1372/2784
f 1962/2574/2785 644/2609/2785 577/2084/2785
f 1653/1366/2786 1657/1599/2786 1649/2397/2786
f 707/1450/2787 1679/1620/2787 1661/1606/2787
f 1664/1463/2788 1662/1607/2788 570/1612/2788
f 1774/1461/2789 1664/1463/2789 1663/1820/2789
f 561/1610/2790 1666/1642/2790 1667/2350/2790
f 1671/1815/2791 1665/2576/2791 1670/1756/2791
f 572/1611/2792 561/1610/2792 1663/1820/2792
f 1663/1820/2793 561/1610/2793 1667/2350/2793
f 1675/1614/2794 1677/1608/2794 1674/1601/2794
f 1650/1615/2795 1655/2398/2795 1695/1616/2795
f 2027/2100/2796 1659/1242/2796 708/1360/2796
f 1496/2404/2797 633/2403/2797 1697/2387/2797
f 1496/2383/2798 1482/1907/2798 1485/2557/2798
f 1608/2405/2799 694/2610/2799 1482/1907/2799
f 1485/2557/2800 1482/1907/2800 1593/1686/2800
f 1493/2556/2801 710/2331/2801 1491/2558/2801
f 1620/1640/2802 556/1639/2802 1636/2102/2802
f 1689/1555/2803 562/1361/2803 1690/1556/2803
f 1612/2611/2804 549/2612/2804 2049/2613/2804
f 551/1913/2805 680/1912/2805 2063/1652/2805
f 1626/2614/2806 2035/2615/2806 2038/2616/2806
f 2073/2114/2807 2035/2617/2807 2064/2109/2807
f 2049/2613/2808 1629/2618/2808 682/2619/2808
f 559/2620/2809 2061/2621/2809 2029/2622/2809
f 1612/2611/2810 682/2619/2810 722/2623/2810
f 549/2624/2811 1635/2625/2811 2066/2626/2811
f 2049/2627/2812 559/2628/2812 1772/1646/2812
f 2049/2627/2813 1772/1646/2813 1629/1695/2813
f 2072/2629/2814 2050/2119/2814 716/2630/2814
f 716/2630/2815 2050/2119/2815 1626/2614/2815
f 1966/2631/2816 579/2632/2816 1897/1372/2816
f 644/2633/2817 1975/2562/2817 577/2634/2817
f 1006/788/2818 885/787/2818 2136/2635/2818 884/2636/2818
f 2062/1428/2819 1641/1674/2819 1610/2637/2819
f 721/2108/2820 2063/1652/2820 1610/2637/2820
f 1635/2638/2821 2053/2118/2821 2066/2639/2821
f 729/2640/2822 2053/2118/2822 1635/2638/2822
f 2033/2106/2823 720/2641/2823 2069/2642/2823
f 2054/2643/2824 2053/2118/2824 729/2640/2824
f 713/2644/2825 2030/2551/2825 554/1675/2825
f 2066/2639/2826 2053/2118/2826 1634/2120/2826
f 2035/2615/2827 1626/2614/2827 2050/2119/2827
f 2064/2109/2828 551/1913/2828 721/2108/2828
f 2073/2114/2829 2064/2109/2829 2041/2051/2829
f 1636/2102/2830 2077/2645/2830 1620/1640/2830
f 2033/2106/2831 681/2550/2831 720/2641/2831
f 2053/2118/2832 2035/2615/2832 2050/2119/2832
f 729/2640/2833 1635/2638/2833 722/2623/2833
f 2030/2551/2834 1641/1674/2834 554/1675/2834
f 2071/2107/2835 2033/2106/2835 2069/2642/2835
f 1610/2637/2836 2063/1652/2836 2062/1428/2836
f 681/2550/2837 721/2108/2837 1610/2637/2837
f 681/2550/2838 1610/2637/2838 1641/1674/2838
f 1519/1688/2839 1524/1687/2839 645/1692/2839
f 1518/1554/2840 1524/1687/2840 1519/1688/2840
f 1519/1688/2841 647/2396/2841 648/1689/2841
f 1509/2133/2842 1523/1669/2842 1520/1671/2842
f 1776/1677/2843 1514/2132/2843 1513/1755/2843
f 1911/2140/2844 1630/2552/2844 581/2646/2844
f 1517/2139/2845 1473/2144/2845 1474/2443/2845
f 1910/2647/2846 1902/2648/2846 581/2646/2846
f 1473/2144/2847 1902/2648/2847 1474/2443/2847
f 1897/1372/2848 1512/1371/2848 1509/2133/2848
f 1923/1582/2849 1921/1584/2849 1916/2649/2849
f 1889/2650/2850 1528/2651/2850 1912/2652/2850
f 644/2633/2851 1891/2563/2851 1975/2562/2851
f 1520/2653/2852 644/2609/2852 1962/2574/2852
f 644/2442/2853 1892/1592/2853 1891/2654/2853
f 1892/1592/2854 1521/2586/2854 631/1572/2854
f 584/2136/2855 1900/2567/2855 585/2655/2855
f 1473/2144/2856 1911/2140/2856 581/2646/2856
f 1902/2656/2857 1903/2657/2857 2220/2658/2857
f 1509/2659/2858 1520/2653/2858 1962/2574/2858
f 2220/2660/2859 1903/2661/2859 1895/2662/2859
f 1889/2650/2860 1895/2663/2860 1528/2651/2860
f 2220/2585/2861 1895/2663/2861 1889/2650/2861
f 584/2437/2862 1521/2586/2862 1505/2664/2862
f 585/2587/2863 1521/2586/2863 584/2437/2863
f 646/1690/2864 1909/2438/2864 1892/1592/2864
f 1512/1371/2865 1893/1370/2865 1630/2552/2865
f 1910/2647/2866 581/2646/2866 1908/2665/2866
f 577/2084/2867 1975/2565/2867 624/2082/2867
f 1893/1370/2868 1908/2665/2868 1630/2552/2868
f 1897/1372/2869 579/2632/2869 1893/1370/2869
f 585/2655/2870 1900/2567/2870 1474/2443/2870
f 574/2666/2871 1903/2661/2871 1910/2647/2871
f 1898/2667/2872 660/2668/2872 1908/2665/2872
f 1909/2438/2873 1521/2586/2873 1892/1592/2873
f 1507/2141/2874 1911/2140/2874 712/2143/2874
f 1517/2139/2875 687/1655/2875 1579/1654/2875
f 712/2143/2876 586/2444/2876 1507/2141/2876
f 1517/2139/2877 586/2444/2877 712/2143/2877
f 1896/2135/2878 582/2134/2878 687/1655/2878
f 1551/1557/2879 1553/1732/2879 1552/1558/2879
f 1554/1729/2880 1550/1734/2880 1762/1727/2880
f 1553/1732/2881 1550/1734/2881 1554/1729/2881
f 1555/1735/2882 1558/1737/2882 1516/1746/2882
f 1562/1814/2883 1662/1607/2883 648/1689/2883
f 648/1689/2884 1561/1739/2884 1562/1814/2884
f 1757/2170/2885 1577/1725/2885 696/1437/2885
f 1526/2583/2886 1512/1371/2886 621/2142/2886
f 1537/1710/2887 431/1342/2887 1538/1711/2887
f 877/2476/2888 641/1429/2888 1638/1694/2888
f 878/530/2889 641/1429/2889 410/805/2889
f 878/530/2890 1578/1430/2890 641/1429/2890
f 1076/802/2891 586/2444/2891 1578/1430/2891
f 1208/1302/2892 818/1304/2892 875/803/2892
f 410/805/2893 641/1429/2893 877/2476/2893
f 1076/802/2894 1578/1430/2894 878/530/2894
f 814/2478/2895 620/2363/2895 1507/2141/2895
f 1076/802/2896 875/803/2896 818/1304/2896
f 586/2444/2897 1076/802/2897 818/1304/2897
f 818/1304/2898 1507/2141/2898 586/2444/2898
f 818/1304/2899 814/2478/2899 1507/2141/2899
f 620/2363/2900 814/2478/2900 1510/743/2900
f 586/2444/2901 1579/1654/2901 1578/1430/2901
f 1207/1298/2902 351/1284/2902 813/933/2902
f 1084/1303/2903 987/1305/2903 1206/1299/2903
f 891/2669/2904 890/2670/2904 892/817/2904
f 1285/2671/2905 1284/2672/2905 1256/2673/2905
f 1263/2674/2906 547/683/2906 349/1180/2906
f 1299/2675/2907 514/1317/2907 1301/617/2907
f 336/623/2908 1272/625/2908 1273/1181/2908
f 1314/1216/2909 391/2676/2909 1310/1214/2909
f 543/644/2910 1268/645/2910 1278/2677/2910
f 1291/649/2911 548/2316/2911 1287/800/2911
f 1261/2678/2912 1281/2679/2912 1253/2240/2912
f 1279/632/2913 540/631/2913 1330/2680/2913
f 1253/656/2914 824/2230/2914 542/1224/2914
f 1281/2679/2915 535/2681/2915 1253/2240/2915
f 1267/647/2916 385/801/2916 1289/2682/2916
f 385/801/2917 1239/2683/2917 1242/2684/2917
f 1217/680/2918 1269/679/2918 1232/601/2918
f 385/801/2919 1287/800/2919 1239/2683/2919
f 1298/1278/2920 1229/673/2920 1302/672/2920
f 393/2685/2921 1212/2686/2921 1230/2687/2921
f 1231/1179/2922 1230/2687/2922 1319/676/2922
f 1304/597/2923 1301/2688/2923 1259/705/2923
f 1240/2238/2924 396/2237/2924 360/2537/2924
f 523/1190/2925 526/1354/2925 515/1191/2925
f 393/693/2926 1237/692/2926 1222/698/2926
f 1240/2238/2927 1225/2689/2927 1238/622/2927
f 1241/2690/2928 1228/2691/2928 1322/1202/2928
f 1228/2691/2929 1321/1196/2929 1322/1202/2929
f 1224/687/2930 387/1314/2930 1318/661/2930
f 1252/2692/2931 1315/2693/2931 1273/2694/2931
f 907/2465/2932 415/2492/2932 909/891/2932
f 451/2695/2933 902/2470/2933 795/2469/2933
f 930/2258/2934 1208/1302/2934 934/2475/2934
f 927/2506/2935 332/2262/2935 928/2504/2935
f 786/2479/2936 2140/2696/2936 808/2697/2936
f 1019/879/2937 2140/2696/2937 786/2479/2937
f 386/876/2938 815/1281/2938 812/932/2938
f 927/2506/2939 939/2263/2939 332/2262/2939
f 884/2636/2940 2141/2698/2940 1006/788/2940
f 894/2699/2941 453/2255/2941 891/2271/2941
f 1194/2700/2942 1200/2482/2942 356/551/2942
f 892/817/2943 890/2670/2943 881/533/2943
f 881/2454/2944 1068/791/2944 874/831/2944
f 766/820/2945 825/819/2945 1069/821/2945
f 812/932/2946 1084/1303/2946 813/933/2946
f 905/2496/2947 1115/2701/2947 2150/2702/2947
f 1354/887/2948 802/919/2948 794/918/2948
f 811/2284/2949 798/885/2949 422/535/2949
f 423/536/2950 796/882/2950 2156/2494/2950
f 798/885/2951 811/2284/2951 905/2496/2951
f 895/905/2952 1019/879/2952 786/2479/2952
f 905/2496/2953 811/2284/2953 1115/2701/2953
f 935/751/2954 1076/802/2954 878/530/2954
f 351/1284/2955 1290/2703/2955 1204/797/2955
f 351/1284/2956 1193/799/2956 813/933/2956
f 892/817/2957 894/816/2957 891/2669/2957
f 894/816/2958 797/815/2958 795/2704/2958
f 1408/1251/2959 1356/2705/2959 1357/1252/2959
f 326/2706/2960 918/2707/2960 1358/2708/2960
f 1399/1271/2961 1378/2709/2961 1383/1272/2961
f 1395/1039/2962 1404/1267/2962 1423/1086/2962
f 479/1265/2963 931/2710/2963 1397/2711/2963
f 1415/1085/2964 1356/2705/2964 1382/1098/2964
f 931/2710/2965 479/1265/2965 1400/1264/2965
f 1361/2712/2966 1385/1045/2966 1406/1044/2966
f 1416/2713/2967 1415/1085/2967 1426/2298/2967
f 487/2714/2968 507/2715/2968 508/2716/2968
f 506/1113/2969 1453/1111/2969 1437/1106/2969
f 1421/2717/2970 1467/1157/2970 1471/2299/2970
f 1366/2718/2971 325/2719/2971 1452/1274/2971
f 1410/2720/2972 1456/1135/2972 507/1145/2972
f 512/1049/2973 491/2305/2973 490/2300/2973
f 1427/1078/2974 1440/2721/2974 498/1077/2974
f 497/1081/2975 1422/1123/2975 1445/1063/2975
f 1461/1141/2976 2170/1142/2976 532/1144/2976
f 1427/1156/2977 501/1050/2977 1438/1061/2977
f 489/1079/2978 499/1065/2978 490/2300/2978
f 502/1071/2979 1470/2722/2979 494/1083/2979
f 1441/1080/2980 1443/1047/2980 499/1065/2980
f 1463/1126/2981 1443/2723/2981 495/2724/2981
f 1428/1131/2982 1451/1130/2982 510/1152/2982
f 1464/1132/2983 1436/1070/2983 1425/2302/2983
f 1422/2725/2984 498/1077/2984 1440/2721/2984
f 1419/1084/2985 1469/1069/2985 1468/1158/2985
f 1434/2307/2986 1430/2306/2986 1446/2726/2986
f 506/1113/2987 1454/2727/2987 1453/1111/2987
f 1445/1063/2988 1463/1048/2988 495/1118/2988
f 1416/2728/2989 1414/2729/2989 1356/2730/2989
f 1356/2705/2990 1415/1085/2990 1416/2713/2990
f 1460/2731/2991 1453/2732/2991 1454/2733/2991
f 1457/1149/2992 1462/2734/2992 1447/1055/2992
f 505/1121/2993 1454/2735/2993 1449/2736/2993
f 1465/1139/2994 1451/1130/2994 1464/1132/2994
f 1435/1155/2995 1438/1061/2995 2170/1060/2995
f 1461/1141/2996 1451/1130/2996 1465/1139/2996
f 1458/1053/2997 1455/2737/2997 510/1150/2997
f 1447/1055/2998 487/2714/2998 508/2716/2998
f 1447/1055/2999 508/2716/2999 1458/1053/2999
f 1453/1151/3000 509/1122/3000 1458/1053/3000
f 509/2738/3001 1453/2732/3001 1460/2731/3001
f 497/1081/3002 498/2739/3002 1422/1123/3002
f 1466/1073/3003 513/1094/3003 1427/1078/3003
f 1468/1158/3004 1467/1157/3004 1420/2740/3004
f 1420/2740/3005 480/1261/3005 1468/1158/3005
f 1470/1162/3006 493/1160/3006 1411/2741/3006
f 1469/1069/3007 1428/1131/3007 1471/2299/3007
f 1359/1244/3008 1391/2742/3008 1358/2708/3008
f 1368/2743/3009 1360/2744/3009 1407/2745/3009
f 1409/2746/3010 473/2747/3010 485/2748/3010
f 1355/766/3011 1388/1170/3011 878/530/3011
f 533/1175/3012 915/1172/3012 481/1171/3012
f 1401/2749/3013 476/1254/3013 1383/1272/3013
f 447/1173/3014 1405/2750/3014 1389/2751/3014
f 447/1173/3015 915/1172/3015 1405/2750/3015
f 481/1171/3016 488/2522/3016 446/2752/3016
f 915/1172/3017 937/2509/3017 916/2753/3017
f 1391/2754/3018 476/1168/3018 1381/1165/3018
f 918/2707/3019 326/2706/3019 1410/2755/3019
f 521/1311/3020 522/2756/3020 1260/2757/3020
f 521/1311/3021 1260/2757/3021 1310/1188/3021
f 527/630/3022 1316/629/3022 1308/682/3022
f 523/2758/3023 1219/2759/3023 1326/2760/3023
f 1229/1353/3024 517/615/3024 529/1316/3024
f 524/1200/3025 522/605/3025 1327/604/3025
f 1310/2761/3026 1260/1351/3026 1298/1350/3026
f 546/663/3027 1256/624/3027 1265/664/3027
f 542/653/3028 1284/652/3028 1246/2239/3028
f 1255/2762/3029 528/2763/3029 1273/2694/3029
f 824/2230/3030 394/1220/3030 542/1224/3030
f 1292/590/3031 1249/655/3031 1195/591/3031
f 1257/2764/3032 1247/2765/3032 1292/2766/3032
f 1284/2672/3033 1285/2671/3033 1246/2767/3033
f 1720/1236/3034 1071/1235/3034 766/820/3034
f 937/2509/3035 915/1172/3035 534/1174/3035
f 1372/1046/3036 1394/1043/3036 1375/2505/3036
f 1374/1262/3037 480/1261/3037 1420/2740/3037
f 1374/2768/3038 1392/2769/3038 1361/2712/3038
f 1361/2712/3039 1406/1044/3039 1374/2768/3039
f 326/2770/3040 325/2719/3040 1366/2718/3040
f 1401/2749/3041 1407/2771/3041 476/1254/3041
f 1357/1252/3042 483/2772/3042 1386/1250/3042
f 1398/2773/3043 484/2774/3043 1367/2775/3043
f 1364/2523/3044 1369/1040/3044 1408/1251/3044
f 938/2314/3045 916/2753/3045 937/2509/3045
f 1382/1098/3046 1356/2705/3046 1408/1251/3046
f 1367/2775/3047 1400/1264/3047 1398/2773/3047
f 471/1253/3048 1386/1250/3048 1387/1169/3048
f 1368/2776/3049 1379/2777/3049 1360/2778/3049
f 918/2707/3050 1413/2779/3050 482/2780/3050
f 1373/2781/3051 473/2747/3051 1409/2746/3051
f 1374/2768/3052 1406/1044/3052 485/2748/3052
f 1426/2782/3053 491/2783/3053 1418/1057/3053
f 1372/1046/3054 472/2525/3054 485/2748/3054
f 1403/2784/3055 1362/1256/3055 1365/1255/3055
f 1407/2785/3056 1360/2778/3056 1392/2769/3056
f 1405/2750/3057 915/1172/3057 916/2753/3057
f 1360/2778/3058 1379/2777/3058 1385/1045/3058
f 938/2314/3059 475/2510/3059 1379/1258/3059
f 1378/2786/3060 478/2787/3060 1401/2788/3060
f 1390/2789/3061 1413/2779/3061 1412/2790/3061
f 1398/2773/3062 1400/1264/3062 1079/2520/3062
f 1396/2791/3063 1376/2792/3063 1368/2743/3063
f 1368/2743/3064 478/2793/3064 1396/2791/3064
f 1373/2794/3065 1409/1248/3065 1384/1247/3065
f 1386/1250/3066 1388/1170/3066 1387/1169/3066
f 1396/2791/3067 486/2795/3067 1376/2792/3067
f 1211/2534/3068 1202/1285/3068 1199/2320/3068
f 1311/2796/3069 1328/1337/3069 391/1189/3069
f 1213/1308/3070 823/1292/3070 1220/2530/3070
f 390/703/3071 988/2463/3071 1243/701/3071
f 348/2797/3072 1215/2531/3072 1220/2530/3072
f 359/2798/3073 389/2799/3073 1194/2700/3073
f 348/2800/3074 1244/699/3074 1215/707/3074
f 1203/2519/3075 1289/2518/3075 1242/2801/3075
f 1221/552/3076 1203/1286/3076 1242/2802/3076
f 1244/699/3077 1212/2803/3077 393/693/3077
f 360/2537/3078 359/2798/3078 356/551/3078
f 355/1297/3079 1197/2548/3079 1209/1291/3079
f 823/2804/3080 1216/2540/3080 1218/2539/3080
f 1217/588/3081 1238/622/3081 1225/2689/3081
f 537/620/3082 349/608/3082 520/627/3082
f 1211/2534/3083 925/947/3083 821/792/3083
f 1214/1294/3084 1199/1296/3084 1209/1291/3084
f 1084/1303/3085 1206/1299/3085 813/933/3085
f 1197/2805/3086 1200/2538/3086 1216/2540/3086
f 356/551/3087 359/2798/3087 1194/2700/3087
f 1201/1290/3088 1214/1294/3088 1209/1291/3088
f 360/2537/3089 396/2237/3089 359/2798/3089
f 357/2532/3090 988/2498/3090 1206/1299/3090
f 1198/2243/3091 389/2806/3091 388/700/3091
f 348/2797/3092 1220/2530/3092 1218/2242/3092
f 1202/1285/3093 1221/552/3093 352/2536/3093
f 528/2763/3094 1255/2762/3094 1327/2807/3094
f 1298/1278/3095 1302/672/3095 1307/1215/3095
f 518/1187/3096 1210/628/3096 1325/1192/3096
f 1325/1192/3097 1210/628/3097 1312/1193/3097
f 814/2478/3098 815/1281/3098 1510/743/3098
f 1510/743/3099 815/1281/3099 1050/880/3099
f 1297/1195/3100 1320/1347/3100 1309/1336/3100
f 442/1344/3101 833/1231/3101 431/1342/3101
f 443/829/3102 833/1231/3102 442/1344/3102
f 838/836/3103 837/1343/3103 431/1342/3103
f 1320/2808/3104 1323/2325/3104 525/2222/3104
f 525/2222/3105 1210/628/3105 1320/2808/3105
f 1326/677/3106 1319/676/3106 1308/682/3106
f 1311/2809/3107 519/2810/3107 1309/2811/3107
f 2007/1588/3108 2003/2151/3108 1981/1579/3108
f 1506/2394/3109 622/2167/3109 1512/1371/3109
f 658/1762/3110 1753/2553/3110 1584/2812/3110
f 574/2666/3111 1527/1570/3111 1903/2661/3111
f 1895/2662/3112 1903/2661/3112 1527/1570/3112
f 1894/2813/3113 2009/2181/3113 1915/2814/3113
f 654/1416/3114 1591/1473/3114 1586/1432/3114
f 1938/2815/3115 1934/1585/3115 1985/1587/3115
f 623/1493/3116 1472/1539/3116 1952/2092/3116
f 1968/1519/3117 777/2816/3117 774/1520/3117
f 1987/2817/3118 2017/2145/3118 1980/2818/3118
f 1940/1528/3119 1961/2819/3119 1937/1529/3119
f 754/2820/3120 773/1541/3120 753/1593/3120
f 774/2821/3121 1936/1508/3121 1948/1564/3121
f 1684/2572/3122 1967/2564/3122 1891/2563/3122
f 1954/2076/3123 782/1521/3123 774/1520/3123
f 1927/2088/3124 1919/2822/3124 1956/1545/3124
f 1956/2340/3125 1955/1485/3125 623/2441/3125
f 1961/2823/3126 1946/2824/3126 779/2825/3126
f 1684/2572/3127 1930/2085/3127 1967/2564/3127
f 2220/2660/3128 1474/2443/3128 1902/2648/3128
f 1926/2080/3129 580/2078/3129 1930/2085/3129
f 1894/2813/3130 1920/2826/3130 2010/2182/3130
f 2010/2182/3131 2009/2181/3131 1894/2813/3131
f 583/2138/3132 1890/2827/3132 1923/1567/3132
f 1899/1562/3133 578/2828/3133 1915/2814/3133
f 1995/2346/3134 1508/2179/3134 1914/2178/3134
f 776/2829/3135 783/1548/3135 1925/1486/3135
f 780/1526/3136 774/2821/3136 1948/1564/3136
f 1916/2649/3137 1921/1584/3137 2002/1590/3137
f 630/1569/3138 1914/2178/3138 1917/2137/3138
f 1901/2830/3139 1922/1573/3139 631/1572/3139
f 1906/1576/3140 762/1575/3140 2018/1580/3140
f 1917/2137/3141 1923/1567/3141 630/1569/3141
f 1924/1566/3142 628/1574/3142 1925/1486/3142
f 628/1511/3143 776/1510/3143 1925/2831/3143
f 1930/2085/3144 624/2571/3144 1967/2564/3144
f 1905/2832/3145 583/2138/3145 1917/2137/3145
f 626/1571/3146 578/2828/3146 1899/1562/3146
f 1927/2088/3147 1926/2080/3147 1919/2822/3147
f 1901/2830/3148 1889/2650/3148 1912/2652/3148
f 1928/2347/3149 1914/2178/3149 630/1569/3149
f 756/2833/3150 1985/1587/3150 1972/1586/3150
f 1984/2184/3151 1928/2347/3151 1979/2834/3151
f 1890/2827/3152 583/2138/3152 1904/2835/3152
f 1931/2836/3153 578/2837/3153 574/2838/3153
f 1527/1570/3154 574/2666/3154 578/2828/3154
f 1926/2839/3155 1684/1591/3155 631/1572/3155
f 578/2828/3156 626/1571/3156 1527/1570/3156
f 1472/1549/3157 623/2441/3157 627/1487/3157
f 1897/2840/3158 1962/2574/3158 1966/2083/3158
f 694/2610/3159 1495/2577/3159 1482/1907/3159
f 1611/1625/3160 1613/1628/3160 722/2841/3160
f 555/2582/3161 554/1675/3161 1619/1650/3161
f 581/2646/3162 1630/2552/3162 1908/2665/3162
f 691/1768/3163 2180/2842/3163 1476/2843/3163
f 1498/2844/3164 2180/2842/3164 691/1768/3164
f 1619/1650/3165 1641/1674/3165 1578/1430/3165
f 1621/2354/3166 555/2582/3166 1618/2579/3166
f 1766/1649/3167 1631/2578/3167 1619/1650/3167
f 1631/2578/3168 1618/2579/3168 1619/1650/3168
f 1586/1432/3169 2181/2845/3169 1587/2846/3169
f 641/1429/3170 643/1661/3170 1580/1660/3170
f 1611/1625/3171 1617/1624/3171 1768/2353/3171
f 688/1656/3172 1621/2354/3172 1618/2579/3172
f 1621/2355/3173 557/1636/3173 1620/1640/3173
f 1755/1704/3174 1529/1703/3174 766/820/3174
f 1534/2172/3175 1540/2173/3175 1537/1710/3175
f 1759/1717/3176 1545/1716/3176 1572/2373/3176
f 1756/1706/3177 2183/2847/3177 1720/1236/3177
f 635/1795/3178 1494/2848/3178 701/1793/3178
f 701/1793/3179 1350/948/3179 1484/1794/3179
f 1504/2591/3180 2208/2849/3180 1682/2850/3180
f 1696/1761/3181 1737/1781/3181 1701/1807/3181
f 1908/2665/3182 1893/1370/3182 1898/2667/3182
f 697/1440/3183 1597/1439/3183 1595/1685/3183
f 1482/1907/3184 1592/2589/3184 697/1440/3184
f 1482/1907/3185 1503/1906/3185 1592/2589/3185
f 2047/2851/3186 716/2630/3186 1626/2614/3186
f 1614/2852/3187 2034/2104/3187 2039/1918/3187
f 549/2612/3188 2066/2639/3188 2051/2853/3188
f 2061/2854/3189 771/1916/3189 2029/1915/3189
f 2086/2419/3190 2093/1925/3190 550/2855/3190
f 2046/2856/3191 2082/1910/3191 2087/2857/3191
f 2080/2858/3192 2069/2859/3192 2040/2860/3192
f 2037/2861/3193 2081/2862/3193 2079/2863/3193
f 2084/2864/3194 719/2865/3194 2117/2866/3194
f 2037/2861/3195 2123/2420/3195 2086/2419/3195
f 2039/1918/3196 2123/1917/3196 2079/2867/3196
f 2133/2868/3197 2083/2869/3197 2117/2870/3197
f 2091/1964/3198 2106/1968/3198 2107/2871/3198
f 736/2872/3199 2135/1955/3199 2134/2037/3199
f 2118/2873/3200 2101/2874/3200 2043/2875/3200
f 2134/2037/3201 2132/2038/3201 736/2872/3201
f 2096/2409/3202 2094/1928/3202 2098/1926/3202
f 2083/2034/3203 2112/1922/3203 2117/2410/3203
f 2102/2876/3204 2089/2877/3204 2103/2878/3204
f 735/2879/3205 2115/1944/3205 2105/1946/3205
f 2135/1955/3206 2092/1957/3206 2134/2037/3206
f 2114/1976/3207 717/2880/3207 732/2407/3207
f 2093/1925/3208 2086/2419/3208 2126/1980/3208
f 749/2881/3209 743/2011/3209 2127/2013/3209
f 743/2011/3210 749/2881/3210 741/2882/3210
f 2108/1986/3211 2090/1951/3211 2130/2883/3211
f 2134/2037/3212 2133/1923/3212 2093/1925/3212
f 741/1959/3213 744/2001/3213 2111/1997/3213
f 2125/2019/3214 2052/2017/3214 2124/2884/3214
f 2124/2884/3215 2123/1917/3215 2087/1919/3215
f 2123/2420/3216 2124/2885/3216 2126/1980/3216
f 747/2015/3217 738/2018/3217 748/2023/3217
f 736/2886/3218 733/1934/3218 2135/1933/3218
f 2122/1939/3219 733/1983/3219 2132/1985/3219
f 752/2887/3220 2105/1946/3220 2109/1945/3220
f 2097/1938/3221 752/2888/3221 2109/2039/3221
f 2077/2889/3222 713/2644/3222 555/2582/3222
f 2070/2890/3223 2031/2103/3223 2081/2891/3223
f 2081/2862/3224 2065/2892/3224 2070/2046/3224
f 715/2893/3225 1632/2894/3225 2049/2895/3225
f 2078/2896/3226 730/2897/3226 1625/2898/3226
f 2071/2899/3227 2069/2859/3227 717/2900/3227
f 2048/2901/3228 2057/2902/3228 2076/2903/3228
f 549/2612/3229 1612/2611/3229 1635/2638/3229
f 2064/2109/3230 2035/2617/3230 2054/1911/3230
f 2054/2643/3231 2035/2615/3231 2053/2118/3231
f 729/2640/3232 722/2623/3232 1613/2904/3232
f 2038/2113/3233 2047/2050/3233 1626/2905/3233
f 713/2644/3234 554/1675/3234 555/2582/3234
f 721/2108/3235 681/2550/3235 2033/2106/3235
f 2032/2906/3236 719/2865/3236 2084/2864/3236
f 2065/2892/3237 718/2907/3237 2055/2908/3237
f 760/2909/3238 2004/2910/3238 1988/2911/3238
f 760/2912/3239 1988/2913/3239 1990/2914/3239
f 1995/2062/3240 1906/2915/3240 2018/2063/3240
f 2005/2180/3241 1989/2916/3241 2006/2147/3241
f 1994/2057/3242 2015/2065/3242 762/2189/3242
f 625/2917/3243 1993/2060/3243 1997/2128/3243
f 761/1581/3244 1999/2177/3244 1508/2179/3244
f 1978/2918/3245 2004/2919/3245 760/2920/3245
f 1976/2921/3246 778/2922/3246 1971/2923/3246
f 1929/1546/3247 1950/1537/3247 1970/2087/3247
f 1936/1518/3248 1942/1517/3248 575/2924/3248
f 1965/2925/3249 1952/2092/3249 775/1538/3249
f 1933/2926/3250 774/2927/3250 1976/2928/3250
f 2025/924/3251 1354/887/3251 2028/2432/3251
f 2075/2929/3252 1633/2112/3252 2047/2851/3252
f 2060/2930/3253 2042/2931/3253 2067/2932/3253
f 2065/2892/3254 2081/2862/3254 2037/2861/3254
f 2057/2902/3255 2036/2933/3255 714/2934/3255
f 722/2623/3256 1635/2638/3256 1612/2611/3256
f 2072/2629/3257 724/2935/3257 726/2936/3257
f 725/2937/3258 2042/2931/3258 2044/2938/3258
f 2056/1947/3259 2041/2051/3259 2033/2106/3259
f 721/2108/3260 2033/2106/3260 2041/2051/3260
f 2099/2939/3261 717/2900/3261 2080/2858/3261
f 2080/2858/3262 2084/2864/3262 2099/2939/3262
f 2074/2940/3263 716/2630/3263 2047/2851/3263
f 771/1916/3264 2042/2931/3264 725/2937/3264
f 2099/2939/3265 2084/2864/3265 2096/2941/3265
f 2059/1914/3266 725/2937/3266 2077/2645/3266
f 718/2907/3267 550/2855/3267 2045/2421/3267
f 2040/2942/3268 2069/2642/3268 720/2641/3268
f 1625/2943/3269 2060/2930/3269 2067/2932/3269
f 2078/2944/3270 715/2945/3270 2051/2946/3270
f 2063/1652/3271 721/2108/3271 551/1913/3271
f 559/2620/3272 2049/2895/3272 2061/2621/3272
f 682/2619/3273 1612/2611/3273 2049/2613/3273
f 1633/2112/3274 714/2111/3274 2058/2947/3274
f 2046/2948/3275 2034/2104/3275 2048/2901/3275
f 2032/2949/3276 2040/2950/3276 2030/2951/3276
f 2030/2551/3277 713/2644/3277 2032/2952/3277
f 2055/2908/3278 718/2907/3278 2060/2049/3278
f 728/1963/3279 2087/2857/3279 2082/1910/3279
f 1620/1640/3280 2077/2645/3280 555/2953/3280
f 2030/2551/3281 720/2641/3281 681/2550/3281
f 729/2954/3282 680/2955/3282 2054/2956/3282
f 2119/1982/3283 2093/1925/3283 2126/1980/3283
f 724/2957/3284 2051/2958/3284 726/2959/3284
f 1994/2057/3285 762/2189/3285 2005/2180/3285
f 759/2068/3286 1987/2817/3286 758/2960/3286
f 1914/2178/3287 1999/2177/3287 1917/2137/3287
f 581/2646/3288 1902/2648/3288 1473/2144/3288
f 1686/2961/3289 1890/2827/3289 660/2962/3289
f 712/2143/3290 1911/2140/3290 1473/2144/3290
f 1505/2664/3291 1909/2438/3291 584/2437/3291
f 631/1572/3292 1521/2586/3292 1901/2830/3292
f 1889/2650/3293 1901/2830/3293 1521/2586/3293
f 1904/2835/3294 574/2838/3294 1910/2963/3294
f 1900/2567/3295 1896/2135/3295 1474/2443/3295
f 621/2142/3296 1512/1371/3296 1630/2552/3296
f 1521/2586/3297 2220/2585/3297 1889/2650/3297
f 1926/2839/3298 631/1572/3298 576/1565/3298
f 1910/2647/3299 1903/2661/3299 1902/2648/3299
f 1899/1562/3300 1915/2814/3300 2009/2181/3300
f 580/2078/3301 1957/2081/3301 781/1490/3301
f 1898/2667/3302 1893/1370/3302 579/2632/3302
f 1980/2818/3303 2017/2145/3303 755/2964/3303
f 1505/2664/3304 1521/2586/3304 1909/2438/3304
f 1934/1585/3305 1938/2815/3305 757/2965/3305
f 625/2917/3306 1990/2426/3306 1945/2059/3306
f 1997/2966/3307 1987/2090/3307 760/2089/3307
f 1983/2430/3308 756/2967/3308 2001/1578/3308
f 756/2833/3309 1972/1586/3309 1977/2445/3309
f 1981/2968/3310 755/2969/3310 2222/2970/3310
f 1956/1545/3311 781/1490/3311 1957/2081/3311
f 676/2176/3312 1757/2170/3312 1572/2373/3312
f 1984/2184/3313 2012/2064/3313 1906/1576/3313
f 1984/2184/3314 1979/2834/3314 2000/2183/3314
f 1979/2070/3315 1928/2971/3315 1913/1589/3315
f 2136/2972/3316 885/784/3316 424/783/3316 872/2973/3316
f 884/2974/3317 2136/2972/3317 872/2973/3317 421/866/3317
f 1190/1030/3318 1125/488/3318 365/490/3318 1187/503/3318
f 371/1034/3319 1007/542/3319 1146/541/3319 1098/1026/3319
f 343/914/3320 1169/913/3320 1107/995/3320 1351/992/3320
f 348/2797/3321 1218/2242/3321 350/1300/3321
f 392/2241/3322 1212/2686/3322 348/2797/3322
f 1016/575/3323 1017/574/3323 1015/576/3323 433/2975/3323
f 1020/579/3324 1017/574/3324 1022/507/3324 1011/555/3324
f 1173/582/3325 1112/581/3325 1117/994/3325 344/475/3325
f 1088/472/3326 1012/466/3326 435/961/3326 1156/979/3326
f 1285/1218/3327 547/683/3327 1263/2674/3327 544/2976/3327
f 1293/1282/3328 1254/2977/3328 1248/2978/3328
f 1249/655/3329 1247/2221/3329 538/2220/3329
f 1255/2762/3330 1273/2694/3330 1306/2979/3330
f 541/1206/3331 1282/1207/3331 1261/2980/3331
f 1282/1207/3332 1258/621/3332 1281/1205/3332
f 1307/2981/3333 1302/1185/3333 516/1184/3333
f 1253/2240/3334 1246/2239/3334 1261/2678/3334
f 1223/678/3335 1239/2683/3335 548/2316/3335 1269/679/3335
f 536/602/3336 548/2316/3336 1291/649/3336
f 1285/2982/3337 541/1206/3337 1261/2980/3337
f 538/2983/3338 1264/619/3338 1249/618/3338
f 1256/624/3339 1284/1306/3339 1265/664/3339
f 1230/2687/3340 1212/2686/3340 395/681/3340
f 1224/687/3341 398/2544/3341 387/1314/3341
f 393/693/3342 1230/2984/3342 1231/691/3342
f 1319/676/3343 1230/2687/3343 395/681/3343
f 817/667/3344 395/681/3344 1212/2686/3344
f 1223/678/3345 784/2985/3345 1239/2683/3345
f 1234/2549/3346 784/553/3346 1223/2986/3346
f 1234/2549/3347 1240/2238/3347 360/2537/3347
f 1226/684/3348 1237/692/3348 1235/2987/3348
f 1235/2987/3349 1237/692/3349 399/690/3349
f 1231/691/3350 399/690/3350 1237/692/3350
f 1323/1194/3351 515/1191/3351 526/1354/3351
f 1264/619/3352 538/2983/3352 1278/694/3352
f 396/2988/3353 397/668/3353 1236/2235/3353
f 350/1300/3354 1198/2243/3354 388/700/3354
f 1212/2686/3355 392/2241/3355 817/667/3355
f 1225/2689/3356 1240/2238/3356 1234/2549/3356
f 1226/684/3357 1241/2690/3357 387/2989/3357 398/685/3357
f 388/700/3358 389/2806/3358 1236/2235/3358
f 1241/2690/3359 1226/684/3359 1235/2987/3359
f 795/2469/3360 904/2212/3360 453/2255/3360 894/2699/3360
f 1241/2690/3361 1235/2987/3361 1228/2691/3361
f 359/2798/3362 1236/2990/3362 389/2799/3362
f 1244/699/3363 348/2800/3363 1212/2803/3363
f 359/2798/3364 396/2237/3364 1236/2990/3364
f 350/1300/3365 392/2241/3365 348/2797/3365
f 1327/640/3366 1306/611/3366 524/2991/3366
f 1273/2694/3367 528/2763/3367 1252/2692/3367
f 1257/2992/3368 1283/1222/3368 1247/2221/3368
f 1304/597/3369 1248/704/3369 1254/595/3369
f 451/2502/3370 793/2993/3370 2137/2994/3370 908/2295/3370
f 799/2995/3371 2137/2994/3371 793/2993/3371 407/2996/3371
f 908/2295/3372 2137/2994/3372 799/2995/3372 806/2503/3372
f 354/2529/3373 1220/2530/3373 357/2532/3373 1206/1299/3373
f 1132/2997/3374 2138/2998/3374 1149/2999/3374 436/3000/3374
f 1008/3001/3375 2138/2998/3375 1132/2997/3375 466/3002/3375
f 384/3003/3376 1149/2999/3376 2138/2998/3376 1008/3001/3376
f 531/2194/3377 1344/2193/3377 2139/3004/3377 1043/3005/3377
f 1044/3006/3378 2139/3004/3378 1344/2193/3378 530/3007/3378
f 1043/3005/3379 2139/3004/3379 1044/3006/3379 466/3002/3379
f 466/2481/3380 808/2697/3380 2140/2696/3380 1019/879/3380
f 1095/496/3381 1103/512/3381 1038/583/3381 1091/497/3381
f 1093/978/3382 1119/506/3382 1120/470/3382 1088/472/3382
f 882/534/3383 885/787/3383 1066/786/3383 1065/532/3383
f 421/866/3384 1067/865/3384 2141/3008/3384 884/2974/3384
f 2141/2698/3385 1067/867/3385 420/572/3385 1006/788/3385
f 1070/824/3386 828/823/3386 1071/1235/3386 454/1234/3386
f 879/812/3387 922/814/3387 923/2209/3387
f 827/835/3388 1072/833/3388 835/832/3388 429/822/3388
f 1069/821/3389 838/836/3389 431/1342/3389 766/820/3389
f 839/839/3390 841/838/3390 1073/840/3390 874/831/3390
f 432/826/3391 1072/833/3391 1074/843/3391 840/842/3391
f 870/3009/3392 1067/865/3392 866/864/3392 456/825/3392
f 1029/584/3393 868/869/3393 1070/870/3393 454/2219/3393
f 424/783/3394 881/2454/3394 2142/3010/3394 873/3011/3394
f 2142/3010/3395 881/2454/3395 874/831/3395 1073/840/3395
f 430/841/3396 873/3011/3396 2142/3010/3396 1073/840/3396
f 421/866/3397 871/3012/3397 2143/3013/3397 867/1331/3397
f 1074/843/3398 2143/3013/3398 871/3012/3398 430/841/3398
f 2143/3013/3399 1074/843/3399 428/834/3399 867/1331/3399
f 982/878/3400 1353/877/3400 1042/889/3400 531/3014/3400
f 910/3015/3401 2144/3016/3401 1013/3017/3401 434/3018/3401
f 458/3019/3402 1058/3020/3402 2144/3021/3402 910/3022/3402
f 1013/3017/3403 2144/3016/3403 1058/3023/3403 462/3024/3403
f 406/920/3404 796/882/3404 1153/881/3404 804/883/3404
f 384/3025/3405 807/3026/3405 2145/3027/3405 800/3028/3405
f 897/3029/3406 2145/3027/3406 807/3026/3406 416/3030/3406
f 417/2466/3407 800/3028/3407 2145/3027/3407 897/3029/3407
f 1013/3017/3408 2146/3031/3408 810/3032/3408 434/3018/3408
f 462/3033/3409 790/3034/3409 2146/3035/3409 1013/3036/3409
f 407/3037/3410 810/3038/3410 2146/3035/3410 790/3034/3410
f 1042/889/3411 1347/888/3411 1342/2198/3411 531/3014/3411
f 407/3037/3412 790/3034/3412 2147/2281/3412 803/2280/3412
f 462/3033/3413 998/2279/3413 2147/2281/3413 790/3034/3413
f 802/919/3414 785/886/3414 805/2495/3414 406/920/3414
f 803/2280/3415 806/2490/3415 799/3039/3415 407/3037/3415
f 1031/3040/3416 2148/3041/3416 1140/3042/3416 458/3043/3416
f 1164/3044/3417 2148/3041/3417 1031/3040/3417 436/3045/3417
f 457/3046/3418 1140/3042/3418 2148/3041/3418 1164/3044/3418
f 457/3046/3419 1057/3047/3419 1184/3048/3419 801/3049/3419
f 1018/900/3420 1033/899/3420 880/901/3420 423/922/3420
f 1138/3050/3421 1030/904/3421 1116/903/3421 381/1024/3421
f 791/3051/3422 2149/3052/3422 1057/3047/3422 457/3046/3422
f 907/2468/3423 2149/3052/3423 791/3051/3423 417/2466/3423
f 1057/3053/3424 2149/3054/3424 907/2465/3424 1184/930/3424
f 1137/928/3425 1169/913/3425 1333/912/3425 377/907/3425
f 434/3055/3426 810/3056/3426 2150/2702/3426 1115/2701/3426
f 905/3057/3427 2150/3058/3427 810/3038/3427 407/3037/3427
f 440/577/3428 1098/1026/3428 1146/541/3428 880/915/3428
f 1024/917/3429 1005/916/3429 1016/575/3429 433/2975/3429
f 436/3045/3430 1149/3059/3430 2151/3060/3430 1164/3044/3430
f 1052/3061/3431 2151/3060/3431 1149/3059/3431 384/3025/3431
f 1164/3044/3432 2151/3060/3432 1052/3061/3432 457/3046/3432
f 459/929/3433 990/3062/3433 2152/3063/3433 801/2491/3433
f 1063/3064/3434 2152/3065/3434 990/3066/3434 383/2487/3434
f 801/3049/3435 2152/3065/3435 1063/3064/3435 457/3046/3435
f 1136/3067/3436 2153/3068/3436 1063/3064/3436 383/2487/3436
f 458/3043/3437 1140/3042/3437 2153/3068/3437 1136/3067/3437
f 1063/3064/3438 2153/3068/3438 1140/3042/3438 457/3046/3438
f 906/3069/3439 2154/3070/3439 1132/2997/3439 436/3000/3439
f 461/2489/3440 903/3071/3440 2154/3072/3440 906/3073/3440
f 1132/2997/3441 2154/3070/3441 903/3074/3441 466/3002/3441
f 2155/2286/3442 990/3062/3442 459/929/3442 787/931/3442
f 383/2487/3443 990/3066/3443 2155/3075/3443 1045/2497/3443
f 805/2495/3444 2156/2494/3444 796/882/3444 406/920/3444
f 788/3076/3445 1019/879/3445 982/878/3445 531/3014/3445
f 434/3018/3446 900/3077/3446 2157/3078/3446 910/3015/3446
f 1031/3040/3447 2157/3079/3447 900/3080/3447 436/3045/3447
f 458/3043/3448 910/3081/3448 2157/3079/3448 1031/3040/3448
f 1041/3082/3449 2158/3083/3449 900/3077/3449 434/3018/3449
f 906/3073/3450 2158/3084/3450 1041/3085/3450 461/2489/3450
f 436/3000/3451 900/3077/3451 2158/3083/3451 906/3069/3451
f 466/3002/3452 1044/3006/3452 2159/3086/3452 886/3087/3452
f 1337/3088/3453 2159/3086/3453 1044/3006/3453 530/3007/3453
f 416/3089/3454 886/3087/3454 2159/3086/3454 1337/3088/3454
f 384/3025/3455 800/3028/3455 2160/3090/3455 1052/3061/3455
f 417/2466/3456 791/3051/3456 2160/3090/3456 800/3028/3456
f 1052/3061/3457 2160/3090/3457 791/3051/3457 457/3046/3457
f 2161/3091/3458 1062/3092/3458 415/2467/3458 898/2493/3458
f 897/3029/3459 2161/3091/3459 898/2493/3459 417/2466/3459
f 416/3030/3460 1062/3092/3460 2161/3091/3460 897/3029/3460
f 1153/926/3461 1030/925/3461 1154/986/3461 1027/985/3461
f 1115/2701/3462 2162/3093/3462 1041/3085/3462 434/3055/3462
f 811/2284/3463 786/2479/3463 2162/3093/3463 1115/2701/3463
f 2162/3093/3464 786/2479/3464 461/2489/3464 1041/3085/3464
f 1136/3067/3465 2163/3094/3465 1058/3095/3465 458/3043/3465
f 383/2487/3466 899/2283/3466 2163/3094/3466 1136/3067/3466
f 462/2282/3467 1058/3095/3467 2163/3094/3467 899/2283/3467
f 466/3002/3468 886/3087/3468 2164/3096/3468 1008/3001/3468
f 416/3030/3469 807/3026/3469 2164/3097/3469 886/3098/3469
f 1008/3001/3470 2164/3096/3470 807/3099/3470 384/3003/3470
f 896/558/3471 1035/938/3471 1000/573/3471 999/556/3471
f 1032/1037/3472 1034/557/3472 1113/939/3472 565/1241/3472
f 1007/3100/3473 371/1019/3473 1142/893/3473 423/895/3473
f 804/883/3474 1027/884/3474 794/918/3474 406/920/3474
f 1043/3101/3475 2165/3102/3475 788/3076/3475 531/3014/3475
f 1040/2480/3476 2165/3102/3476 1043/3101/3476 466/2481/3476
f 1019/879/3477 788/3076/3477 2165/3102/3477 1040/2480/3477
f 1124/968/3478 1150/966/3478 1147/965/3478 372/957/3478
f 1159/478/3479 1131/972/3479 1111/973/3479 1027/985/3479
f 1092/519/3480 362/525/3480 369/975/3480 1181/482/3480
f 374/476/3481 1157/473/3481 1131/976/3481 373/969/3481
f 366/1014/3482 1121/1036/3482 1171/998/3482 378/999/3482
f 1025/1009/3483 1192/960/3483 382/959/3483 362/525/3483
f 1172/1001/3484 1003/1004/3484 378/999/3484 380/528/3484
f 1102/484/3485 1185/1035/3485 1165/1006/3485 1167/485/3485
f 1180/494/3486 1128/989/3486 367/1027/3486 1003/1004/3486
f 450/493/3487 1028/492/3487 1096/1022/3487 1177/3103/3487
f 438/514/3488 1141/1016/3488 1124/968/3488 1145/956/3488
f 1158/1008/3489 1152/477/3489 1154/986/3489 1155/1017/3489
f 1122/518/3490 1148/1021/3490 1133/539/3490 460/1005/3490
f 381/1024/3491 1158/1023/3491 1155/3104/3491 1138/3050/3491
f 997/964/3492 1086/963/3492 1166/491/3492 450/493/3492
f 376/471/3493 1162/988/3493 1002/464/3493 1012/466/3493
f 1085/950/3494 1145/956/3494 1110/1033/3494 1098/1026/3494
f 1090/481/3495 1190/1030/3495 1148/1021/3495 1181/482/3495
f 1170/997/3496 1032/1037/3496 565/1241/3496 1351/992/3496
f 1178/954/3497 1179/896/3497 1101/3105/3497 372/952/3497
f 1104/500/3498 1106/499/3498 1141/1016/3498 1021/513/3498
f 530/2191/3499 1343/3106/3499 2166/3107/3499 1337/3108/3499
f 1062/3092/3500 2166/3107/3500 1343/3106/3500 415/2467/3500
f 1337/3108/3501 2166/3107/3501 1062/3092/3501 416/3030/3501
f 407/3109/3502 793/3110/3502 2167/3111/3502 905/2496/3502
f 2167/3112/3503 793/3113/3503 451/2695/3503 795/2469/3503
f 797/815/3504 905/2496/3504 2167/3111/3504 795/2704/3504
f 466/2481/3505 903/3071/3505 2168/3114/3505 808/2697/3505
f 789/2488/3506 2168/3114/3506 903/3071/3506 461/2489/3506
f 808/2697/3507 2168/3114/3507 789/2488/3507 786/2479/3507
f 1345/2190/3508 2169/3115/3508 1343/3106/3508 530/2191/3508
f 769/2206/3509 1349/3116/3509 2169/3117/3509 1345/2207/3509
f 1343/3106/3510 2169/3115/3510 1349/3118/3510 415/2467/3510
f 1376/2792/3511 1389/3119/3511 1405/3120/3511 1377/3121/3511
f 1370/1273/3512 1397/2711/3512 477/3122/3512
f 918/2707/3513 482/2780/3513 1358/2708/3513
f 918/2707/3514 1410/2755/3514 1371/3123/3514
f 918/2707/3515 1371/3123/3515 1413/2779/3515
f 1377/1257/3516 1405/2750/3516 916/2753/3516
f 931/2710/3517 1400/1264/3517 1367/2775/3517
f 1374/1262/3518 1421/2717/3518 1392/1167/3518
f 1374/1262/3519 1420/2740/3519 1421/2717/3519
f 482/2780/3520 1413/2779/3520 1390/2789/3520
f 1403/3124/3521 1395/3125/3521 1362/3126/3521
f 483/3127/3522 1393/3128/3522 480/1056/3522 1373/3129/3522
f 1389/3119/3523 1376/2792/3523 486/2795/3523
f 447/1173/3524 1079/2520/3524 488/2522/3524
f 1368/2743/3525 1407/2745/3525 478/2793/3525
f 1452/1274/3526 325/2719/3526 1471/2299/3526
f 1413/2779/3527 1417/3130/3527 1412/2790/3527
f 1393/3128/3528 1418/1057/3528 480/1056/3528
f 507/2715/3529 487/2714/3529 1417/3130/3529 1371/3123/3529
f 1393/3128/3530 1414/2729/3530 1418/1057/3530
f 1416/2728/3531 1426/2782/3531 1414/2729/3531
f 1410/2720/3532 326/2770/3532 1366/2718/3532
f 1410/2720/3533 1366/2718/3533 1456/1135/3533
f 1419/1084/3534 1468/1158/3534 491/2305/3534
f 1418/3131/3535 491/2305/3535 1468/1158/3535
f 1426/2782/3536 490/3132/3536 491/2783/3536
f 1471/2299/3537 325/2719/3537 1421/2717/3537
f 1410/2755/3538 507/2715/3538 1371/3123/3538
f 1366/2718/3539 1452/1274/3539 1456/1135/3539
f 931/2710/3540 1367/2775/3540 477/3122/3540 1397/2711/3540
f 1464/1132/3541 1428/1131/3541 1469/1069/3541
f 1466/1073/3542 498/1077/3542 497/1119/3542
f 490/3132/3543 1426/2782/3543 489/3133/3543
f 1439/1096/3544 1432/2303/3544 1433/3134/3544
f 1470/3135/3545 492/3136/3545 494/3137/3545
f 492/3138/3546 1439/1051/3546 513/1163/3546
f 1447/3139/3547 1462/1102/3547 487/1164/3547
f 1435/1155/3548 1425/3140/3548 1427/1156/3548
f 1443/1047/3549 500/1082/3549 495/1118/3549
f 1429/1097/3550 1444/1114/3550 1437/3141/3550
f 1437/3141/3551 1446/3142/3551 1429/1097/3551
f 1451/1130/3552 1461/1141/3552 1442/1143/3552
f 496/3143/3553 532/3144/3553 2170/3145/3553
f 1434/2307/3554 532/1066/3554 1432/1068/3554
f 1434/2307/3555 503/3146/3555 532/1066/3555
f 508/2716/3556 507/2715/3556 1455/2737/3556
f 1453/1153/3557 1451/1130/3557 1442/1143/3557
f 1460/1120/3558 1454/2735/3558 505/1121/3558
f 513/1163/3559 501/1050/3559 1427/1156/3559
f 1458/1053/3560 508/2716/3560 1455/2737/3560
f 1458/1053/3561 509/1122/3561 1459/1054/3561
f 505/1121/3562 1459/1054/3562 509/1122/3562
f 1430/3147/3563 1429/3148/3563 1446/3149/3563
f 1358/2708/3564 1391/2742/3564 326/2706/3564
f 1358/2708/3565 482/2780/3565 1359/1244/3565
f 1375/2505/3566 1394/1043/3566 939/2263/3566
f 477/3122/3567 484/2774/3567 1399/1271/3567
f 1394/3150/3568 1385/3151/3568 474/3152/3568
f 1389/2751/3569 486/3153/3569 1363/3154/3569
f 1356/2730/3570 1414/2729/3570 1393/3128/3570
f 1356/2730/3571 1393/3128/3571 483/3127/3571
f 447/1173/3572 1389/2751/3572 1079/2520/3572
f 1404/1245/3573 1402/3155/3573 1403/1246/3573
f 1377/1257/3574 916/2753/3574 938/2314/3574
f 1372/1046/3575 1375/2505/3575 472/2525/3575
f 1367/2775/3576 484/2774/3576 477/3122/3576
f 1317/1198/3577 519/1333/3577 1307/2981/3577 516/1184/3577
f 1402/3155/3578 1395/3156/3578 1403/1246/3578
f 1293/1282/3579 524/2991/3579 1306/611/3579
f 2019/2431/3580 1350/1791/3580 377/3157/3580 979/3158/3580
f 1252/626/3581 349/608/3581 1315/3159/3581
f 1312/1193/3582 1210/628/3582 527/630/3582
f 1260/1199/3583 524/1200/3583 517/615/3583
f 1325/1182/3584 522/605/3584 521/3160/3584
f 1328/1337/3585 518/1187/3585 391/1189/3585
f 1309/3161/3586 1320/2808/3586 1311/2796/3586
f 1228/2691/3587 1219/689/3587 515/1191/3587
f 1308/682/3588 1303/1335/3588 1326/677/3588
f 519/2810/3589 1314/3162/3589 1307/3163/3589
f 535/3164/3590 1281/1205/3590 401/638/3590
f 1282/3165/3591 1281/2679/3591 1261/2678/3591
f 394/1220/3592 1247/2221/3592 1283/1222/3592
f 1285/3166/3593 1261/2678/3593 1246/2239/3593
f 539/1203/3594 1283/3167/3594 1257/633/3594
f 536/602/3595 1277/651/3595 1195/591/3595
f 1245/2226/3596 1265/3168/3596 545/2224/3596
f 769/3169/3597 1334/3170/3597 2171/3171/3597 1349/3118/3597
f 1346/3172/3598 1134/3173/3598 2171/3171/3598 1334/3170/3598
f 1349/3118/3599 2171/3171/3599 1134/3173/3599 415/2467/3599
f 1390/2789/3600 1404/1245/3600 1359/1244/3600 482/2780/3600
f 1371/3123/3601 1417/3130/3601 1413/2779/3601
f 1370/1273/3602 1362/1256/3602 1395/3174/3602
f 325/2719/3603 1392/1167/3603 1421/2717/3603
f 1378/2709/3604 1399/1271/3604 1396/3175/3604 478/3176/3604
f 485/2748/3605 473/2747/3605 1374/2768/3605
f 1398/2773/3606 486/3153/3606 484/2774/3606
f 1386/1250/3607 483/2772/3607 1384/1247/3607
f 1409/1248/3608 485/3177/3608 472/2524/3608
f 1398/2773/3609 1079/2520/3609 1363/3154/3609
f 1363/3154/3610 1079/2520/3610 1389/2751/3610
f 1414/2729/3611 1426/2782/3611 1418/1057/3611
f 1370/1273/3612 1383/1272/3612 1362/1256/3612
f 473/3178/3613 1373/3179/3613 1374/3180/3613
f 1399/1271/3614 1370/1273/3614 477/3122/3614
f 1406/1044/3615 1372/1046/3615 485/2748/3615
f 1420/2740/3616 1467/1157/3616 1421/2717/3616
f 1373/2794/3617 1384/1247/3617 483/2772/3617
f 1363/3154/3618 486/3153/3618 1398/2773/3618
f 474/3152/3619 1379/3181/3619 475/3182/3619
f 1365/3183/3620 476/3184/3620 1359/1244/3620
f 1359/1244/3621 1403/1246/3621 1365/3183/3621
f 1360/2778/3622 1385/1045/3622 1361/2712/3622
f 1360/2778/3623 1361/2712/3623 1392/2769/3623
f 1385/3151/3624 1379/3181/3624 474/3152/3624
f 1401/2788/3625 478/2787/3625 1407/3185/3625
f 1401/2788/3626 1383/3186/3626 1378/2786/3626
f 1368/2743/3627 1376/2792/3627 1377/3121/3627
f 1399/1271/3628 484/2774/3628 1396/3175/3628
f 1404/1267/3629 1390/3187/3629 1412/3188/3629 1423/1086/3629
f 1364/2523/3630 479/1042/3630 1369/1040/3630
f 1383/1272/3631 476/1254/3631 1362/1256/3631
f 1391/2754/3632 1381/1165/3632 1392/1167/3632 326/2770/3632
f 481/1171/3633 447/1173/3633 488/2522/3633
f 1423/1086/3634 1412/3188/3634 1417/3189/3634 487/1164/3634
f 1396/3175/3635 484/2774/3635 486/3153/3635
f 1359/1244/3636 476/3184/3636 1391/2742/3636
f 1392/1167/3637 325/2719/3637 326/2770/3637
f 1242/2802/3638 1239/3190/3638 784/553/3638 1221/552/3638
f 483/2772/3639 1357/1252/3639 1356/2705/3639
f 1219/689/3640 1228/2691/3640 1235/2987/3640 399/690/3640
f 1327/604/3641 1313/603/3641 528/3191/3641
f 1201/1290/3642 823/1292/3642 1213/1308/3642
f 1202/1285/3643 413/2535/3643 1064/2323/3643 1203/1286/3643
f 1244/699/3644 1222/698/3644 1215/707/3644
f 1198/2243/3645 1218/2242/3645 1200/3192/3645
f 1239/2683/3646 1287/800/3646 548/2316/3646
f 356/551/3647 352/2536/3647 1221/552/3647
f 1194/2700/3648 389/2799/3648 1198/3193/3648
f 1198/3193/3649 1200/2482/3649 1194/2700/3649
f 1240/2238/3650 1238/622/3650 397/696/3650
f 1223/2986/3651 1217/588/3651 1225/2689/3651
f 1223/2986/3652 1225/2689/3652 1234/2549/3652
f 1248/2978/3653 517/3194/3653 524/2991/3653 1293/1282/3653
f 1196/2236/3654 1233/2461/3654 398/2544/3654
f 824/2230/3655 1253/656/3655 1275/658/3655
f 391/3195/3656 1314/3162/3656 519/2810/3656 1311/2809/3656
f 1304/3196/3657 1299/2675/3657 1301/617/3657
f 1295/613/3658 1296/659/3658 1299/1318/3658
f 866/864/3659 867/1331/3659 829/1340/3659 456/825/3659
f 1315/3197/3660 349/1180/3660 1273/1181/3660
f 869/569/3661 2172/3198/3661 868/869/3661 418/570/3661
f 870/868/3662 2172/3198/3662 869/569/3662 420/572/3662
f 456/871/3663 868/869/3663 2172/3198/3663 870/868/3663
f 872/2973/3664 2173/3199/3664 871/3012/3664 421/866/3664
f 873/3011/3665 2173/3199/3665 872/2973/3665 424/783/3665
f 430/841/3666 871/3012/3666 2173/3199/3666 873/3011/3666
f 429/822/3667 825/819/3667 826/1339/3667 827/835/3667
f 1247/2221/3668 1249/655/3668 1292/590/3668
f 541/1206/3669 1285/2982/3669 544/1221/3669
f 828/823/3670 829/1340/3670 826/1339/3670 455/818/3670
f 830/827/3671 831/1341/3671 832/2276/3671 442/1344/3671
f 835/832/3672 836/828/3672 837/1343/3672 429/822/3672
f 839/839/3673 874/831/3673 443/829/3673 441/837/3673
f 430/841/3674 841/838/3674 2174/3200/3674 840/842/3674
f 2174/3200/3675 841/838/3675 441/837/3675 831/1341/3675
f 2174/3200/3676 831/1341/3676 432/826/3676 840/842/3676
f 1686/3201/3677 579/3202/3677 1966/2083/3677 624/2082/3677
f 1322/1197/3678 1227/1312/3678 1241/2326/3678
f 1311/2796/3679 1320/2808/3679 1328/1337/3679
f 1210/628/3680 1328/1337/3680 1320/2808/3680
f 699/1472/3681 1790/1397/3681 1729/1411/3681 591/1475/3681
f 591/1475/3682 1729/1411/3682 1799/1410/3682 1873/1426/3682
f 1864/1870/3683 1786/1394/3683 1805/1407/3683 670/1409/3683
f 607/1843/3684 601/1845/3684 1794/1851/3684 1818/1862/3684
f 594/1846/3685 1785/1418/3685 1880/1417/3685 1884/1884/3685
f 1586/1432/3686 1587/2846/3686 2175/3203/3686 1588/3204/3686
f 1574/2166/3687 2175/3205/3687 1587/3206/3687 656/1750/3687
f 2175/3205/3688 1574/2166/3688 657/2365/3688 1588/2367/3688
f 1871/1406/3689 1882/1434/3689 1872/3207/3689 1788/3208/3689
f 1845/3209/3690 602/1444/3690 1834/1443/3690 1696/1761/3690
f 1585/1433/3691 1700/1467/3691 1570/1466/3691 655/1431/3691
f 1710/1476/3692 1714/1479/3692 1783/1415/3692 654/1416/3692
f 1716/1420/3693 1808/1421/3693 1809/1869/3693 1860/1868/3693
f 583/2138/3694 1905/2832/3694 1894/3210/3694 1931/2836/3694
f 1937/3211/3695 1958/3212/3695 1951/3213/3695
f 1976/2928/3696 774/2927/3696 780/3214/3696
f 1971/1504/3697 1965/2428/3697 1933/1505/3697
f 623/1493/3698 1952/2092/3698 1947/3215/3698
f 1997/2128/3699 1990/2426/3699 625/2917/3699
f 777/3216/3700 1936/1508/3700 774/2821/3700
f 1944/2339/3701 1954/3217/3701 1933/2337/3701
f 773/3218/3702 754/1535/3702 1932/1488/3702
f 1919/2341/3703 576/1565/3703 1955/1485/3703
f 1935/3219/3704 775/1538/3704 1929/1546/3704
f 783/1548/3705 1964/3220/3705 1472/1549/3705
f 1915/2814/3706 578/2828/3706 1894/2813/3706
f 2002/1590/3707 1913/1589/3707 1916/2649/3707
f 1920/2345/3708 1894/3210/3708 1905/2832/3708
f 1960/3221/3709 1952/2092/3709 1965/2925/3709
f 2005/2180/3710 762/2189/3710 1989/2916/3710
f 1935/3219/3711 1933/3222/3711 775/1538/3711
f 1920/2345/3712 1905/2832/3712 1917/2137/3712
f 1912/2342/3713 1922/2348/3713 1901/3223/3713
f 1928/2971/3714 1916/2649/3714 1913/1589/3714
f 1928/2347/3715 630/1569/3715 1916/1568/3715
f 1605/3224/3716 2176/3225/3716 1606/3226/3716 615/1806/3716
f 576/1565/3717 631/1572/3717 628/1574/3717
f 1919/2341/3718 1926/2839/3718 576/1565/3718
f 1928/2347/3719 1984/2184/3719 1995/2346/3719
f 1984/2184/3720 1906/1576/3720 1995/2346/3720
f 1890/2827/3721 1904/2835/3721 660/2962/3721
f 1528/1563/3722 1895/2662/3722 1527/1570/3722
f 757/1552/3723 632/1551/3723 2011/3227/3723
f 629/1596/3724 1907/3228/3724 1939/1597/3724
f 1960/3221/3725 1951/3229/3725 1947/3215/3725
f 1607/2595/3726 2176/3225/3726 1605/3224/3726 1680/2101/3726
f 651/3230/3727 1606/3231/3727 2176/3232/3727 1607/3233/3727
f 694/2610/3728 1608/2405/3728 2177/3234/3728 1483/3235/3728
f 1487/3236/3729 2177/3237/3729 1608/3238/3729 1496/3239/3729
f 1483/3240/3730 2177/3237/3730 1487/3236/3730 636/3241/3730
f 1840/3242/3731 2178/3243/3731 1821/3244/3731 669/3245/3731
f 619/3246/3732 1705/3247/3732 2178/3243/3732 1840/3242/3732
f 1821/3244/3733 2178/3243/3733 1705/3247/3733 709/3248/3733
f 765/2195/3734 1733/3249/3734 2179/3250/3734 2023/2201/3734
f 1734/3251/3735 2179/3250/3735 1733/3249/3735 709/3248/3735
f 2023/2201/3736 2179/3250/3736 1734/3251/3736 764/3252/3736
f 709/3253/3737 1476/2843/3737 2180/2842/3737 1498/2844/3737
f 2029/1915/3738 1637/1648/3738 1772/1646/3738 559/2628/3738
f 1739/2584/3739 691/1768/3739 1737/1781/3739 1504/2591/3739
f 1753/2553/3740 1586/1432/3740 1588/3204/3740 1584/2812/3740
f 2181/2845/3741 1586/1432/3741 655/1431/3741 1754/2376/3741
f 656/1750/3742 1587/3206/3742 2181/3254/3742 1754/1748/3742
f 1476/2843/3743 2182/3255/3743 1743/2433/3743 691/1768/3743
f 1730/3256/3744 2182/3255/3744 1476/2843/3744 709/3253/3744
f 2182/3255/3745 1730/3256/3745 700/3257/3745 1743/2433/3745
f 1720/780/3746 1699/1442/3746 1723/779/3746 673/778/3746
f 1596/1682/3747 1590/1782/3747 1753/2553/3747 658/1762/3747
f 722/2841/3748 682/1626/3748 1611/1625/3748
f 1532/1707/3749 1756/1706/3749 1720/1236/3749 766/820/3749
f 1536/2171/3750 1537/1710/3750 1757/2170/3750 676/2176/3750
f 1539/1713/3751 1758/1712/3751 1531/2169/3751 662/1705/3751
f 431/1342/3752 1542/1715/3752 1755/1704/3752 766/820/3752
f 664/1714/3753 1544/1720/3753 1760/1719/3753 1758/1712/3753
f 1567/1749/3754 1754/1748/3754 1571/3258/3754 698/1708/3754
f 653/1465/3755 1720/780/3755 2183/3259/3755 1569/2165/3755
f 1569/2165/3756 2183/3259/3756 1756/3260/3756 698/2450/3756
f 657/2365/3757 1575/2451/3757 2184/3261/3757 1584/2366/3757
f 663/1718/3758 1759/1717/3758 2184/3261/3758 1575/2451/3758
f 2184/3261/3759 1759/1717/3759 1572/2373/3759 1584/2366/3759
f 1573/1752/3760 1568/1751/3760 1760/1719/3760 663/1718/3760
f 2185/3262/3761 1681/2600/3761 765/3263/3761 1732/1766/3761
f 763/890/3762 2025/924/3762 2185/3262/3762 1732/1766/3762
f 1681/2600/3763 2185/3262/3763 2025/924/3763 1743/2433/3763
f 1708/3264/3764 2186/3265/3764 1609/3266/3764 667/3267/3764
f 1745/3268/3765 2186/3265/3765 1708/3264/3765 706/3269/3765
f 703/3270/3766 1609/3271/3766 2186/3272/3766 1745/3273/3766
f 635/1795/3767 1492/1758/3767 1846/1757/3767 1486/1760/3767
f 619/3274/3768 1488/3275/3768 2187/3276/3768 1497/3277/3768
f 651/3230/3769 1598/3278/3769 2187/3276/3769 1488/3275/3769
f 1497/3277/3770 2187/3276/3770 1598/3278/3770 650/3279/3770
f 701/1793/3771 1737/1781/3771 2028/2432/3771 1350/948/3771
f 1502/3280/3772 2188/3281/3772 1708/3264/3772 667/3267/3772
f 636/3282/3773 1478/3283/3773 2188/3284/3773 1502/3285/3773
f 706/2607/3774 1708/3286/3774 2188/3284/3774 1478/3283/3774
f 1347/888/3775 1732/1766/3775 2021/2200/3775 768/2199/3775
f 636/3282/3776 1490/2377/3776 2189/2379/3776 1478/3283/3776
f 706/2607/3777 1478/3283/3777 2189/2379/3777 1697/2378/3777
f 1487/3287/3778 1496/2383/3778 1490/2377/3778 636/3282/3778
f 1828/3288/3779 2190/3289/3779 1721/3290/3779 703/3270/3779
f 702/3291/3780 1856/3292/3780 2190/3293/3780 1828/3294/3780
f 1721/3295/3781 2190/3293/3781 1856/3292/3781 669/3296/3781
f 2191/3297/3782 1876/1804/3782 615/1806/3782 1744/3298/3782
f 702/3291/3783 1489/3299/3783 2191/3300/3783 1744/3301/3783
f 1876/1804/3784 2191/3297/3784 1489/3302/3784 704/2384/3784
f 1722/1448/3785 1711/1776/3785 1583/1775/3785 674/1446/3785
f 1807/1780/3786 1713/1779/3786 1826/2401/3786 1829/1891/3786
f 1803/1783/3787 1717/1759/3787 608/1786/3787 1810/1784/3787
f 1744/3301/3788 2192/3303/3788 1481/3304/3788 702/3291/3788
f 615/1806/3789 1606/3226/3789 2192/3305/3789 1744/3298/3789
f 1481/3304/3790 2192/3303/3790 1606/3231/3790 651/3230/3790
f 2193/2386/3791 1822/2385/3791 649/3306/3791 1680/2101/3791
f 980/910/3792 1346/909/3792 2193/2386/3792 1680/2101/3792
f 667/3307/3793 1806/3308/3793 2194/3309/3793 1502/3310/3793
f 637/3311/3794 1479/3312/3794 2194/3313/3794 1806/3314/3794
f 1502/3285/3795 2194/3313/3795 1479/3312/3795 636/3282/3795
f 666/2333/3796 1710/1476/3796 1703/1789/3796 1715/1788/3796
f 669/3296/3797 1856/3292/3797 2195/3315/3797 1840/3316/3797
f 1740/3317/3798 2195/3315/3798 1856/3292/3798 702/3291/3798
f 1840/3316/3799 2195/3315/3799 1740/3317/3799 619/3274/3799
f 704/2384/3800 1489/3302/3800 2196/3318/3800 1692/3319/3800
f 1751/3320/3801 2196/3321/3801 1489/3299/3801 702/3291/3801
f 1692/3322/3802 2196/3323/3802 1751/3324/3802 616/3325/3802
f 1751/3324/3803 2197/3326/3803 1825/3327/3803 616/3325/3803
f 1828/3294/3804 2197/3328/3804 1751/3320/3804 702/3291/3804
f 703/3270/3805 1825/3327/3805 2197/3326/3805 1828/3288/3805
f 2198/3329/3806 1680/3330/3806 649/3331/3806 1599/3332/3806
f 1607/3233/3807 2198/3329/3807 1599/3332/3807 651/3230/3807
f 1821/3244/3808 2199/3333/3808 1604/3334/3808 669/3245/3808
f 1603/3335/3809 2199/3333/3809 1821/3244/3809 709/3248/3809
f 705/3336/3810 1604/3334/3810 2199/3333/3810 1603/3335/3810
f 2200/3337/3811 1819/1800/3811 704/2384/3811 1692/3319/3811
f 616/2381/3812 1499/2380/3812 2200/3338/3812 1692/3339/3812
f 1696/1761/3813 1701/1807/3813 2201/3340/3813 1486/1760/3813
f 1494/2848/3814 2201/3340/3814 1701/1807/3814 701/1793/3814
f 1486/1760/3815 2201/3340/3815 1494/2848/3815 635/1795/3815
f 1681/2600/3816 2202/2599/3816 1475/3341/3816 765/3263/3816
f 2202/2599/3817 1743/2433/3817 700/3257/3817 1475/3341/3817
f 667/3267/3818 1609/3266/3818 2203/3342/3818 1602/3343/3818
f 703/3344/3819 1721/3345/3819 2203/3346/3819 1609/3347/3819
f 1602/3343/3820 2203/3342/3820 1721/3348/3820 669/3245/3820
f 1602/3343/3821 2204/3349/3821 1731/3350/3821 667/3267/3821
f 669/3245/3822 1604/3334/3822 2204/3349/3822 1602/3343/3822
f 1731/3351/3823 2204/3352/3823 1604/3353/3823 705/1769/3823
f 2205/2601/3824 614/1753/3824 1680/2101/3824 1605/3224/3824
f 615/1806/3825 1823/1805/3825 2205/2601/3825 1605/3224/3825
f 709/3248/3826 1589/3354/3826 2206/3355/3826 1734/3251/3826
f 650/3356/3827 2020/3357/3827 2206/3355/3827 1589/3354/3827
f 1734/3251/3828 2206/3355/3828 2020/3357/3828 764/3252/3828
f 619/3274/3829 1740/3317/3829 2207/3358/3829 1488/3275/3829
f 1481/3304/3830 2207/3358/3830 1740/3317/3830 702/3291/3830
f 651/3230/3831 1488/3275/3831 2207/3358/3831 1481/3304/3831
f 667/3307/3832 1682/2850/3832 2208/2849/3832 1806/3308/3832
f 637/2592/3833 1806/3308/3833 2208/2849/3833 1504/2591/3833
f 1750/3359/3834 2209/3360/3834 1599/3332/3834 649/3331/3834
f 650/3279/3835 1598/3278/3835 2209/3360/3835 1750/3359/3835
f 1599/3332/3836 2209/3360/3836 1598/3278/3836 651/3230/3836
f 1846/1798/3837 1847/1797/3837 1713/2390/3837 1696/3361/3837
f 1731/3351/3838 2210/3362/3838 1682/2850/3838 667/3307/3838
f 1739/2584/3839 2210/3362/3839 1731/3351/3839 705/1769/3839
f 1504/2591/3840 1682/2850/3840 2210/3362/3840 1739/2584/3840
f 1745/3273/3841 2211/3363/3841 1825/3327/3841 703/3270/3841
f 706/2593/3842 1600/2382/3842 2211/3364/3842 1745/3365/3842
f 616/2381/3843 1825/3366/3843 2211/3364/3843 1600/2382/3843
f 709/3248/3844 1705/3247/3844 2212/3367/3844 1589/3354/3844
f 1497/3368/3845 2212/3367/3845 1705/3247/3845 619/3246/3845
f 650/3356/3846 1589/3354/3846 2212/3367/3846 1497/3368/3846
f 1113/939/3847 1724/1809/3847 1804/1904/3847 565/1241/3847
f 590/1480/3848 1714/1479/3848 1712/1813/3848 1798/1399/3848
f 1484/1794/3849 1717/1759/3849 1492/1758/3849 635/1795/3849
f 1475/3341/3850 2213/3369/3850 1733/3370/3850 765/3263/3850
f 700/3257/3851 1730/3256/3851 2213/3369/3851 1475/3341/3851
f 1733/3370/3852 2213/3369/3852 1730/3256/3852 709/3253/3852
f 1812/1453/3853 1781/1484/3853 1813/1829/3853 672/1899/3853
f 1836/1834/3854 604/1833/3854 1841/2400/3854 1795/1826/3854
f 1841/2400/3855 604/1833/3855 1837/1866/3855 1719/1827/3855
f 1820/1839/3856 1844/1838/3856 1803/1840/3856 564/3371/3856
f 603/1874/3857 599/1401/3857 1787/1867/3857 1837/1866/3857
f 594/1846/3858 1870/1404/3858 1782/1880/3858 693/1848/3858
f 1881/1881/3859 1830/1831/3859 1777/1830/3859 1857/1882/3859
f 1882/1434/3860 1874/1885/3860 1827/3372/3860 1872/3207/3860
f 1830/1831/3861 613/1883/3861 1800/1419/3861 1888/1894/3861
f 692/1393/3862 1868/3373/3862 1887/1897/3862 1718/1391/3862
f 1853/1902/3863 1875/1832/3863 1830/1831/3863 1888/1894/3863
f 1850/1895/3864 1791/1890/3864 1851/1856/3864 1843/1841/3864
f 1839/1853/3865 1843/1841/3865 1878/1842/3865 1877/1889/3865
f 1883/1858/3866 1805/1407/3866 1871/1406/3866 1788/3208/3866
f 1814/1392/3867 1777/1830/3867 1875/1832/3867 692/1393/3867
f 1835/1898/3868 1719/1827/3868 1831/1822/3868 600/1445/3868
f 1862/1382/3869 1817/991/3869 565/1241/3869 1804/1904/3869
f 1816/1886/3870 595/1871/3870 672/1899/3870 593/1865/3870
f 764/2203/3871 2020/3374/3871 2214/3375/3871 2022/3376/3871
f 1750/3359/3872 2214/3375/3872 2020/3374/3872 650/3279/3872
f 649/3331/3873 2022/3376/3873 2214/3375/3873 1750/3359/3873
f 1501/1745/3874 1491/2558/3874 710/2331/3874 1555/1735/3874
f 636/3282/3875 1480/3377/3875 2215/3378/3875 1483/3235/3875
f 659/1905/3876 1495/2577/3876 2215/3378/3876 1480/3377/3876
f 1483/3235/3877 2215/3378/3877 1495/2577/3877 694/2610/3877
f 709/3253/3878 1498/2844/3878 2216/3379/3878 1603/3380/3878
f 691/1768/3879 1477/1767/3879 2216/3379/3879 1498/2844/3879
f 1603/3380/3880 2216/3379/3880 1477/1767/3880 705/1769/3880
f 2022/3376/3881 2217/3381/3881 2024/2192/3881 764/2203/3881
f 2026/3382/3882 2217/3381/3882 2022/3376/3882 649/3331/3882
f 769/2206/3883 2024/2205/3883 2217/3383/3883 2026/3384/3883
f 2074/2940/3884 2047/2851/3884 2058/2947/3884 727/3385/3884
f 2081/2891/3885 723/2105/3885 1614/2852/3885
f 2122/3386/3886 2132/2038/3886 2043/2024/3886 2101/3387/3886
f 1773/3388/3887 2049/2613/3887 549/2612/3887
f 2042/3389/3888 2060/2049/3888 718/2907/3888
f 718/2907/3889 770/2036/3889 2042/3389/3889
f 2075/2929/3890 2057/2110/3890 1633/2112/3890
f 2051/2853/3891 2066/2639/3891 726/2936/3891
f 2051/3390/3892 1773/3391/3892 549/3392/3892
f 2071/2107/3893 2114/1976/3893 2056/1947/3893
f 2067/2932/3894 771/1916/3894 2061/2854/3894
f 727/3393/3895 730/2897/3895 2078/2896/3895
f 2032/2906/3896 2084/2864/3896 2080/2858/3896
f 2080/3394/3897 2040/3395/3897 2032/3396/3897
f 717/2900/3898 2069/2859/3898 2080/2858/3898
f 717/2900/3899 2099/2939/3899 732/3397/3899
f 2079/2863/3900 2123/2420/3900 2037/2861/3900
f 732/2407/3901 2068/1977/3901 2114/1976/3901
f 2126/1980/3902 2124/2885/3902 2052/2022/3902
f 550/2855/3903 2093/1925/3903 2045/2421/3903
f 2087/1919/3904 2039/1918/3904 2046/2948/3904
f 728/3398/3905 2085/2406/3905 2087/1919/3905
f 2037/2861/3906 2086/2419/3906 550/2855/3906
f 2087/1919/3907 2125/2019/3907 2124/2884/3907
f 750/1954/3908 2088/1956/3908 2110/3399/3908
f 1636/2102/3909 556/1639/3909 1637/1648/3909 2029/1915/3909
f 732/3397/3910 2099/2939/3910 2096/2941/3910
f 2102/1921/3911 2098/1926/3911 2094/1928/3911
f 735/2879/3912 2100/3400/3912 2115/1944/3912
f 739/3401/3913 744/2006/3913 2120/2005/3913
f 2117/2410/3914 719/2035/3914 2133/1923/3914
f 2101/3402/3915 751/1940/3915 2122/1939/3915
f 2131/1953/3916 2103/1987/3916 2089/1920/3916
f 733/1983/3917 2122/1939/3917 2109/2039/3917
f 2119/1982/3918 2127/2002/3918 737/2025/3918
f 2085/2406/3919 2129/2020/3919 2125/2019/3919
f 2127/2002/3920 745/3403/3920 2043/2024/3920
f 2129/1978/3921 2085/3404/3921 728/1963/3921
f 734/1931/3922 2103/1987/3922 2104/1929/3922
f 731/1924/3923 2133/1923/3923 719/2035/3923
f 2031/2103/3924 723/2105/3924 2081/2891/3924
f 1986/2156/3925 1978/2187/3925 755/2188/3925 1982/2149/3925
f 2074/2940/3926 2072/2629/3926 716/2630/3926
f 713/3405/3927 725/2937/3927 2044/2938/3927
f 2031/2103/3928 2070/2890/3928 2036/2933/3928
f 730/3406/3929 2058/2947/3929 714/2111/3929
f 1634/2120/3930 726/2936/3930 2066/2639/3930
f 1636/2102/3931 2059/1914/3931 2077/2645/3931
f 2065/2892/3932 550/2855/3932 718/2907/3932
f 2055/2908/3933 2060/2049/3933 2070/2046/3933
f 1614/2852/3934 2039/1918/3934 2079/2867/3934
f 1614/2852/3935 2079/2867/3935 2081/2891/3935
f 2057/2110/3936 2075/2929/3936 2076/3407/3936
f 2006/2147/3937 2016/2058/3937 1994/2057/3937
f 2013/3408/3938 2000/2069/3938 758/2960/3938
f 632/1551/3939 1938/1550/3939 1963/1512/3939
f 629/1596/3940 1996/2158/3940 1907/3228/3940
f 757/2072/3941 2004/2186/3941 1986/2156/3941
f 1508/2179/3942 2018/1580/3942 761/1581/3942
f 1961/2823/3943 1940/3409/3943 778/3410/3943 1946/2824/3943
f 1988/2053/3944 2004/2186/3944 757/2072/3944
f 758/3411/3945 1987/2090/3945 1997/2966/3945
f 1997/3412/3946 2013/3413/3946 758/3414/3946
f 1907/3415/3947 632/3416/3947 1943/3417/3947 1939/3418/3947
f 782/3419/3948 1944/3420/3948 1968/3421/3948
f 782/1521/3949 1954/2076/3949 1944/3422/3949
f 1951/3423/3950 1958/3424/3950 1947/3425/3950
f 1970/2087/3951 1950/1537/3951 1472/1539/3951 1964/3426/3951
f 629/1596/3952 1992/2159/3952 1996/2158/3952
f 2011/3427/3953 1907/3228/3953 1996/2158/3953
f 1960/3221/3954 1947/3215/3954 1952/2092/3954
f 627/1487/3955 1925/1486/3955 783/1548/3955
f 1971/1504/3956 1951/2074/3956 1960/3428/3956 1965/2428/3956
f 769/3169/3957 2026/3382/3957 2218/3429/3957 1334/3170/3957
f 1822/3430/3958 2218/3429/3958 2026/3382/3958 649/3331/3958
f 1346/3172/3959 1334/3170/3959 2218/3429/3959 1822/3430/3959
f 2048/2901/3960 2034/2104/3960 2031/2103/3960 2057/2902/3960
f 2039/1918/3961 2034/2104/3961 2046/2948/3961
f 2042/3389/3962 770/2036/3962 719/2035/3962
f 2067/2932/3963 2042/2931/3963 771/1916/3963
f 2037/2861/3964 550/2855/3964 2065/2892/3964
f 1632/3431/3965 1625/2943/3965 2067/2932/3965 2061/2854/3965
f 2072/2629/3966 726/2936/3966 2050/2119/3966
f 725/3432/3967 713/2644/3967 2077/2889/3967
f 2071/2899/3968 717/2900/3968 2114/3433/3968
f 2051/3390/3969 715/3434/3969 1773/3391/3969
f 1633/2112/3970 2058/2947/3970 2047/2851/3970
f 2042/3435/3971 2032/3436/3971 2044/3437/3971
f 2078/3438/3972 1625/2943/3972 715/3439/3972
f 1614/2852/3973 723/2105/3973 2034/2104/3973
f 2032/3440/3974 713/3405/3974 2044/2938/3974
f 725/2937/3975 2059/1914/3975 771/1916/3975
f 2096/2941/3976 2084/2864/3976 2117/2866/3976
f 718/2907/3977 2045/2421/3977 770/2036/3977
f 720/2641/3978 2030/2551/3978 2040/2942/3978
f 2050/2119/3979 726/2936/3979 1634/2120/3979
f 730/3441/3980 2060/2930/3980 1625/2943/3980
f 1632/3431/3981 715/3439/3981 1625/2943/3981
f 2036/2933/3982 2057/2902/3982 2031/2103/3982
f 636/3282/3983 1479/3312/3983 2219/3442/3983 1480/3377/3983
f 715/3443/3984 2049/2613/3984 1773/3388/3984
f 2061/2621/3985 2049/2895/3985 1632/2894/3985
f 727/3444/3986 2058/3445/3986 730/3446/3986
f 2042/3389/3987 719/2035/3987 2032/3447/3987
f 2072/2629/3988 2074/2940/3988 727/3385/3988
f 2048/1908/3989 2082/1910/3989 2046/2856/3989
f 2070/2046/3990 2065/2892/3990 2055/2908/3990
f 2072/2629/3991 727/3385/3991 724/2935/3991
f 2070/2046/3992 714/2048/3992 2036/3448/3992
f 724/2957/3993 727/3393/3993 2078/2896/3993
f 724/2957/3994 2078/2896/3994 2051/2958/3994
f 1993/2060/3995 625/2917/3995 1945/2059/3995
f 1998/2127/3996 2013/3449/3996 1997/2128/3996
f 759/2068/3997 758/2960/3997 2000/2069/3997
f 1500/2606/3998 2219/3450/3998 1479/3451/3998 637/2592/3998
f 659/1905/3999 1480/3377/3999 2219/3442/3999 1500/3452/3999
f 645/1692/4000 646/1690/4000 1892/1592/4000 644/2442/4000
f 1931/2836/4001 574/2838/4001 1904/2835/4001
f 1931/2836/4002 1904/2835/4002 583/2138/4002
f 1892/1592/4003 1684/1591/4003 1891/2654/4003
f 1898/2667/4004 1686/3453/4004 660/2668/4004
f 1931/2836/4005 1894/3210/4005 578/2837/4005
f 1904/3454/4006 1910/2647/4006 1908/2665/4006
f 2003/2151/4007 1921/1584/4007 580/2078/4007
f 1985/3455/4008 756/2967/4008 1983/2430/4008 753/2429/4008
f 1904/2835/4009 1908/3456/4009 660/2962/4009
f 757/2965/4010 1977/2445/4010 1934/1585/4010
f 757/2072/4011 1986/2156/4011 1977/2157/4011
f 632/3416/4012 1907/3415/4012 2011/3457/4012
f 759/2068/4013 2017/2145/4013 1987/2817/4013
f 759/2068/4014 1979/2070/4014 1918/2146/4014
f 2008/2066/4015 2010/2182/4015 1999/2440/4015
f 1959/1536/4016 1983/2430/4016 2001/1578/4016
f 1567/1749/4017 1533/2164/4017 1568/1751/4017 656/1750/4017
f 2010/2182/4018 1920/2826/4018 1999/2440/4018
f 1570/1466/4019 1569/2165/4019 1571/2375/4019 655/1431/4019
f 1574/2166/4020 1573/1752/4020 1575/2451/4020 657/2365/4020
f 662/1705/4021 1531/2169/4021 1530/2168/4021 1529/1703/4021
f 1988/2053/4022 757/2072/4022 1996/2054/4022
f 755/2964/4023 2017/2145/4023 2222/2185/4023
f 1958/1491/4024 623/1493/4024 1947/3215/4024
f 698/1708/4025 1532/1707/4025 2221/3458/4025 1533/2164/4025
f 1532/1707/4026 766/820/4026 1530/2168/4026 2221/3458/4026
f 2221/3458/4027 1530/2168/4027 661/1721/4027 1533/2164/4027
f 1536/2171/4028 1535/2175/4028 664/1714/4028 1534/2172/4028
f 1541/2174/4029 1540/2173/4029 1539/1713/4029 662/1705/4029
f 1543/1709/4030 1541/2174/4030 1542/1715/4030 431/1342/4030
f 663/1718/4031 1544/1720/4031 1535/2175/4031 1545/1716/4031
f 2012/2064/4032 2000/2183/4032 2013/2129/4032
f 1998/2127/4033 1993/2060/4033 2006/2147/4033
f 1998/2127/4034 2006/2147/4034 1989/2916/4034
f 2017/2145/4035 1918/2146/4035 2007/1588/4035
